name,family,type,s_start,s_end,length,betx_max,bety_max,dx_max,sigma_x_max,sigma_y_max,chamber_x,chamber_y,chamber_r,N_sigma_x,N_sigma_y,h,k1,k2,N_eps_x,N_eps_y,strength,variant
QFA_1RC,QFA,Quadrupole,0.0,0.3,0.3,5.651600768894295,1.110959478683177,0.2810614820533839,0.014496812927336894,0.0011506071639525608,0.04849043878201068,0.008451821491857683,0.04849043878201068,3.344903395322941,7.3455317823887185,0.0,2.9475157415453004,0.0,11.18837872404294,53.956837166082785,2.9475157415453004,QFA
Bend1_1R1,Bend1,Bend,0.7999999999999998,1.1999999999999997,0.4,3.2369793579420088,3.239113838790407,0.21037600785141713,0.010855993322003904,0.001964676589044177,0.03756797996601171,0.01089402976713253,0.03756797996601171,3.460575080666782,5.5449481242266545,0.15399963987745097,0.0,0.0,11.975579888931906,30.746449700364693,0.15399963987745097,Bend1
XD1arc_1R1,XD1arc,Sextupole,1.4000000000000026,1.5000000000000027,0.1,1.595875202453422,4.381754069349477,0.16129857357603794,0.008294769871410267,0.0022850829175609538,0.029884309614230803,0.011855248752682863,0.029884309614230803,3.6027894778893854,5.188104406004176,0.0,0.0,-122.79559505311173,12.98009202199047,26.916427327599944,-122.79559505311173,XD1arc
QDA_1R1,QDA,Quadrupole,1.7000000000000055,2.0000000000000053,0.3,1.1113778601803201,5.62194002776167,0.14291014303730898,0.00733419312846999,0.0025883384781533255,0.02700257938540997,0.012765015434459976,0.02700257938540997,3.681738251559114,4.931741169944395,0.0,-2.921746106485083,0.0,13.555196552993563,24.32207096732451,-2.921746106485083,QDA
Bend2_1R1,Bend2,Bend,2.5000000000000053,2.9000000000000052,0.4,3.2369792434929234,3.239113840279024,0.21037600006903268,0.010855992929355096,0.0019646765894956353,0.03756797878806529,0.010894029768486906,0.03756797878806529,3.4605750973252545,5.5449481236418565,0.15399963987745097,0.0,0.0,11.975580004227695,30.746449693879345,0.15399963987745097,Bend2
XF1arc_1R1,XF1arc,Sextupole,3.100000000000008,3.200000000000008,0.1,4.394278086129153,1.5983351909464618,0.24725023095932513,0.012754126388945365,0.0013801042558955453,0.04326237916683609,0.009140312767686636,0.04326237916683609,3.3920299868075436,6.622914702741436,0.0,0.0,85.10202118882829,11.505867431401585,43.862999159788686,85.10202118882829,XF1arc
QFA_1R1,QFA,Quadrupole,3.400000000000011,3.700000000000011,0.3,5.651600559995376,1.1109594803527105,0.2810614698345212,0.014496812312223948,0.0011506071648171186,0.04849043693667184,0.008451821494451357,0.04849043693667184,3.344903409957506,7.345531779123518,0.0,2.9475157415453004,0.0,11.188378821945353,53.95683711811351,2.9475157415453004,QFA
Bend1_1R2,Bend1,Bend,4.200000000000011,4.600000000000011,0.4,3.236979253077804,3.2391138042268683,0.2103759988048972,0.010855992867590378,0.0019646765785619616,0.037567978602771133,0.010894029735685885,0.037567978602771133,3.4605750999456775,5.544948137804815,0.15399963987745097,0.0,0.0,11.975580022364035,30.74644985094509,0.15399963987745097,Bend1
XD2arc_1R2,XD2arc,Sextupole,4.800000000000014,4.900000000000014,0.1,1.5958751744661588,4.381754019770106,0.1612985678285664,0.008294769583873802,0.002285082904633143,0.029884308751621406,0.011855248713899428,0.029884308751621406,3.6027894987849574,5.1881044183833325,0.0,0.0,-122.79559505311173,12.980092172555164,26.916427456048655,-122.79559505311173,XD2arc
QDA_1R2,QDA,Quadrupole,5.1000000000000165,5.400000000000016,0.3,1.1113778707918656,5.62193996233148,0.14291013901441518,0.007334192929762124,0.0025883384630913113,0.02700257878928637,0.012765015389273934,0.02700257878928637,3.681738270029688,4.93174118118555,0.0,-2.921746106485083,0.0,13.555196689001201,24.322071078201443,-2.921746106485083,QDA
Bend2_1R2,Bend2,Bend,5.900000000000016,6.300000000000017,0.4,3.236979367218447,3.239113802763288,0.21037599936261941,0.0108559929033072,0.001964676578118096,0.037567978709921596,0.010894029734354289,0.037567978709921596,3.4605750984303594,5.544948138379778,0.15399963987745097,0.0,0.0,11.975580011876291,30.746449857321362,0.15399963987745097,Bend2
XF2arc_1R2,XF2arc,Sextupole,6.5000000000000195,6.600000000000019,0.1,4.394278252725256,1.5983351765710396,0.2472502310005073,0.012754126401123668,0.0013801042496892184,0.043262379203371004,0.009140312749067656,0.043262379203371004,3.3920299864332133,6.6229147190336795,0.0,0.0,85.10202118882829,11.505867428862105,43.86299937559296,85.10202118882829,XF2arc
QFA_1R2,QFA,Quadrupole,6.800000000000022,7.100000000000022,0.3,5.65160076845913,1.1109594786959411,0.28106147072759385,0.014496812367530082,0.0011506071639591706,0.048490437102590246,0.008451821491877513,0.048490437102590246,3.344903408641681,7.345531782363756,0.0,2.9475157415453004,0.0,11.188378813142736,53.95683716571606,2.9475157415453004,QFA
Bend1_1R3,Bend1,Bend,7.600000000000022,8.000000000000021,0.4,3.2369793576557715,3.2391138387909386,0.21037600084565505,0.010855992975887527,0.001964676589044338,0.03756797892766258,0.010894029767133013,0.03756797892766258,3.460575095351075,5.544948124226446,0.15399963987745097,0.0,0.0,11.975579990564102,30.74644970036238,0.15399963987745097,Bend1
XD1arc_1R3,XD1arc,Sextupole,8.200000000000024,8.300000000000024,0.1,1.5958752023244152,4.3817540693617145,0.16129857089650856,0.008294769738567282,0.002285082917564145,0.029884309215701847,0.011855248752692435,0.029884309215701847,3.6027894875432223,5.188104406001121,0.0,0.0,-122.79559505311173,12.980092091551954,26.916427327568243,-122.79559505311173,XD1arc
QDA_1R3,QDA,Quadrupole,8.500000000000027,8.800000000000027,0.3,1.1113778600973911,5.621940027772076,0.14291014362294607,0.007334193156328963,0.0025883384781557207,0.02700257946898689,0.012765015434467161,0.02700257946898689,3.681738248969528,4.931741169942607,0.0,-2.921746106485083,0.0,13.555196533925205,24.32207096730688,-2.921746106485083,QDA
Bend2_1R3,Bend2,Bend,9.300000000000027,9.700000000000028,0.4,3.2369792435094626,3.2391138402783626,0.21037600869509188,0.010855993355497463,0.001964676589495435,0.03756798006649239,0.010894029768486305,0.03756798006649239,3.460575079245789,5.544948123642117,0.15399963987745097,0.0,0.0,11.975579879097,30.74644969388223,0.15399963987745097,Bend2
XF1arc_1R3,XF1arc,Sextupole,9.90000000000003,10.00000000000003,0.1,4.394278085989322,1.598335190940327,0.24725024191772,0.012754126930497833,0.0013801042558928968,0.04326238079149349,0.009140312767678689,0.04326238079149349,3.392029970161574,6.622914702748387,0.0,0.0,85.10202118882829,11.50586731847433,43.86299915988076,85.10202118882829,XF1arc
QFA_1R3,QFA,Quadrupole,10.200000000000033,10.500000000000034,0.3,5.651600559823503,1.1109594803483496,0.28106148308699813,0.01449681296722393,0.0011506071648148602,0.04849043890167179,0.00845182149444458,0.04849043890167179,3.344903394373962,7.345531779132047,0.0,2.9475157415453004,0.0,11.188378717694452,53.956837118238816,2.9475157415453004,QFA
Bend1_1R4,Bend1,Bend,11.000000000000034,11.400000000000034,0.4,3.2369792529703454,3.23911380422673,0.21037601001724726,0.010855993421490797,0.0019646765785619196,0.03756798026447239,0.010894029735685758,0.03756798026447239,3.4605750764459633,5.5449481378048695,0.15399963987745097,0.0,0.0,11.975579859718986,30.74644985094569,0.15399963987745097,Bend1
XD2arc_1R4,XD2arc,Sextupole,11.600000000000037,11.700000000000037,0.1,1.5958751744318564,4.381754019801186,0.16129857675009762,0.008294770026132988,0.0022850829046412472,0.029884310078398965,0.011855248713923742,0.029884310078398965,3.6027894666455262,5.1881044183755725,0.0,0.0,-122.79559505311173,12.980091940971956,26.916427455968137,-122.79559505311173,XD2arc
QDA_1R4,QDA,Quadrupole,11.90000000000004,12.20000000000004,0.3,1.111377870801308,5.6219399623578585,0.14291014671754487,0.007334193311180273,0.0025883384630973837,0.02700257993354082,0.012765015389292152,0.02700257993354082,3.681738234575571,4.931741181181018,0.0,-2.921746106485083,0.0,13.555196427935643,24.322071078156746,-2.921746106485083,QDA
Bend2_1R4,Bend2,Bend,12.70000000000004,13.10000000000004,0.4,3.2369793671870277,3.2391138027603126,0.2103760095219287,0.010855993405191153,0.0019646765781171937,0.037567980215573456,0.010894029734351583,0.037567980215573456,3.46057507713749,5.544948138380947,0.15399963987745097,0.0,0.0,11.975579864505146,30.746449857334333,0.15399963987745097,Bend2
XF2arc_1R4,XF2arc,Sextupole,13.300000000000043,13.400000000000043,0.1,4.3942782527504844,1.5983351765544598,0.24725024200474885,0.012754126944951915,0.0013801042496820602,0.04326238083485574,0.00914031274904618,0.04326238083485574,3.392029969717292,6.622914719052469,0.0,0.0,85.10202118882829,11.505867315460295,43.862999375841845,85.10202118882829,XF2arc
QFA_1R4,QFA,Quadrupole,13.600000000000046,13.900000000000047,0.3,5.651600768497547,1.1109594786832682,0.2810614823296379,0.014496812940969389,0.001150607163952608,0.04849043882290816,0.008451821491857824,0.04849043882290816,3.344903394998601,7.345531782388539,0.0,2.9475157415453004,0.0,11.188378721873166,53.95683716608015,2.9475157415453004,QFA
Bend1_1R5,Bend1,Bend,14.400000000000047,14.800000000000047,0.4,3.2369793576839347,3.239113838790526,0.2103760080549205,0.010855993332038835,0.001964676589044213,0.0375679799961165,0.010894029767132638,0.0375679799961165,3.4605750802410413,5.544948124226607,0.15399963987745097,0.0,0.0,11.97557988598529,30.746449700364174,0.15399963987745097,Bend1
XD1arc_1R5,XD1arc,Sextupole,15.00000000000005,15.10000000000005,0.1,1.595875202330502,4.381754069349587,0.16129857370883455,0.008294769877981818,0.0022850829175609824,0.029884309633945453,0.011855248752682946,0.029884309633945453,3.602789477411824,5.188104406004148,0.0,0.0,-122.79559505311173,12.980092018549364,26.91642732759965,-122.79559505311173,XD1arc
QDA_1R5,QDA,Quadrupole,15.300000000000052,15.600000000000053,0.3,1.111377860107624,5.621940027761767,0.1429101431350622,0.007334193133318042,0.0025883384781533476,0.027002579399954128,0.012765015434460042,0.027002579399954128,3.6817382511084715,4.931741169944378,0.0,-2.921746106485083,0.0,13.555196549675266,24.322070967324343,-2.921746106485083,QDA
Bend2_1R5,Bend2,Bend,16.10000000000005,16.50000000000005,0.4,3.2369792435766254,3.2391138402789847,0.2103760001062358,0.010855992931198977,0.0019646765894956236,0.03756797879359693,0.010894029768486871,0.03756797879359693,3.4605750972470264,5.5449481236418725,0.15399963987745097,0.0,0.0,11.975580003686266,30.746449693879523,0.15399963987745097,Bend2
XF1arc_1R5,XF1arc,Sextupole,16.700000000000056,16.800000000000058,0.1,4.39427808619956,1.5983351909463686,0.24725023098484752,0.012754126390210962,0.001380104255895505,0.04326237917063288,0.009140312767686516,0.04326237917063288,3.3920299867686423,6.622914702741543,0.0,0.0,85.10202118882829,11.505867431137675,43.8629991597901,85.10202118882829,XF1arc
QFA_1R5,QFA,Quadrupole,17.000000000000057,17.300000000000058,0.3,5.651600560060921,1.110959480352623,0.2810614698463467,0.014496812312811998,0.0011506071648170733,0.04849043693843599,0.00845182149445122,0.04849043693843599,3.3449034099435155,7.3455317791236885,0.0,2.9475157415453004,0.0,11.188378821851758,53.95683711811602,2.9475157415453004,QFA
Bend1_1R6,Bend1,Bend,17.800000000000058,18.200000000000056,0.4,3.2369792530477834,3.2391138042267387,0.2103759987847177,0.010855992866591328,0.0019646765785619226,0.03756797859977398,0.010894029735685769,0.03756797859977398,3.4605750999880627,5.544948137804866,0.15399963987745097,0.0,0.0,11.97558002265739,30.746449850945652,0.15399963987745097,Bend1
XD2arc_1R6,XD2arc,Sextupole,18.400000000000063,18.500000000000064,0.1,1.5958751744395523,4.381754019770001,0.16129856778502613,0.008294769581712913,0.0022850829046331153,0.029884308745138737,0.011855248713899345,0.029884308745138737,3.6027894989419917,5.188104418383359,0.0,0.0,-122.79559505311173,12.980092173686687,26.916427456048932,-122.79559505311173,XD2arc
QDA_1R6,QDA,Quadrupole,18.700000000000063,19.000000000000064,0.3,1.1113778708157855,5.62193996233138,0.14291013893957322,0.007334192926046991,0.0025883384630912883,0.02700257877814097,0.012765015389273864,0.02700257877814097,3.681738270375022,4.931741181185567,0.0,-2.921746106485083,0.0,13.55519669154406,24.32207107820161,-2.921746106485083,QDA
Bend2_1R6,Bend2,Bend,19.500000000000064,19.900000000000063,0.4,3.2369793672899845,3.239113802763328,0.21037599919913008,0.010855992895235683,0.0019646765781181083,0.03756797868570704,0.010894029734354325,0.03756797868570704,3.4605750987728006,5.544948138379762,0.15399963987745097,0.0,0.0,11.975580014246379,30.746449857321185,0.15399963987745097,Bend2
XF2arc_1R6,XF2arc,Sextupole,20.100000000000065,20.200000000000067,0.1,4.394278252783595,1.5983351765711336,0.2472502308058682,0.012754126391508205,0.001380104249689259,0.043262379174524614,0.009140312749067778,0.043262379174524614,3.3920299867287684,6.622914719033573,0.0,0.0,85.10202118882829,11.50586743086717,43.86299937559155,85.10202118882829,XF2arc
QFA_1R6,QFA,Quadrupole,20.40000000000007,20.70000000000007,0.3,5.65160076851909,1.1109594786960435,0.28106147050385943,0.014496812356475264,0.0011506071639592237,0.04849043706942579,0.008451821491877672,0.04849043706942579,3.344903408904693,7.3455317823635555,0.0,2.9475157415453004,0.0,11.188378814902237,53.95683716571311,2.9475157415453004,QFA
Bend1_1R7,Bend1,Bend,21.20000000000007,21.60000000000007,0.4,3.236979357668779,3.2391138387910607,0.21037600067430406,0.010855992967423444,0.001964676589044375,0.03756797890227033,0.010894029767133126,0.03756797890227033,3.4605750957101713,5.544948124226398,0.15399963987745097,0.0,0.0,11.975579993049461,30.746449700361847,0.15399963987745097,Bend1
XD1arc_1R7,XD1arc,Sextupole,21.80000000000007,21.900000000000073,0.1,1.5958752023592486,4.381754069361817,0.16129857077977983,0.008294769732784011,0.0022850829175641713,0.029884309198352034,0.011855248752692515,0.029884309198352034,3.6027894879634985,5.188104406001095,0.0,0.0,-122.79559505311173,12.980092094580288,26.916427327567973,-122.79559505311173,XD1arc
QDA_1R7,QDA,Quadrupole,22.100000000000076,22.400000000000077,0.3,1.1113778601041608,5.621940027772153,0.14291014354991574,0.007334193152699518,0.0025883384781557385,0.027002579458098554,0.012765015434467217,0.027002579458098554,3.681738249306897,4.931741169942595,0.0,-2.921746106485083,0.0,13.555196536409415,24.322070967306754,-2.921746106485083,QDA
Bend2_1R7,Bend2,Bend,22.900000000000077,23.300000000000075,0.4,3.236979243465949,3.2391138402783124,0.21037600864302466,0.010855993352922144,0.0019646765894954193,0.03756798005876643,0.010894029768486257,0.03756798005876643,3.4605750793550487,5.544948123642136,0.15399963987745097,0.0,0.0,11.975579879853202,30.746449693882447,0.15399963987745097,Bend2
XF1arc_1R7,XF1arc,Sextupole,23.500000000000078,23.60000000000008,0.1,4.394278086103271,1.5983351909402326,0.24725024187344025,0.012754126928316477,0.001380104255892856,0.04326238078494943,0.009140312767678568,0.04326238078494943,3.3920299702286236,6.622914702748496,0.0,0.0,85.10202118882829,11.505867318929198,43.86299915988219,85.10202118882829,XF1arc
QFA_M1R7,QFA,Quadrupole,23.800000000000082,24.100000000000083,0.3,5.624729753817829,1.1353066308033737,0.2803925463131453,0.014462309971720043,0.001163146857163399,0.04838692991516012,0.008489440571490196,0.04838692991516012,3.345726236664621,7.29868332550341,0.0,3.1958966839546084,0.0,11.193884050706009,53.27077828598151,3.1958966839546084,QFA_M
Bend1_1R8,Bend1,Bend,24.600000000000083,25.00000000000008,0.4,2.860569626581059,3.4856186472710635,0.19747280753152918,0.010190798632598745,0.0020380643837342484,0.03557239589779623,0.011114193151202746,0.03557239589779623,3.4906386810554566,5.453308168233007,0.15399963987745097,0.0,0.0,12.184558401680578,29.738569977716832,0.15399963987745097,Bend1
XD2arc_1R8,XD2arc,Sextupole,25.200000000000088,25.30000000000009,0.1,1.155981852117443,4.728943301971647,0.13655716790222358,0.007023786533334551,0.0023738868673853983,0.026071359600003653,0.012121660602156196,0.026071359600003653,3.7118667368762197,5.106250330921206,0.0,0.0,-122.79559505311173,13.777954672328116,26.07379244203293,-122.79559505311173,XD2arc
QDA_M1R8,QDA,Quadrupole,25.50000000000009,25.80000000000009,0.3,0.7744222074208291,6.119116202985404,0.11224713852150622,0.005768009027619814,0.002700364031848913,0.022304027082859442,0.013101092095546739,0.022304027082859442,3.8668502382811396,4.851602206601955,0.0,-2.625413582289072,0.0,14.952530765294906,23.53804397110496,-2.625413582289072,QDA_M
Bend2_1R8,Bend2,Bend,26.30000000000009,26.700000000000088,0.4,3.181690926349156,4.01334505958085,0.11382971735146508,0.006162194370431663,0.0021869115331427436,0.02348658311129499,0.011560734599428232,0.02348658311129499,3.811399267765997,5.2863293389900665,0.15399963987745097,0.0,0.0,14.52676437832718,27.945277880267152,0.15399963987745097,Bend2
XF2arc_1R,XF2arc,Sextupole,26.90000000000009,27.000000000000092,0.1,4.599498719168022,2.3848627682114034,0.13265588044411636,0.00721138737667508,0.0016858140193689432,0.02663416213002524,0.01005744205810683,0.02663416213002524,3.693347859272168,5.965926218760281,0.0,0.0,85.10202118882829,13.640818409590304,35.59227564769134,85.10202118882829,XF2arc
QFDS_1R,QFDS,Quadrupole,27.200000000000095,27.500000000000096,0.3,6.343482514599217,1.8124352477650338,0.15058138703483598,0.00822444027014194,0.0014696340790570513,0.02967332081042582,0.009408902237171154,0.02967332081042582,3.607944107534227,6.402207441466047,0.0,2.469686301529578,0.0,13.017260683090951,40.98826012356322,2.469686301529578,QFDS
QDDoubDS_1R,QDDoubDS,Quadrupole,29.465000000000092,29.765000000000093,0.3,3.1676032552078537,7.6750931823157895,0.05370261216704464,0.0033346373818962226,0.003024264647912682,0.015003912145688667,0.014072793943738046,0.015003912145688667,4.499413407630181,4.653294463978525,0.0,-4.233400788590357,0.0,20.244721012762234,21.653149368493185,-4.233400788590357,QDDoubDS
QDDS_1R,QDDS,Quadrupole,29.850000000000087,30.150000000000087,0.3,4.392000612289222,5.06573198879505,0.0507731145404557,0.0036282741207076443,0.002456965559783102,0.015884822362122932,0.012370896679349305,0.015884822362122932,4.378065668044073,5.035030560396375,0.0,5.281303940898764,0.0,19.167458993706195,25.35153274412544,5.281303940898764,QDDS
BendDS_1R,BendDS,Bend,30.650000000000087,31.050000000000086,0.4,1.7967179014058947,6.929814586305426,0.0123160729964767,0.001782437619883919,0.0028736824240989836,0.010347312859651757,0.01362104727229695,0.01362104727229695,5.805147256892853,4.739927821553803,0.15399963987745097,0.0,0.0,33.69973467421061,22.466915753539784,0.15399963987745097,BendDS
QDDoub_1R,QDDoub,Quadrupole,31.750000000000085,32.05000000000008,0.3,1.6002281401288205,10.179512043939209,2.670242111161055e-09,0.0015764639210951294,0.003482903523345193,0.009729391763285388,0.015448710570035579,0.015448710570035579,6.171655204469651,4.435583835867408,0.0,-3.3072351028470384,0.0,38.08932796285733,19.674403965008224,-3.3072351028470384,QDDoub
QFDoub_1R,QFDoub,Quadrupole,32.30000000000008,32.60000000000008,0.3,4.8298114571732205,5.507689276069982,3.366714919788208e-09,0.002738786465596789,0.002561902985773229,0.013216359396790368,0.012685708957319687,0.013216359396790368,4.825626080312357,4.951674215521049,0.0,3.171856834215951,0.0,23.286667066990805,24.519077536655992,3.171856834215951,QFDoub
QFTrip_1R1,QFTrip,Quadrupole,35.10000000000008,35.40000000000008,0.3,10.046971706411686,4.1278865882388525,4.342627188418361e-10,0.003950123499582475,0.0022178993964771373,0.016850370498747425,0.011653698189431412,0.016850370498747425,4.26578320919042,5.254385391845045,0.0,1.807181921990719,0.0,18.196906387810923,27.60856584603461,1.807181921990719,QFTrip
QDTripC_2L2,QDTripC,Quadrupole,35.800000000000075,36.10000000000007,0.3,6.421853274711637,6.9177958361282235,9.228832750065379e-10,0.003158081064342773,0.0028711893516637477,0.01447424319302832,0.013613568054991244,0.01447424319302832,4.583239916306756,4.741438612226214,0.0,-3.286517995497328,0.0,21.006088130427557,22.48124011350965,-3.286517995497328,QDTripC
QFTrip_2L1,QFTrip,Quadrupole,36.50000000000007,36.80000000000007,0.3,10.046971636739697,4.127886579587622,2.1327137586829783e-09,0.003950123485886162,0.002217899394152999,0.016850370457658487,0.011653698182458996,0.016850370457658487,4.2657832135792875,5.254385394207417,0.0,1.807181921990719,0.0,18.196906425254834,27.608565870860232,1.807181921990719,QFTrip
QFDoub_2L,QFDoub,Quadrupole,39.30000000000007,39.600000000000065,0.3,4.829811318721325,5.50768922427298,4.39154146290471e-09,0.0027387864263416187,0.002561902973726535,0.013216359279024856,0.012685708921179605,0.013216359279024856,4.8256261064791515,4.951674224698298,0.0,3.171856834215951,0.0,23.286667319533134,24.51907762754149,3.171856834215951,QFDoub
QDDoub_2L,QDDoub,Quadrupole,39.850000000000065,40.15000000000006,0.3,1.6002280856733238,10.179511954768781,3.212722212469673e-09,0.0015764638942717295,0.0034829035080904346,0.009729391682815188,0.015448710524271304,0.015448710524271304,6.171655258435096,4.435583842155117,0.0,-3.3072351028470384,0.0,38.08932862896957,19.674404020787545,-3.3072351028470384,QDDoub
BendDS_2L,BendDS,Bend,40.850000000000065,41.250000000000064,0.4,1.7967179574917933,6.929814533989564,0.012316078300961937,0.0017824377377542793,0.0028736824132517113,0.010347313213262838,0.013621047239755133,0.013621047239755133,5.8051470713920015,4.739927828121499,0.15399963987745097,0.0,0.0,33.69973252049113,22.466915815800593,0.15399963987745097,BendDS
QDDS_2L,QDDS,Quadrupole,41.750000000000064,42.05000000000006,0.3,4.392000706594329,5.065731972758138,0.05077311909384372,0.003628274313511011,0.0024569655558940155,0.015884822940533033,0.012370896667682048,0.015884822940533033,4.378065594814852,5.035030563617589,0.0,5.281303940898764,0.0,19.167458352501523,25.351532776563257,5.281303940898764,QDDS
QDDoubDS_2L,QDDoubDS,Quadrupole,42.135000000000055,42.43500000000005,0.3,3.1676033111218396,7.675093165377257,0.05370261392338746,0.003334637459780348,0.003024264644575484,0.015003912379341046,0.014072793933726454,0.015003912379341046,4.499413372609732,4.653294465802893,0.0,-4.233400788590357,0.0,20.244720697619282,21.65314938547183,-4.233400788590357,QDDoubDS
QFDS_2L,QFDS,Quadrupole,44.40000000000005,44.700000000000045,0.3,6.343482354912873,1.8124352661699734,0.1505813795576925,0.00822443990600273,0.0014696340865189806,0.029673319718008188,0.009408902259556942,0.029673319718008188,3.60794413445111,6.402207424191658,0.0,2.469686301529578,0.0,13.01726087732017,40.98825990237478,2.469686301529578,QFDS
XF2arc_2L,XF2arc,Sextupole,44.90000000000005,45.00000000000005,0.1,4.599498588458087,2.3848627933700497,0.13265587305929877,0.00721138701629267,0.0016858140282610269,0.026634161048878013,0.01005744208478308,0.026634161048878013,3.6933478939215876,5.965926203116049,0.0,0.0,85.10202118882829,13.640818665535026,35.592275461026674,85.10202118882829,XF2arc
Bend2_2L8,Bend2,Bend,45.20000000000005,45.60000000000005,0.4,3.181690826819623,4.013345098495297,0.11382971027975954,0.006162194024878272,0.002186911543745178,0.023486582074634818,0.011560734631235534,0.023486582074634818,3.8113993132663118,5.286329327905641,0.15399963987745097,0.0,0.0,14.526764725166913,27.945277763075303,0.15399963987745097,Bend2
QDA_M2L8,QDA,Quadrupole,46.10000000000005,46.40000000000005,0.3,0.7744221874607369,6.119116254046735,0.11224713201081798,0.005768008704717976,0.0027003640431155877,0.022304026114153927,0.013101092129346764,0.022304026114153927,3.866850286808725,4.851602198876553,0.0,-2.625413582289072,0.0,14.95253114059272,23.538043896143805,-2.625413582289072,QDA_M
XD2arc_2L8,XD2arc,Sextupole,46.60000000000005,46.70000000000005,0.1,1.1559818778414723,4.728943337113883,0.13655716025094283,0.00702378615695805,0.0023738868762059407,0.02607135847087415,0.012121660628617822,0.02607135847087415,3.7118667750223002,5.106250323095108,0.0,0.0,-122.79559505311173,13.777954955514451,26.073792362108897,-122.79559505311173,XD2arc
Bend1_2L8,Bend1,Bend,46.900000000000055,47.300000000000054,0.4,2.8605697247616733,3.4856186690551967,0.1974727975882452,0.010190798148896958,0.0020380643901029122,0.03557239444669087,0.011114193170308737,0.03557239444669087,3.4906387043434073,5.453308160566764,0.15399963987745097,0.0,0.0,12.184558564260222,29.738569894104064,0.15399963987745097,Bend1
QFA_M2L7,QFA,Quadrupole,47.800000000000054,48.10000000000005,0.3,5.624729950011008,1.1353066272067076,0.2803925343306462,0.01446230939002395,0.001163146855320967,0.04838692817007185,0.0084894405659629,0.04838692817007185,3.345726250570257,7.298683332312552,0.0,3.1958966839546084,0.0,11.193884143754909,53.270778385377064,3.1958966839546084,QFA_M
XF1arc_2L7,XF1arc,Sextupole,48.300000000000054,48.400000000000055,0.1,4.394278235855295,1.598335174560256,0.2472502320914269,0.01275412645400951,0.0013801042488210992,0.04326237936202853,0.009140312746463299,0.04326237936202853,3.3920299848076345,6.622914721312581,0.0,0.0,85.10202118882829,11.50586741783408,43.8629994057789,85.10202118882829,XF1arc
Bend2_2L7,Bend2,Bend,48.60000000000006,49.00000000000006,0.4,3.2369793481310163,3.23911380749746,0.21037600112267357,0.010855992988891384,0.0019646765795538466,0.03756797896667415,0.010894029738661541,0.03756797896667415,3.460575094799375,5.5449481365199755,0.15399963987745097,0.0,0.0,11.975579986745704,30.74644983669635,0.15399963987745097,Bend2
QDA_2L7,QDA,Quadrupole,49.50000000000006,49.800000000000054,0.3,1.1113778557103455,5.621939978424529,0.14291014386658396,0.007334193168099674,0.0025883384667959274,0.02700257950429902,0.012765015400387783,0.02700257950429902,3.6817382478754,4.931741178420703,0.0,-2.921746106485083,0.0,13.55519652586862,24.322071050930422,-2.921746106485083,QDA
XD1arc_2L7,XD1arc,Sextupole,50.00000000000006,50.10000000000006,0.1,1.5958751606420598,4.381754034719286,0.16129857453078816,0.008294769914825372,0.0022850829085311387,0.029884309744476117,0.011855248725593417,0.029884309744476117,3.602789474734365,5.188104414650768,0.0,0.0,-122.79559505311173,12.980091999256723,26.916427417318786,-122.79559505311173,XD1arc
Bend1_2L7,Bend1,Bend,50.30000000000006,50.70000000000006,0.4,3.236979246387447,3.239113817112891,0.21037600905453158,0.010855993373460224,0.0019646765824699545,0.03756798012038067,0.010894029747409863,0.03756798012038067,3.4605750784837026,5.544948132742587,0.15399963987745097,0.0,0.0,11.975579873822484,30.746449794805507,0.15399963987745097,Bend1
QFA_2L6,QFA,Quadrupole,51.20000000000006,51.50000000000006,0.3,5.651600571483364,1.110959484025075,0.28106148349102944,0.014496812987817584,0.00115060716671883,0.04849043896345275,0.00845182150015649,0.04849043896345275,3.3449033938840045,7.345531771941269,0.0,2.9475157415453004,0.0,11.188378714416732,53.95683701259865,2.9475157415453004,QFA
XF2arc_2L6,XF2arc,Sextupole,51.70000000000006,51.80000000000006,0.1,4.394278103074602,1.5983351929357905,0.24725024295856277,0.012754126982976233,0.0013801042567544016,0.043262380948928696,0.009140312770263205,0.043262380948928696,3.3920299685485196,6.6229147004868505,0.0,0.0,85.10202118882829,11.50586730753127,43.86299912992483,85.10202118882829,XF2arc
Bend2_2L6,Bend2,Bend,52.000000000000064,52.40000000000006,0.4,3.2369792625553844,3.239113835522127,0.21037601026398153,0.010855993434365482,0.0019646765880529933,0.037567980303096445,0.010894029764158979,0.037567980303096445,3.4605750758997433,5.544948125510586,0.15399963987745097,0.0,0.0,11.975579855938514,30.746449714603358,0.15399963987745097,Bend2
QDA_2L6,QDA,Quadrupole,52.90000000000006,53.20000000000006,0.3,1.111377873886097,5.621940011826286,0.14291014671594063,0.0073341933115628226,0.0025883384744850037,0.027002579934688468,0.012765015423455012,0.027002579934688468,3.6817382345400116,4.9317411726821545,0.0,-2.921746106485083,0.0,13.5551964276738,24.322070994328353,-2.921746106485083,QDA
XD2arc_2L6,XD2arc,Sextupole,53.40000000000006,53.500000000000064,0.1,1.5958752160932113,4.381754054399152,0.16129857635307387,0.008294770010351723,0.0022850829136626593,0.02988431003105517,0.011855248740987978,0.02988431003105517,3.602789467792367,5.1881044097370275,0.0,0.0,-122.79559505311173,12.980091949235607,26.91642736633279,-122.79559505311173,XD2arc
Bend1_2L6,Bend1,Bend,53.70000000000007,54.100000000000065,0.4,3.2369793642240436,3.239113825895658,0.21037600914442303,0.010855993386329825,0.0019646765851335374,0.037567980158989475,0.010894029755400613,0.037567980158989475,3.4605750779376985,5.544948129292311,0.15399963987745097,0.0,0.0,11.975579870043507,30.746449756542297,0.15399963987745097,Bend1
QFA_2L5,QFA,Quadrupole,54.600000000000065,54.90000000000006,0.3,5.651600757081101,1.1109594732240935,0.2810614817766235,0.014496812913025342,0.0011506071611256078,0.048490438739076026,0.008451821483376823,0.048490438739076026,3.3449033956634366,7.345531793065355,0.0,2.9475157415453004,0.0,11.188378726320789,53.95683732293393,2.9475157415453004,QFA
XF1arc_2L5,XF1arc,Sextupole,55.100000000000065,55.20000000000007,0.1,4.394278235770273,1.5983351745796746,0.24725024070435145,0.012754126879652791,0.001380104248829483,0.04326238063895837,0.009140312746488449,0.04326238063895837,3.3920299717244236,6.622914721290572,0.0,0.0,85.10202118882829,11.505867329076793,43.86299940548737,85.10202118882829,XF1arc
Bend2_2L5,Bend2,Bend,55.40000000000007,55.80000000000007,0.4,3.236979348079129,3.239113807519901,0.21037600760368375,0.010855993309059989,0.0019646765795606523,0.037567979927179966,0.010894029738681957,0.037567979927179966,3.4605750812159393,5.5449481365111595,0.15399963987745097,0.0,0.0,11.975579892732705,30.74644983659858,0.15399963987745097,Bend2
QDA_2L5,QDA,Quadrupole,56.30000000000007,56.600000000000065,0.3,1.1113778556914626,5.62193997844156,0.1429101428413146,0.007334193118258985,0.002588338466799848,0.027002579354776957,0.012765015400399544,0.027002579354776957,3.681738252508262,4.931741178417777,0.0,-2.921746106485083,0.0,13.55519655998259,24.322071050901567,-2.921746106485083,QDA
XD1arc_2L5,XD1arc,Sextupole,56.80000000000007,56.90000000000007,0.1,1.5958751606531392,4.381754034724549,0.16129857001136025,0.008294769690787174,0.002285082908532511,0.029884309072361524,0.011855248725597532,0.029884309072361524,3.6027894910154523,5.1881044146494535,0.0,0.0,-122.79559505311173,12.980092116571383,26.916427417305147,-122.79559505311173,XD1arc
Bend1_2L5,Bend1,Bend,57.10000000000007,57.50000000000007,0.4,3.236979246500353,3.2391138171134477,0.2103759997560638,0.010855992914109052,0.001964676582470123,0.03756797874232715,0.01089402974741037,0.03756797874232715,3.460575097972081,5.54494813274237,0.15399963987745097,0.0,0.0,11.975580008704478,30.746449794803095,0.15399963987745097,Bend1
QFA_2L4,QFA,Quadrupole,58.00000000000007,58.30000000000007,0.3,5.651600571557164,1.1109594840126948,0.2810614694576302,0.01449681229420799,0.0011506071667124191,0.04849043688262397,0.008451821500137258,0.04849043688262397,3.3449034103861357,7.345531771965481,0.0,2.9475157415453004,0.0,11.188378824812801,53.95683701295434,2.9475157415453004,QFA
XF2arc_2L4,XF2arc,Sextupole,58.50000000000007,58.60000000000007,0.1,4.394278103122928,1.5983351929164595,0.24725022996137322,0.0127541263406615,0.001380104256746056,0.043262379021984494,0.009140312770238168,0.043262379021984494,3.392029988291669,6.622914700508758,0.0,0.0,85.10202118882829,11.505867441469979,43.862999130215016,85.10202118882829,XF2arc
Bend2_2L4,Bend2,Bend,58.800000000000075,59.200000000000074,0.4,3.2369792626324876,3.2391138355184315,0.21037599855439737,0.010855992855898727,0.0019646765880518722,0.03756797856769618,0.010894029764155617,0.03756797856769618,3.4605751004417056,5.544948125512039,0.15399963987745097,0.0,0.0,11.97558002579712,30.746449714619473,0.15399963987745097,Bend2
QDA_2L4,QDA,Quadrupole,59.700000000000074,60.00000000000007,0.3,1.1113778739575433,5.621940011855855,0.1429101390137162,0.007334192930062576,0.002588338474491811,0.02700257879018773,0.012765015423475433,0.02700257879018773,3.6817382700017602,4.931741172677074,0.0,-2.921746106485083,0.0,13.555196688795554,24.322070994278242,-2.921746106485083,QDA
XD2arc_2L4,XD2arc,Sextupole,60.200000000000074,60.300000000000075,0.1,1.5958752161662266,4.3817540544350235,0.16129856812204268,0.008294769602325957,0.002285082913672013,0.02988430880697787,0.011855248741016039,0.02988430880697787,3.6027894974440207,5.188104409728071,0.0,0.0,-122.79559505311173,12.980092162892939,26.91642736623986,-122.79559505311173,XD2arc
Bend1_2L4,Bend1,Bend,60.50000000000008,60.90000000000008,0.4,3.236979364309671,3.239113825924284,0.21037599953212466,0.010855992911472968,0.001964676585142219,0.0375679787344189,0.010894029755426657,0.0375679787344189,3.4605750980839196,5.544948129281065,0.15399963987745097,0.0,0.0,11.975580009478529,30.74644975641758,0.15399963987745097,Bend1
QFA_2L3,QFA,Quadrupole,61.40000000000008,61.700000000000074,0.3,5.651600757165374,1.110959473226374,0.2810614710068962,0.014496812380721926,0.0011506071611267887,0.048490437142165776,0.008451821483380365,0.048490437142165776,3.344903408327825,7.3455317930608945,0.0,2.9475157415453004,0.0,11.1883788110431,53.9568373228684,2.9475157415453004,QFA
XF1arc_2L3,XF1arc,Sextupole,61.90000000000008,62.00000000000008,0.1,4.3942782357848404,1.5983351745602898,0.24725023206893487,0.01275412645289367,0.0013801042488211137,0.043262379358681005,0.00914031274646334,0.043262379358681005,3.3920299848419324,6.622914721312541,0.0,0.0,85.10202118882829,11.50586741806676,43.862999405778375,85.10202118882829,XF1arc
Bend2_2L3,Bend2,Bend,62.20000000000008,62.60000000000008,0.4,3.2369793481914444,3.2391138074976347,0.21037600109334303,0.01085599298744673,0.0019646765795538995,0.03756797896234019,0.010894029738661697,0.03756797896234019,3.4605750948606655,5.544948136519905,0.15399963987745097,0.0,0.0,11.975579987169905,30.74644983669557,0.15399963987745097,Bend2
QDA_2L3,QDA,Quadrupole,63.10000000000008,63.40000000000008,0.3,1.1113778556766825,5.6219399784249084,0.14291014381644346,0.007334193165601829,0.0025883384667960145,0.027002579496805488,0.012765015400388043,0.027002579496805488,3.681738248107583,4.931741178420638,0.0,-2.921746106485083,0.0,13.555196527578294,24.322071050929782,-2.921746106485083,QDA
XD1arc_2L3,XD1arc,Sextupole,63.60000000000008,63.70000000000008,0.1,1.5958751605271837,4.381754034719604,0.16129857446507612,0.00829476991155711,0.0022850829085312215,0.029884309734671332,0.011855248725593664,0.029884309734671332,3.6027894749718734,5.188104414650688,0.0,0.0,-122.79559505311173,12.980092000968106,26.91642741731796,-122.79559505311173,XD1arc
Bend1_2L3,Bend1,Bend,63.900000000000084,64.30000000000008,0.4,3.236979246169297,3.2391138171131355,0.21037600895767666,0.01085599336865983,0.0019646765824700286,0.03756798010597948,0.010894029747410085,0.03756798010597948,3.4605750786873632,5.544948132742491,0.15399963987745097,0.0,0.0,11.97557987523205,30.74644979480444,0.15399963987745097,Bend1
QFA_2L2,QFA,Quadrupole,64.80000000000008,65.10000000000008,0.3,5.651600571048113,1.1109594840251027,0.28106148336461867,0.014496812981546467,0.0011506071667188443,0.0484904389446394,0.008451821500156532,0.0484904389446394,3.3449033940332047,7.345531771941214,0.0,2.9475157415453004,0.0,11.188378715414853,53.95683701259784,2.9475157415453004,QFA
XF2arc_2L2,XF2arc,Sextupole,65.30000000000008,65.40000000000008,0.1,4.394278102768771,1.5983351929357714,0.24725024284852287,0.012754126977519471,0.0013801042567543936,0.04326238093255841,0.00914031277026318,0.04326238093255841,3.3920299687162467,6.622914700486871,0.0,0.0,85.10202118882829,11.505867308669142,43.8629991299251,85.10202118882829,XF2arc
Bend2_2L2,Bend2,Bend,65.60000000000008,66.00000000000009,0.4,3.236979262368629,3.239113835521972,0.21037601017154536,0.010855993429785629,0.001964676588052946,0.03756798028935688,0.010894029764158838,0.03756798028935688,3.4605750760940475,5.544948125510648,0.15399963987745097,0.0,0.0,11.975579857283323,30.746449714604047,0.15399963987745097,Bend2
QDA_2L2,QDA,Quadrupole,66.50000000000009,66.80000000000008,0.3,1.1113778739529139,5.621940011825914,0.14291014668215202,0.007334193309885121,0.0025883384744849183,0.027002579929655365,0.012765015423454755,0.027002579929655365,3.6817382346959597,4.9317411726822185,0.0,-2.921746106485083,0.0,13.555196428822121,24.322070994328982,-2.921746106485083,QDA
XD2arc_2L2,XD2arc,Sextupole,67.0000000000001,67.1000000000001,0.1,1.5958752162372274,4.381754054398771,0.16129857634788405,0.008294770010107934,0.00228508291366256,0.0298843100303238,0.01185524874098768,0.0298843100303238,3.602789467810083,5.1881044097371225,0.0,0.0,-122.79559505311173,12.980091949363262,26.916427366333775,-122.79559505311173,XD2arc
Bend1_2L2,Bend1,Bend,67.30000000000008,67.70000000000009,0.4,3.2369793646624507,3.2391138258954033,0.2103760091632082,0.010855993387289199,0.00196467658513346,0.0375679801618676,0.01089402975540038,0.0375679801618676,3.4605750778969964,5.54494812929241,0.15399963987745097,0.0,0.0,11.975579869761802,30.746449756543402,0.15399963987745097,Bend1
QFA_2L1,QFA,Quadrupole,68.20000000000009,68.50000000000009,0.3,5.65160075783454,1.1109594732240187,0.28106148181917584,0.014496812915168834,0.001150607161125569,0.0484904387455065,0.008451821483376707,0.0484904387455065,3.344903395612439,7.3455317930655015,0.0,2.9475157415453004,0.0,11.188378725979627,53.95683732293608,2.9475157415453004,QFA
XF1arc_2L1,XF1arc,Sextupole,68.7000000000001,68.8000000000001,0.1,4.394278236309278,1.5983351745797156,0.24725024074911883,0.012754126881898,0.0013801042488295005,0.043262380645693994,0.0091403127464885,0.043262380645693994,3.3920299716554116,6.622914721290525,0.0,0.0,85.10202118882829,11.505867328608613,43.86299940548675,85.10202118882829,XF1arc
Bend2_2L1,Bend2,Bend,69.00000000000009,69.40000000000009,0.4,3.2369793485200864,3.2391138075200527,0.21037600764891345,0.010855993311325949,0.0019646765795606983,0.03756797993397785,0.010894029738682094,0.03756797993397785,3.460575081119804,5.544948136511099,0.15399963987745097,0.0,0.0,11.975579892067339,30.74644983659791,0.15399963987745097,Bend2
QDA_2L1,QDA,Quadrupole,69.90000000000009,70.20000000000009,0.3,1.111377855705857,5.621939978441939,0.14291014288654222,0.007334193120507126,0.002588338466799935,0.027002579361521378,0.012765015400399805,0.027002579361521378,3.681738252299289,4.931741178417711,0.0,-2.921746106485083,0.0,13.555196558443825,24.322071050900917,-2.921746106485083,QDA
XD1arc_2L1,XD1arc,Sextupole,70.4000000000001,70.5000000000001,0.1,1.595875160442032,4.3817540347248025,0.161298570075088,0.008294769693926554,0.002285082908532577,0.02988430908177966,0.011855248725597732,0.02988430908177966,3.60278949078731,5.1881044146493895,0.0,0.0,-122.79559505311173,12.980092114927483,26.916427417304487,-122.79559505311173,XD1arc
Bend1_2L1,Bend1,Bend,70.70000000000009,71.1000000000001,0.4,3.23697924591085,3.2391138171136973,0.21037599984363178,0.010855992918392883,0.001964676582470199,0.037567978755178644,0.010894029747410598,0.037567978755178644,3.460575097790336,5.544948132742272,0.15399963987745097,0.0,0.0,11.975580007446592,30.74644979480201,0.15399963987745097,Bend1
QFA_2RC,QFA,Quadrupole,71.6000000000001,71.90000000000009,0.3,5.65160057042451,1.1109594840127275,0.2810614695669883,0.014496812299552263,0.001150607166712436,0.048490436898656786,0.008451821500137308,0.048490436898656786,3.3449034102589867,7.345531771965417,0.0,2.9475157415453004,0.0,11.1883788239622,53.9568370129534,2.9475157415453004,QFA
Bend1_2R1,Bend1,Bend,72.40000000000009,72.8000000000001,0.4,3.23697926199892,3.2391138355134586,0.21037599863040873,0.01085599285960849,0.0019646765880503643,0.03756797857882547,0.010894029764151093,0.03756797857882547,3.460575100284316,5.544948125513992,0.15399963987745097,0.0,0.0,11.975580024707803,30.74644971464113,0.15399963987745097,Bend1
XD1arc_2R1,XD1arc,Sextupole,73.0000000000001,73.1000000000001,0.1,1.5958751805783813,4.3817540605088245,0.16129856774881796,0.00829476958049268,0.002285082915255755,0.02988430874147804,0.011855248745767266,0.02988430874147804,3.602789499030667,5.188104408211543,0.0,0.0,-122.79559505311173,12.980092174325645,26.916427350504044,-122.79559505311173,XD1arc
QDA_2R1,QDA,Quadrupole,73.3000000000001,73.6000000000001,0.3,1.111377873964657,5.621940011838804,0.14291013902575764,0.00733419293066147,0.0025883384744878855,0.02700257879198441,0.012765015423463658,0.02700257879198441,3.681738269946091,4.931741172680004,0.0,-2.921746106485083,0.0,13.555196688385635,24.322070994307143,-2.921746106485083,QDA
Bend2_2R1,Bend2,Bend,74.1000000000001,74.5000000000001,0.4,3.23697936494361,3.23911382591623,0.2103759994997271,0.010855992909917822,0.0019646765851397763,0.03756797872975346,0.010894029755419329,0.03756797872975346,3.460575098149898,5.544948129284228,0.15399963987745097,0.0,0.0,11.975580009935175,30.746449756452666,0.15399963987745097,Bend2
XF1arc_2R1,XF1arc,Sextupole,74.7000000000001,74.8000000000001,0.1,4.394278247012554,1.598335180980925,0.24725023118044046,0.012754126409668103,0.0013801042515931062,0.043262379229004305,0.00914031275477932,0.043262379229004305,3.3920299861705785,6.62291471403578,0.0,0.0,85.10202118882829,11.505867427080375,43.86299930939163,85.10202118882829,XF1arc
QFA_2R1,QFA,Quadrupole,75.0000000000001,75.3000000000001,0.3,5.651600758355048,1.1109594732271626,0.28106147095080386,0.014496812378013356,0.001150607161127197,0.04849043713404007,0.00845182148338159,0.04849043713404007,3.344903408392266,7.345531793059352,0.0,2.9475157415453004,0.0,11.1883788114742,53.956837322845736,2.9475157415453004,QFA
Bend1_2R2,Bend1,Bend,75.8000000000001,76.2000000000001,0.4,3.2369793487410186,3.239113807503486,0.210376001041994,0.010855992984949317,0.001964676579555674,0.037567978954847946,0.010894029738667023,0.037567978954847946,3.4605750949666203,5.544948136517608,0.15399963987745097,0.0,0.0,11.975579987903233,30.746449836670088,0.15399963987745097,Bend1
XD2arc_2R2,XD2arc,Sextupole,76.4000000000001,76.5000000000001,0.1,1.5958751961248032,4.381754028634991,0.16129857106119794,0.008294769746150957,0.00228508290694466,0.029884309238452873,0.01185524872083398,0.029884309238452873,3.602789486992109,5.188104416169916,0.0,0.0,-122.79559505311173,12.980092087580863,26.91642743308179,-122.79559505311173,XD2arc
QDA_2R2,QDA,Quadrupole,76.7000000000001,77.0000000000001,0.3,1.1113778556925515,5.621939978448564,0.14291014377585226,0.007334193163580607,0.0025883384668014603,0.02700257949074182,0.012765015400404381,0.02700257949074182,3.6817382482954626,4.931741178416574,0.0,-2.921746106485083,0.0,13.55519652896174,24.322071050889694,-2.921746106485083,QDA
Bend2_2R2,Bend2,Bend,77.5000000000001,77.9000000000001,0.4,3.23697924590959,3.239113817128375,0.21037600891755018,0.010855993366658939,0.0019646765824746504,0.03756798009997681,0.010894029747423952,0.03756798009997681,3.460575078772253,5.544948132736506,0.15399963987745097,0.0,0.0,11.975579875819585,30.746449794738066,0.15399963987745097,Bend2
XF2arc_2R2,XF2arc,Sextupole,78.1000000000001,78.20000000000009,0.1,4.394278092117098,1.5983351865281683,0.24725024214407182,0.012754126942057166,0.0013801042539880275,0.043262380826171495,0.009140312761964083,0.043262380826171495,3.3920299698062695,6.6229147077488655,0.0,0.0,85.10202118882829,11.505867316063922,43.86299922611624,85.10202118882829,XF2arc
QFA_2R2,QFA,Quadrupole,78.4000000000001,78.7000000000001,0.3,5.6516005706113415,1.110959484013078,0.2810614833094174,0.014496812978794769,0.0011506071667126176,0.04849043893638431,0.008451821500137853,0.04849043893638431,3.3449033940986723,7.3455317719647315,0.0,2.9475157415453004,0.0,11.188378715852817,53.956837012943325,2.9475157415453004,QFA
Bend1_2R3,Bend1,Bend,79.2000000000001,79.60000000000011,0.4,3.2369792621708555,3.2391138354905182,0.2103760101290619,0.010855993427672728,0.0019646765880434068,0.037567980283018186,0.01089402976413022,0.037567980283018186,3.4605750761836895,5.544948125523004,0.15399963987745097,0.0,0.0,11.975579857903748,30.74644971474108,0.15399963987745097,Bend1
XD1arc_2R3,XD1arc,Sextupole,79.80000000000011,79.9000000000001,0.1,1.5958751806895928,4.381754060498482,0.1612985767601043,0.008294770027214871,0.0022850829152530586,0.029884310081644615,0.011855248745759175,0.029884310081644615,3.6027894665669047,5.188104408214124,0.0,0.0,-122.79559505311173,12.980091940405442,26.916427350530824,-122.79559505311173,XD1arc
QDA_2R3,QDA,Quadrupole,80.10000000000011,80.4000000000001,0.3,1.1113778739979592,5.621940011824153,0.14291014666914362,0.00733419330924155,0.002588338474484513,0.02700257992772465,0.012765015423453537,0.02700257992772465,3.6817382347557817,4.93174117268252,0.0,-2.921746106485083,0.0,13.555196429262619,24.322070994331963,-2.921746106485083,QDA
Bend2_2R3,Bend2,Bend,80.9000000000001,81.30000000000011,0.4,3.236979364703585,3.2391138259065553,0.2103760091640755,0.01085599338733499,0.0019646765851368425,0.037567980162004966,0.010894029755410529,0.037567980162004966,3.460575077895053,5.54494812928803,0.15399963987745097,0.0,0.0,11.975579869748353,30.746449756494822,0.15399963987745097,Bend2
XF1arc_2R3,XF1arc,Sextupole,81.50000000000011,81.60000000000011,0.1,4.394278246654967,1.5983351809760797,0.24725024156513303,0.012754126922855095,0.0013801042515910144,0.043262380768565284,0.009140312754773044,0.043262380768565284,3.392029970396493,6.62291471404127,0.0,0.0,85.10202118882829,11.505867320068033,43.862999309464364,85.10202118882829,XF1arc
QFA_2R3,QFA,Quadrupole,81.80000000000011,82.10000000000011,0.3,5.651600757867281,1.1109594732318575,0.2810614818119398,0.01449681291481295,0.0011506071611296284,0.04849043874443885,0.008451821483388886,0.04849043874443885,3.344903395620906,7.345531793050171,0.0,2.9475157415453004,0.0,11.18837872603627,53.956837322710854,2.9475157415453004,QFA
Bend1_2R4,Bend1,Bend,82.60000000000011,83.00000000000011,0.4,3.2369793484442915,3.2391138075227572,0.21037600763706332,0.010855993310735113,0.0019646765795615184,0.037567979932205335,0.010894029738684554,0.037567979932205335,3.460575081144871,5.544948136510037,0.15399963987745097,0.0,0.0,11.975579892240829,30.74644983658613,0.15399963987745097,Bend1
XD2arc_2R4,XD2arc,Sextupole,83.20000000000012,83.30000000000011,0.1,1.59587519604502,4.381754028648915,0.161298573393802,0.008294769861776448,0.0022850829069482907,0.029884309585329342,0.011855248720844872,0.029884309585329342,3.602789478589485,5.188104416166439,0.0,0.0,-122.79559505311173,12.980092027035093,26.91642743304571,-122.79559505311173,XD2arc
QDA_2R4,QDA,Quadrupole,83.50000000000011,83.80000000000011,0.3,1.1113778556826586,5.621939978454501,0.14291014287063913,0.007334193119714707,0.002588338466802827,0.027002579359144123,0.012765015400408482,0.027002579359144123,3.6817382523729476,4.931741178415554,0.0,-2.921746106485083,0.0,13.555196558986207,24.32207105087964,-2.921746106485083,QDA
Bend2_2R4,Bend2,Bend,84.30000000000011,84.70000000000012,0.4,3.236979246060856,3.239113817117345,0.21037599981279453,0.010855992916880204,0.0019646765824713054,0.03756797875064061,0.010894029747413915,0.03756797875064061,3.4605750978545124,5.544948132740838,0.15399963987745097,0.0,0.0,11.975580007890768,30.746449794786102,0.15399963987745097,Bend2
XF2arc_2R4,XF2arc,Sextupole,84.9000000000001,85.0000000000001,0.1,4.394278092387317,1.5983351865113107,0.24725023067972132,0.012754126375508443,0.0013801042539807495,0.04326237912652533,0.009140312761942248,0.04326237912652533,3.3920299872205613,6.62291470776797,0.0,0.0,85.10202118882829,11.505867434203521,43.8629992263693,85.10202118882829,XF2arc
QFA_2R4,QFA,Quadrupole,85.20000000000012,85.50000000000011,0.3,5.6516005710379815,1.1109594840127537,0.28106146953702926,0.014496812298104216,0.0011506071667124495,0.04849043689431264,0.008451821500137348,0.04849043689431264,3.344903410293438,7.345531771965366,0.0,2.9475157415453004,0.0,11.18837882419267,53.95683701295265,2.9475157415453004,QFA
Bend1_2R5,Bend1,Bend,86.00000000000011,86.40000000000012,0.4,3.2369792624132954,3.2391138355132565,0.21037599861659367,0.010855992858955645,0.0019646765880503027,0.03756797857686693,0.010894029764150909,0.03756797857686693,3.4605751003120133,5.544948125514072,0.15399963987745097,0.0,0.0,11.975580024899502,30.74644971464202,0.15399963987745097,Bend1
XD1arc_2R5,XD1arc,Sextupole,86.60000000000012,86.70000000000012,0.1,1.595875180802724,4.381754060508508,0.1612985677505779,0.008294769580600927,0.002285082915255673,0.02988430874180278,0.01185524874576702,0.02988430874180278,3.602789499022801,5.188104408211622,0.0,0.0,-122.79559505311173,12.980092174268965,26.916427350504865,-122.79559505311173,XD1arc
QDA_2R5,QDA,Quadrupole,86.90000000000012,87.20000000000012,0.3,1.111377874037907,5.621940011838345,0.1429101390447211,0.007334192931611209,0.0025883384744877797,0.02700257879483363,0.012765015423463338,0.02700257879483363,3.6817382698578096,4.931741172680082,0.0,-2.921746106485083,0.0,13.555196687735577,24.322070994307914,-2.921746106485083,QDA
Bend2_2R5,Bend2,Bend,87.70000000000012,88.10000000000012,0.4,3.2369793646461655,3.2391138259159424,0.21037599955304442,0.010855992912530506,0.001964676585139689,0.03756797873759152,0.010894029755419067,0.03756797873759152,3.460575098039053,5.544948129284341,0.15399963987745097,0.0,0.0,11.975580009168,30.746449756453917,0.15399963987745097,Bend2
XF1arc_2R5,XF1arc,Sextupole,88.30000000000013,88.40000000000012,0.1,4.394278246557623,1.5983351809807902,0.24725023124154513,0.012754126412660181,0.0013801042515930479,0.04326237923798054,0.009140312754779143,0.04326237923798054,3.3920299860786094,6.622914714035931,0.0,0.0,85.10202118882829,11.50586742645645,43.86299930939363,85.10202118882829,XF1arc
QFA_2R5,QFA,Quadrupole,88.60000000000012,88.90000000000012,0.3,5.651600757726093,1.1109594732270949,0.28106147101871604,0.014496812381336092,0.001150607161127162,0.048490437144008275,0.008451821483381486,0.048490437144008275,3.3449034083132125,7.345531793059484,0.0,2.9475157415453004,0.0,11.188378810945347,53.95683732284768,2.9475157415453004,QFA
Bend1_2R6,Bend1,Bend,89.40000000000012,89.80000000000013,0.4,3.2369793483483322,3.2391138075036903,0.21037600109039992,0.010855992987312558,0.0019646765795557357,0.03756797896193767,0.010894029738667207,0.03756797896193767,3.460575094866358,5.544948136517528,0.15399963987745097,0.0,0.0,11.9755799872093,30.746449836669203,0.15399963987745097,Bend1
XD2arc_2R6,XD2arc,Sextupole,90.00000000000013,90.10000000000012,0.1,1.5958751960280544,4.381754028635312,0.16129857108615686,0.008294769747379175,0.0022850829069447436,0.029884309242137527,0.011855248720834231,0.029884309242137527,3.602789486902853,5.188104416169836,0.0,0.0,-122.79559505311173,12.980092086937724,26.91642743308096,-122.79559505311173,XD2arc
QDA_2R6,QDA,Quadrupole,90.30000000000013,90.60000000000012,0.3,1.111377855658666,5.621939978449019,0.14291014377871442,0.007334193163724581,0.002588338466801565,0.027002579491173743,0.012765015400404697,0.027002579491173743,3.6817382482820795,4.9317411784164955,0.0,-2.921746106485083,0.0,13.555196528863195,24.322071050888923,-2.921746106485083,QDA
Bend2_2R6,Bend2,Bend,91.10000000000012,91.50000000000013,0.4,3.236979246031682,3.239113817128653,0.2103760088942722,0.010855993365517704,0.0019646765824747345,0.03756798009655311,0.010894029747424204,0.03756798009655311,3.460575078820671,5.544948132736396,0.15399963987745097,0.0,0.0,11.975579876154692,30.746449794736844,0.15399963987745097,Bend2
XF2arc_2R6,XF2arc,Sextupole,91.70000000000012,91.80000000000011,0.1,4.394278092310624,1.5983351865282964,0.24725024211300642,0.012754126940533706,0.0013801042539880828,0.04326238082160112,0.00914031276196425,0.04326238082160112,3.392029969853097,6.622914707748721,0.0,0.0,85.10202118882829,11.505867316381602,43.862999226114326,85.10202118882829,XF2arc
QFA_2R6,QFA,Quadrupole,92.00000000000013,92.30000000000013,0.3,5.651600570888063,1.1109594840130927,0.2810614832704187,0.014496812976882096,0.0011506071667126251,0.048490438930646286,0.008451821500137876,0.048490438930646286,3.344903394144178,7.345531771964703,0.0,2.9475157415453004,0.0,11.188378716157244,53.95683701294291,2.9475157415453004,QFA
Bend1_2R7,Bend1,Bend,92.80000000000013,93.20000000000013,0.4,3.2369792623656264,3.2391138354903113,0.21037601009409646,0.010855993425959313,0.0019646765880433443,0.03756798027787794,0.010894029764130033,0.03756798027787794,3.4605750762563825,5.544948125523085,0.15399963987745097,0.0,0.0,11.975579858406867,30.746449714741974,0.15399963987745097,Bend1
XD1arc_2R7,XD1arc,Sextupole,93.40000000000013,93.50000000000013,0.1,1.5958751807109919,4.381754060498168,0.16129857672514047,0.00829477002548363,0.0022850829152529766,0.029884310076450895,0.011855248745758929,0.029884310076450895,3.602789466692716,5.188104408214203,0.0,0.0,-122.79559505311173,12.980091941311985,26.916427350531645,-122.79559505311173,XD1arc
QDA_2R7,QDA,Quadrupole,93.70000000000013,94.00000000000013,0.3,1.111377873960957,5.6219400118237175,0.14291014663417972,0.007334193307503757,0.0025883384744844126,0.02700257992251127,0.012765015423453239,0.02700257992251127,3.6817382349173156,4.931741172682596,0.0,-2.921746106485083,0.0,13.555196430452071,24.322070994332705,-2.921746106485083,QDA
Bend2_2R7,Bend2,Bend,94.50000000000013,94.90000000000013,0.4,3.2369793644897094,3.2391138259062777,0.21037600909834037,0.01085599338407227,0.001964676585136758,0.03756798015221681,0.010894029755410274,0.03756798015221681,3.4605750780334774,5.544948129288138,0.15399963987745097,0.0,0.0,11.975579870706408,30.746449756496023,0.15399963987745097,Bend2
XF1arc_2R7,XF1arc,Sextupole,95.10000000000014,95.20000000000013,0.1,4.394278246366821,1.5983351809759516,0.24725024149161062,0.012754126919204094,0.001380104251590959,0.04326238075761228,0.009140312754772877,0.04326238075761228,3.3920299705087156,6.622914714041415,0.0,0.0,85.10202118882829,11.505867320829358,43.86299930946628,85.10202118882829,XF1arc
QFA_M2R7,QFA,Quadrupole,95.40000000000013,95.70000000000013,0.3,5.6247299506202655,1.1353066253375905,0.2803925450159068,0.014462309918171474,0.0011631468543634909,0.04838692975451442,0.008489440563090473,0.04838692975451442,3.3457262379447172,7.2986833358511305,0.0,3.1958966839546084,0.0,11.19388405927171,53.270778437030984,3.1958966839546084,QFA_M
Bend1_2R8,Bend1,Bend,96.20000000000013,96.60000000000014,0.4,2.8605697096189933,3.485618649609593,0.19747280515593477,0.0101907985215754,0.0020380643844179255,0.035572395564726196,0.011114193153253776,0.035572395564726196,3.4906386864007044,5.453308167410034,0.15399963987745097,0.0,0.0,12.184558438997236,29.738569968740986,0.15399963987745097,Bend1
XD2arc_2R8,XD2arc,Sextupole,96.80000000000013,96.90000000000012,0.1,1.1559818612269663,4.728943309599163,0.13655716459716843,0.0070237863705332046,0.0023738868692998703,0.026071359111599614,0.012121660607899612,0.026071359111599614,3.711866753376275,5.106250329222576,0.0,0.0,-122.79559505311173,13.777954794820127,26.07379242468566,-122.79559505311173,XD2arc
QDA_M2R8,QDA,Quadrupole,97.10000000000014,97.40000000000013,0.3,0.7744221794094676,6.119116217789816,0.11224713475309578,0.0057680088390456895,0.0027003640351155045,0.02230402651713707,0.013101092105346514,0.02230402651713707,3.866850266621167,4.851602204362099,0.0,-2.625413582289072,0.0,14.952530984468188,23.538043949371183,-2.625413582289072,QDA_M
Bend2_2R8,Bend2,Bend,97.90000000000013,98.30000000000014,0.4,3.181690856629161,4.013345075040628,0.11382970831610803,0.00616219393616508,0.002186911537354837,0.023486581808495242,0.01156073461206451,0.023486581808495242,3.8113993249475127,5.286329334586489,0.15399963987745097,0.0,0.0,14.526764814210356,27.94527783370963,0.15399963987745097,Bend2
XF2arc_2R,XF2arc,Sextupole,98.50000000000013,98.60000000000012,0.1,4.599498641587855,2.384862781447687,0.13265586996808326,0.007211386877052642,0.0016858140240471815,0.026634160631157925,0.010057442072141544,0.026634160631157925,3.693347907308995,5.965926210529652,0.0,0.0,85.10202118882829,13.640818764423734,35.5922755494847,85.10202118882829,XF2arc
QFDS_2R,QFDS,Quadrupole,98.80000000000014,99.10000000000014,0.3,6.343482439110481,1.8124352591504254,0.1505813751999452,0.008224439710503356,0.0014696340836730397,0.029673319131510067,0.009408902251019119,0.029673319131510067,3.6079441489022708,6.402207430780019,0.0,2.469686301529578,0.0,13.017260981598131,40.988259986734896,2.469686301529578,QFDS
QDDoubDS_2R,QDDoubDS,Quadrupole,101.06500000000014,101.36500000000014,0.3,3.167603355447878,7.675093198006276,0.05370260822348028,0.0033346372347846107,0.0030242646510039916,0.015003911704353834,0.014072793953011975,0.015003911704353834,4.4994134737786435,4.653294462288579,0.0,-4.233400788590357,0.0,20.2447216080208,21.653149352765553,-4.233400788590357,QDDoubDS
QDDS_2R,QDDS,Quadrupole,101.45000000000012,101.75000000000011,0.3,4.392000761686298,5.065731996173858,0.050773110993297024,0.0036282740276944703,0.0024569655615725252,0.01588482208308341,0.012370896684717577,0.01588482208308341,4.378065703371686,5.035030558914251,0.0,5.281303940898764,0.0,19.16745930303941,25.351532729200354,5.281303940898764,QDDS
BendDS_2R,BendDS,Bend,102.25000000000011,102.65000000000012,0.4,1.796717968872237,6.929814574452038,0.012316072399243115,0.0017824376387558895,0.002873682421641279,0.010347312916267669,0.013621047264923837,0.013621047264923837,5.805147227192707,4.73992782304187,0.15399963987745097,0.0,0.0,33.699734329383176,22.46691576764644,0.15399963987745097,BendDS
QDDoub_2R,QDDoub,Quadrupole,103.35000000000012,103.65000000000012,0.3,1.60022809535004,10.179512015257112,4.040080421312852e-09,0.0015764638990382407,0.0034829035184384266,0.009729391697114722,0.01544871055531528,0.01544871055531528,6.17165524884545,4.4355838378898795,0.0,-3.3072351028470384,0.0,38.0893285106016,19.67440398294991,-3.3072351028470384,QDDoub
QFDoub_2R,QFDoub,Quadrupole,103.90000000000012,104.20000000000012,0.3,4.829811373707121,5.50768925678079,7.547677228645654e-09,0.0027387864419317226,0.002561902981287043,0.013216359325795169,0.012685708943861129,0.013216359325795169,4.825626096087068,4.9516742189386544,0.0,3.171856834215951,0.0,23.286667219236517,24.519077570501732,3.171856834215951,QFDoub
QFTrip_2R1,QFTrip,Quadrupole,106.70000000000012,107.00000000000011,0.3,10.046971809309248,4.127886570338149,1.1315019953577868e-08,0.003950123519810406,0.0022178993916681443,0.01685037055943122,0.011653698175004432,0.01685037055943122,4.265783202708554,5.254385396733149,0.0,1.807181921990719,0.0,18.196906332510448,27.608565897402567,1.807181921990719,QFTrip
QDTripC_3L2,QDTripC,Quadrupole,107.40000000000012,107.70000000000012,0.3,6.421853384256885,6.917795813274787,8.961676881241473e-09,0.003158081091278391,0.0028711893469211573,0.014474243273835175,0.013613568040763472,0.014474243273835175,4.58323990280313,4.741438615102698,0.0,-3.286517995497328,0.0,21.006088006646845,22.48124014078699,-3.286517995497328,QDTripC
QFTrip_3L1,QFTrip,Quadrupole,108.10000000000012,108.40000000000012,0.3,10.04697187199094,4.12788657087375,1.0898348270044759e-08,0.003950123532132545,0.002217899391812032,0.016850370596397636,0.011653698175436097,0.016850370596397636,4.26578319876003,5.254385396586894,0.0,1.807181921990719,0.0,18.19690629882335,27.608565895865613,1.807181921990719,QFTrip
QFDoub_3L,QFDoub,Quadrupole,110.90000000000012,111.20000000000012,0.3,4.829811498262114,5.507689259982996,6.2056445025060705e-09,0.0027387864772467087,0.0025619029820317966,0.013216359431740127,0.01268570894609539,0.013216359431740127,4.825626072546729,4.951674218371297,0.0,3.171856834215951,0.0,23.286666992042772,24.51907756488299,3.171856834215951,QFDoub
QDDoub_3L,QDDoub,Quadrupole,111.45000000000012,111.75000000000011,0.3,1.6002281443391992,10.179512020767323,3.0104273023828603e-09,0.0015764639231690572,0.0034829035193810814,0.009729391769507172,0.015448710558143244,0.015448710558143244,6.171655200297159,4.435583837501335,0.0,-3.3072351028470384,0.0,38.089327911354964,19.674403979503072,-3.3072351028470384,QDDoub
BendDS_3L,BendDS,Bend,112.45000000000012,112.85000000000012,0.4,1.7967179184405058,6.929814577684497,0.01231607145784573,0.0017824376002027774,0.0028736824223115033,0.010347312800608332,0.01362104726693451,0.01362104726693451,5.805147287866447,4.739927822636069,0.15399963987745097,0.0,0.0,33.69973503382317,22.46691576379951,0.15399963987745097,BendDS
QDDS_3L,QDDS,Quadrupole,113.35000000000012,113.65000000000012,0.3,4.3920006766698805,5.065731997166365,0.05077311014707704,0.0036282739783610684,0.002456965561813217,0.015884821935083206,0.01237089668543965,0.015884821935083206,4.378065722109154,5.035030558714892,0.0,5.281303940898764,0.0,19.16745946710715,25.351532727192797,5.281303940898764,QDDS
QDDoubDS_3L,QDDoubDS,Quadrupole,113.7350000000001,114.0350000000001,0.3,3.167603305025121,7.67509319905686,0.05370260786471827,0.0033346372148388556,0.003024264651210976,0.015003911644516567,0.014072793953632926,0.015003911644516567,4.499413482747214,4.653294462175425,0.0,-4.233400788590357,0.0,20.244721688727417,21.653149351712475,-4.233400788590357,QDDoubDS
QFDS_3L,QFDS,Quadrupole,116.0000000000001,116.3000000000001,0.3,6.343482582821698,1.8124352580141747,0.15058137636765914,0.00822443977863808,0.0014696340832123687,0.02967331933591424,0.009408902249637106,0.02967331933591424,3.6079441438658058,6.402207431846474,0.0,2.469686301529578,0.0,13.017260945255561,40.98826000039022,2.469686301529578,QFDS
XF2arc_3L,XF2arc,Sextupole,116.5000000000001,116.6000000000001,0.1,4.599498759243349,2.384862779893099,0.13265587113661792,0.007211386944519727,0.001685814023497727,0.026634160833559184,0.01005744207049318,0.026634160833559184,3.693347900822287,5.96592621149633,0.0,0.0,85.10202118882829,13.640818716508395,35.59227556101896,85.10202118882829,XF2arc
Bend2_3L8,Bend2,Bend,116.8000000000001,117.2000000000001,0.4,3.1816909462907876,4.0133450726354685,0.11382970944761583,0.006162194000747194,0.002186911536699539,0.023486582002241584,0.011560734610098617,0.023486582002241584,3.811399316443742,5.286329335271577,0.15399963987745097,0.0,0.0,14.526764749387825,27.945277840952834,0.15399963987745097,Bend2
QDA_M3L8,QDA,Quadrupole,117.7000000000001,118.0000000000001,0.3,0.7744221974139379,6.119116214633206,0.11224713588976112,0.005768008895355602,0.002700364034418999,0.02230402668606681,0.013101092103256998,0.02230402668606681,3.8668502581585824,4.851602204839684,0.0,-2.625413582289072,0.0,14.952530919021095,23.53804395400528,-2.625413582289072,QDA_M
XD2arc_3L8,XD2arc,Sextupole,118.20000000000012,118.30000000000011,0.1,1.1559818380467515,4.728943307426217,0.1365571659569496,0.00702378643536532,0.0023738868687544707,0.02607135930609596,0.012121660606263412,0.02607135930609596,3.7118667468054842,5.106250329706485,0.0,0.0,-122.79559505311173,13.77795474604033,26.07379242962759,-122.79559505311173,XD2arc
Bend1_3L8,Bend1,Bend,118.5000000000001,118.9000000000001,0.4,2.860569621029156,3.4856186482442575,0.19747280694240907,0.010190798603074062,0.002038064384018765,0.03557239580922218,0.011114193152056296,0.03557239580922218,3.4906386824769298,5.453308167890521,0.15399963987745097,0.0,0.0,12.184558411604277,29.73856997398147,0.15399963987745097,Bend1
QFA_M3L7,QFA,Quadrupole,119.4000000000001,119.7000000000001,0.3,5.624729773714606,1.135306625555173,0.2803925471936779,0.01446231001630834,0.0011631468544749499,0.04838693004892502,0.00848944056342485,0.04838693004892502,3.345726235598724,7.2986833354392076,0.0,3.1958966839546084,0.0,11.19388404357361,53.270778431017995,3.1958966839546084,QFA_M
XF1arc_3L7,XF1arc,Sextupole,119.9000000000001,120.0000000000001,0.1,4.394278111406431,1.5983351819900444,0.24725024328023393,0.012754126999380415,0.001380104252028775,0.04326238099814124,0.009140312756086327,0.04326238099814124,3.392029968044296,6.622914712892104,0.0,0.0,85.10202118882829,11.505867304110586,43.862999294242705,85.10202118882829,XF1arc
Bend2_3L7,Bend2,Bend,120.2000000000001,120.60000000000011,0.4,3.2369792701699382,3.2391138279415688,0.21037601048534163,0.010855993445845693,0.0019646765857540085,0.037567980337537075,0.010894029757262027,0.037567980337537075,3.460575075412685,5.544948128488582,0.15399963987745097,0.0,0.0,11.97557985256751,30.74644974762903,0.15399963987745097,Bend2
QDA_3L7,QDA,Quadrupole,121.10000000000011,121.4000000000001,0.3,1.1113778770490492,5.6219400148915435,0.1429101466631208,0.007334193309368551,0.0025883384751906255,0.027002579928105654,0.012765015425571877,0.027002579928105654,3.681738234743977,4.931741172155532,0.0,-2.921746106485083,0.0,13.555196429175695,24.322070989134023,-2.921746106485083,QDA
XD1arc_3L7,XD1arc,Sextupole,121.60000000000012,121.70000000000012,0.1,1.59587521853815,4.381754062655325,0.16129857608353312,0.008294769997218808,0.002285082915815455,0.029884309991656425,0.011855248747446364,0.029884309991656425,3.6027894687467494,5.1881044076755956,0.0,0.0,-122.79559505311173,12.980091956112485,26.916427344942942,-122.79559505311173,XD1arc
Bend1_3L7,Bend1,Bend,121.9000000000001,122.30000000000011,0.4,3.236979362894606,3.2391138368448056,0.21037600863657036,0.010855993361145993,0.001964676588454127,0.03756798008343797,0.01089402976536238,0.03756798008343797,3.4605750790061443,5.544948124990977,0.15399963987745097,0.0,0.0,11.975579877438381,30.746449708840956,0.15399963987745097,Bend1
QFA_3L6,QFA,Quadrupole,122.80000000000011,123.10000000000011,0.3,5.6516007488947135,1.1109594838183825,0.2810614810159906,0.014496812874992855,0.0011506071666117956,0.048490438624978566,0.008451821499835387,0.048490438624978566,3.3449033965682933,7.345531772345508,0.0,2.9475157415453004,0.0,11.188378732374105,53.956837018537335,2.9475157415453004,QFA
XF2arc_3L6,XF2arc,Sextupole,123.30000000000011,123.4000000000001,0.1,4.3942782273713235,1.5983351855329855,0.24725024000069534,0.012754126844366926,0.0013801042535583755,0.043262380533100775,0.009140312760675126,0.043262380533100775,3.392029972809023,6.6229147088767455,0.0,0.0,85.10202118882829,11.505867336434783,43.862999241055945,85.10202118882829,XF2arc
Bend2_3L6,Bend2,Bend,123.60000000000011,124.00000000000011,0.4,3.2369793402428684,3.2391138151095977,0.2103760069713858,0.010855993277262927,0.0019646765818624084,0.03756797983178878,0.010894029745587225,0.03756797983178878,3.4605750825649575,5.544948133529575,0.15399963987745097,0.0,0.0,11.975579902069462,30.746449803533114,0.15399963987745097,Bend2
QDA_3L6,QDA,Quadrupole,124.50000000000011,124.80000000000011,0.3,1.1113778516537853,5.6219399753697745,0.14291014240916947,0.0073341930963653065,0.002588338466092724,0.02700257928909592,0.012765015398278172,0.02700257928909592,3.6817382545433537,4.931741178945521,0.0,-2.921746106485083,0.0,13.55519657496794,24.32207105610696,-2.921746106485083,QDA
XD2arc_3L6,XD2arc,Sextupole,125.00000000000013,125.10000000000012,0.1,1.5958751583168325,4.38175402647048,0.16129856954667693,0.008294769667532955,0.002285082906380264,0.029884309002598867,0.011855248719140793,0.029884309002598867,3.6027894927053605,5.188104416710359,0.0,0.0,-122.79559505311173,12.980092128748149,26.91642743868953,-122.79559505311173,XD2arc
Bend1_3L6,Bend1,Bend,125.30000000000011,125.70000000000012,0.4,3.2369792479276773,3.2391138061561042,0.2103759992004446,0.010855992886762667,0.0019646765791470483,0.037567978660288,0.010894029737441146,0.037567978660288,3.460575099132276,5.544948137046922,0.15399963987745097,0.0,0.0,11.975580016734362,30.74644984254013,0.15399963987745097,Bend1
QFA_3L5,QFA,Quadrupole,126.20000000000012,126.50000000000011,0.3,5.651600580081615,1.1109594737839035,0.28106146883695443,0.014496812263980773,0.001150607161415502,0.048490436791942315,0.008451821484246506,0.048490436791942315,3.344903411105292,7.345531791970503,0.0,2.9475157415453004,0.0,11.188378829623819,53.95683730684939,2.9475157415453004,QFA
XF1arc_3L5,XF1arc,Sextupole,126.70000000000012,126.80000000000011,0.1,4.394278111650612,1.5983351819898761,0.2472502294664776,0.012754126316723092,0.0013801042520287024,0.043262378950169274,0.009140312756086108,0.043262378950169274,3.3920299890274763,6.622914712892294,0.0,0.0,85.10202118882829,11.50586744646174,43.86299929424522,85.10202118882829,XF1arc
Bend2_3L5,Bend2,Bend,127.00000000000011,127.40000000000012,0.4,3.236979270522388,3.23911382794166,0.21037599818304087,0.010855992838117482,0.0019646765857540363,0.037567978514352444,0.01089402975726211,0.037567978514352444,3.460575101196091,5.544948128488547,0.15399963987745097,0.0,0.0,11.975580031018335,30.746449747628635,0.15399963987745097,Bend2
QDA_3L5,QDA,Quadrupole,127.90000000000012,128.20000000000013,0.3,1.1113778770614233,5.621940014892411,0.14291013915358042,0.007334192937338759,0.002588338475190825,0.02700257881201628,0.012765015425572474,0.02700257881201628,3.681738269325414,4.931741172155382,0.0,-2.921746106485083,0.0,13.555196683815296,24.32207098913254,-2.921746106485083,QDA
XD1arc_3L5,XD1arc,Sextupole,128.40000000000015,128.50000000000014,0.1,1.5958752185119274,4.381754062656229,0.16129856840560508,0.008294769616602445,0.0022850829158156906,0.029884308849807337,0.011855248747447072,0.029884308849807337,3.6027894964065337,5.188104407675371,0.0,0.0,-122.79559505311173,12.980092155417244,26.91642734494061,-122.79559505311173,XD1arc
Bend1_3L5,Bend1,Bend,128.70000000000013,129.10000000000014,0.4,3.2369793628749894,3.239113836855315,0.21037600009804347,0.010855992939327644,0.001964676588457314,0.037567978817982926,0.010894029765371942,0.037567978817982926,3.46057509690216,5.544948124986849,0.15399963987745097,0.0,0.0,11.975580001299395,30.746449708795172,0.15399963987745097,Bend1
QFA_3L4,QFA,Quadrupole,129.60000000000014,129.90000000000015,0.3,5.651600748848373,1.110959483798592,0.2810614718585756,0.01449681242236319,0.0011506071666015473,0.04849043726708957,0.008451821499804642,0.04849043726708957,3.3449034073371093,7.345531772384214,0.0,2.9475157415453004,0.0,11.188378804415404,53.95683701910597,2.9475157415453004,QFA
XF2arc_3L4,XF2arc,Sextupole,130.10000000000014,130.20000000000013,0.1,4.3942782273203065,1.5983351854999055,0.24725023285543646,0.012754126491247013,0.0013801042535440938,0.043262379473741036,0.00914031276063228,0.043262379473741036,3.3920299836630465,6.6229147089142355,0.0,0.0,85.10202118882829,11.505867410069127,43.86299924155253,85.10202118882829,XF2arc
Bend2_3L4,Bend2,Bend,130.40000000000015,130.80000000000015,0.4,3.2369793404776153,3.2391138150945222,0.21037600180072155,0.010855993021840598,0.001964676581857836,0.03756797906552179,0.010894029745573509,0.03756797906552179,3.460575093401475,5.544948133535497,0.15399963987745097,0.0,0.0,11.975579977070627,30.746449803598793,0.15399963987745097,Bend2
QDA_3L4,QDA,Quadrupole,131.30000000000015,131.60000000000016,0.3,1.1113778517153634,5.621939975397826,0.14291014426531745,0.007334193187583536,0.002588338466099181,0.02700257956275061,0.012765015398297542,0.02700257956275061,3.6817382460643087,4.931741178940702,0.0,-2.921746106485083,0.0,13.555196512532692,24.322071056059425,-2.921746106485083,QDA
XD2arc_3L4,XD2arc,Sextupole,131.80000000000018,131.90000000000018,0.1,1.5958751583779023,4.38175402651225,0.16129857495397582,0.00829476993559187,0.0022850829063911556,0.029884309806775613,0.011855248719173466,0.029884309806775613,3.6027894732252426,5.18810441669993,0.0,0.0,-122.79559505311173,12.98009198838262,26.91642743858132,-122.79559505311173,XD2arc
Bend1_3L4,Bend1,Bend,132.10000000000016,132.50000000000017,0.4,3.2369792480131383,3.2391138061643674,0.21037600953558622,0.010855993397341382,0.0019646765791495545,0.03756798019202414,0.010894029737448664,0.03756798019202414,3.4605750774705233,5.544948137043676,0.15399963987745097,0.0,0.0,11.975579866810119,30.74644984250413,0.15399963987745097,Bend1
QFA_3L3,QFA,Quadrupole,133.00000000000017,133.30000000000018,0.3,5.651600580250841,1.1109594737856332,0.28106148401212977,0.014496813014042395,0.0011506071614163977,0.04849043904212718,0.008451821484249193,0.04849043904212718,3.344903393260072,7.34553179196712,0.0,2.9475157415453004,0.0,11.188378710242745,53.956837306799684,2.9475157415453004,QFA
XF1arc_3L3,XF1arc,Sextupole,133.50000000000017,133.60000000000016,0.1,4.394278111772646,1.5983351819901443,0.24725024336958132,0.012754127003818236,0.0013801042520288182,0.04326238101145471,0.009140312756086455,0.04326238101145471,3.3920299679078885,6.62291471289199,0.0,0.0,85.10202118882829,11.505867303185191,43.862999294241185,85.10202118882829,XF1arc
Bend2_3L3,Bend2,Bend,133.80000000000018,134.2000000000002,0.4,3.236979270470525,3.2391138279418055,0.21037601056515018,0.010855993449809864,0.0019646765857540805,0.03756798034942959,0.010894029757262242,0.03756798034942959,3.4605750752445017,5.544948128488488,0.15399963987745097,0.0,0.0,11.975579851403488,30.746449747627985,0.15399963987745097,Bend2
QDA_3L3,QDA,Quadrupole,134.7000000000002,135.0000000000002,0.3,1.1113778769963472,5.62194001489192,0.1429101467077789,0.00733419331158753,0.002588338475190712,0.027002579934762592,0.012765015425572134,0.027002579934762592,3.681738234537715,4.9317411721554665,0.0,-2.921746106485083,0.0,13.555196427656892,24.322070989133376,-2.921746106485083,QDA
XD1arc_3L3,XD1arc,Sextupole,135.20000000000022,135.3000000000002,0.1,1.5958752184113278,4.381754062655576,0.16129857612100673,0.008294769999064594,0.0022850829158155206,0.02988430999719378,0.011855248747446562,0.02988430999719378,3.602789468612614,5.188104407675533,0.0,0.0,-122.79559505311173,12.980091955145962,26.916427344942296,-122.79559505311173,XD1arc
Bend1_3L3,Bend1,Bend,135.5000000000002,135.9000000000002,0.4,3.2369793627502887,3.2391138368449655,0.21037600867338457,0.010855993362954352,0.0019646765884541754,0.03756798008886305,0.010894029765362526,0.03756798008886305,3.460575078929423,5.544948124990914,0.15399963987745097,0.0,0.0,11.975579876907382,30.746449708840256,0.15399963987745097,Bend1
QFA_3L2,QFA,Quadrupole,136.4000000000002,136.70000000000022,0.3,5.6516007487300906,1.110959483818347,0.2810614810517458,0.014496812876751223,0.0011506071666117772,0.048490438630253666,0.008451821499835331,0.048490438630253666,3.3449033965264583,7.345531772345578,0.0,2.9475157415453004,0.0,11.188378732094238,53.956837018538366,2.9475157415453004,QFA
XF2arc_3L2,XF2arc,Sextupole,136.9000000000002,137.0000000000002,0.1,4.3942782272687415,1.5983351855328198,0.24725024002650856,0.012754126845636362,0.001380104253558304,0.04326238053690908,0.009140312760674913,0.04326238053690908,3.3920299727700036,6.622914708876934,0.0,0.0,85.10202118882829,11.505867336170072,43.86299924105844,85.10202118882829,XF2arc
Bend2_3L2,Bend2,Bend,137.20000000000022,137.60000000000022,0.4,3.236979340248964,3.239113815109335,0.2103760069878574,0.010855993278077087,0.0019646765818623286,0.03756797983423126,0.010894029745586986,0.03756797983423126,3.4605750825304167,5.544948133529678,0.15399963987745097,0.0,0.0,11.9755799018304,30.746449803534258,0.15399963987745097,Bend2
QDA_3L2,QDA,Quadrupole,138.10000000000022,138.40000000000023,0.3,1.111377851641334,5.62193997536936,0.14291014240227873,0.0073341930960217,0.002588338466092628,0.027002579288065102,0.012765015398277884,0.027002579288065102,3.6817382545752935,4.931741178945592,0.0,-2.921746106485083,0.0,13.555196575203128,24.32207105610766,-2.921746106485083,QDA
XD2arc_3L2,XD2arc,Sextupole,138.60000000000025,138.70000000000024,0.1,1.5958751583026147,4.381754026470229,0.1612985695200008,0.008294769666209222,0.0022850829063801987,0.02988430899862767,0.011855248719140597,0.02988430899862767,3.602789492801558,5.188104416710422,0.0,0.0,-122.79559505311173,12.980092129441307,26.916427438690185,-122.79559505311173,XD2arc
Bend1_3L2,Bend1,Bend,138.90000000000023,139.30000000000024,0.4,3.236979247843867,3.2391138061559546,0.21037599915107613,0.01085599288431779,0.0019646765791470028,0.03756797865295337,0.010894029737441007,0.03756797865295337,3.460575099236002,5.544948137046981,0.15399963987745097,0.0,0.0,11.975580017452266,30.74644984254078,0.15399963987745097,Bend1
QFA_3L1,QFA,Quadrupole,139.80000000000024,140.10000000000025,0.3,5.651600579809469,1.1109594737839803,0.28106146876469673,0.014496812260394893,0.0011506071614155416,0.04849043678118468,0.008451821484246625,0.04849043678118468,3.344903411190606,7.3455317919703536,0.0,2.9475157415453004,0.0,11.188378830194551,53.95683730684719,2.9475157415453004,QFA
XF1arc_3L1,XF1arc,Sextupole,140.30000000000024,140.40000000000023,0.1,4.394278111438087,1.5983351819899816,0.247250229400267,0.012754126313438042,0.001380104252028748,0.04326237894031412,0.009140312756086243,0.04326237894031412,3.39202998912845,6.6229147128921735,0.0,0.0,85.10202118882829,11.505867447146754,43.86299929424362,85.10202118882829,XF1arc
Bend2_3L1,Bend2,Bend,140.60000000000025,141.00000000000026,0.4,3.236979270272435,3.2391138279419205,0.21037599812412677,0.010855992835189149,0.001964676585754115,0.037567978505567444,0.010894029757262346,0.037567978505567444,3.460575101320328,5.544948128488444,0.15399963987745097,0.0,0.0,11.975580031878199,30.746449747627494,0.15399963987745097,Bend2
QDA_3L1,QDA,Quadrupole,141.50000000000026,141.80000000000027,0.3,1.1113778770270897,5.621940014892826,0.14291013912138684,0.0073341929357359555,0.0025883384751909204,0.027002578807207866,0.012765015425572762,0.027002578807207866,3.6817382694744,4.931741172155312,0.0,-2.921746106485083,0.0,13.555196684912348,24.32207098913185,-2.921746106485083,QDA
XD1arc_3L1,XD1arc,Sextupole,142.00000000000028,142.10000000000028,0.1,1.595875218497116,4.381754062656487,0.16129856837248227,0.008294769614959077,0.002285082915815758,0.029884308844877232,0.011855248747447275,0.029884308844877232,3.6027894965259586,5.188104407675306,0.0,0.0,-122.79559505311173,12.98009215627777,26.916427344939937,-122.79559505311173,XD1arc
Bend1_3L1,Bend1,Bend,142.30000000000027,142.70000000000027,0.4,3.2369793629669465,3.239113836855463,0.21037600006406387,0.010855992937655575,0.001964676588457359,0.037567978812966724,0.010894029765372078,0.037567978812966724,3.4605750969730993,5.5449481249867905,0.15399963987745097,0.0,0.0,11.975580001790375,30.746449708794522,0.15399963987745097,Bend1
QFA_3RC,QFA,Quadrupole,143.20000000000027,143.50000000000028,0.3,5.6516007490826095,1.1109594837985592,0.2810614718258708,0.014496812420759406,0.0011506071666015302,0.04849043726227822,0.008451821499804592,0.04849043726227822,3.344903407375266,7.3455317723842795,0.0,2.9475157415453004,0.0,11.188378804670664,53.956837019106935,2.9475157415453004,QFA
Bend1_3R1,Bend1,Bend,144.00000000000028,144.4000000000003,0.4,3.2369793405250373,3.2391138150869625,0.21037600178552726,0.010855993021093368,0.0019646765818555436,0.0375679790632801,0.010894029745566632,0.0375679790632801,3.4605750934331767,5.544948133538467,0.15399963987745097,0.0,0.0,11.975579977290039,30.74644980363173,0.15399963987745097,Bend1
XD1arc_3R1,XD1arc,Sextupole,144.6000000000003,144.7000000000003,0.1,1.5958751905404025,4.381754032143021,0.16129857165952952,0.008294769775288945,0.002285082907859378,0.029884309325866835,0.011855248723578134,0.029884309325866835,3.6027894848746214,5.188104415294019,0.0,0.0,-122.79559505311173,12.98009207232314,26.91642742399329,-122.79559505311173,XD1arc
QDA_3R1,QDA,Quadrupole,144.9000000000003,145.2000000000003,0.3,1.1113778516834172,5.6219399753682,0.14291014429340726,0.007334193188970086,0.0025883384660923612,0.02700257956691026,0.012765015398277083,0.02700257956691026,3.681738245935424,4.931741178945791,0.0,-2.921746106485083,0.0,13.555196511583654,24.32207105610962,-2.921746106485083,QDA
Bend2_3R1,Bend2,Bend,145.7000000000003,146.1000000000003,0.4,3.236979247724871,3.2391138061690175,0.21037600960019676,0.010855993400512624,0.0019646765791509644,0.03756798020153787,0.010894029737452893,0.03756798020153787,3.4605750773359807,5.54494813704185,0.15399963987745097,0.0,0.0,11.97557986587893,30.74644984248388,0.15399963987745097,Bend2
XF1arc_3R1,XF1arc,Sextupole,146.3000000000003,146.4000000000003,0.1,4.39427809707623,1.5983351744125482,0.24725024288901282,0.012754126979173885,0.001380104248757329,0.043262380937521654,0.009140312746271986,0.043262380937521654,3.392029968665394,6.622914721479982,0.0,0.0,85.10202118882829,11.505867308324154,43.86299940799627,85.10202118882829,XF1arc
QFA_3R1,QFA,Quadrupole,146.6000000000003,146.90000000000032,0.3,5.651600579703296,1.1109594737818052,0.2810614840991991,0.014496813018316434,0.0011506071614144154,0.0484904390549493,0.008451821484243246,0.0484904390549493,3.344903393158386,7.345531791974607,0.0,2.9475157415453004,0.0,11.188378709562484,53.956837306909684,2.9475157415453004,QFA
Bend1_3R2,Bend1,Bend,147.40000000000032,147.80000000000032,0.4,3.2369792702193134,3.2391138279381417,0.21037601063086814,0.010855993453038469,0.0019646765857529694,0.037567980359115405,0.010894029757258908,0.037567980359115405,3.4605750751075255,5.544948128489927,0.15399963987745097,0.0,0.0,11.975579850455455,30.746449747643943,0.15399963987745097,Bend1
XD2arc_3R2,XD2arc,Sextupole,148.00000000000034,148.10000000000034,0.1,1.5958751862644427,4.381754056961496,0.1612985769547663,0.008294770037386646,0.0022850829143307902,0.02988431011215994,0.011855248742992371,0.02988431011215994,3.602789465827711,5.188104409097252,0.0,0.0,-122.79559505311173,12.980091935079123,26.916427359694346,-122.79559505311173,XD2arc
QDA_3R2,QDA,Quadrupole,148.30000000000032,148.60000000000034,0.3,1.1113778770204408,5.62194001486244,0.14291014671585403,0.0073341933119852615,0.0025883384751839256,0.027002579935955787,0.012765015425551775,0.027002579935955787,3.6817382345007448,4.931741172160532,0.0,-2.921746106485083,0.0,13.555196427384661,24.322070989183334,-2.921746106485083,QDA
Bend2_3R2,Bend2,Bend,149.10000000000034,149.50000000000034,0.4,3.2369793630101715,3.239113836863048,0.21037600861337913,0.010855993360008575,0.0019646765884596593,0.03756798008002572,0.010894029765378978,0.03756798008002572,3.4605750790544008,5.544948124983811,0.15399963987745097,0.0,0.0,11.975579877772372,30.746449708761478,0.15399963987745097,Bend2
XF2arc_3R2,XF2arc,Sextupole,149.70000000000033,149.80000000000032,0.1,4.394278241796326,1.598335193102127,0.2472502408664753,0.0127541268880318,0.0013801042568262144,0.0432623806640954,0.009140312770478644,0.0432623806640954,3.392029971466874,6.622914700298335,0.0,0.0,85.10202118882829,11.505867327329563,43.86299912742778,85.10202118882829,XF2arc
QFA_3R2,QFA,Quadrupole,150.00000000000034,150.30000000000035,0.3,5.651600749018634,1.1109594838210477,0.2810614809691769,0.014496812872685744,0.0011506071666131758,0.048490438618057234,0.008451821499839527,0.048490438618057234,3.344903396623183,7.345531772340296,0.0,2.9475157415453004,0.0,11.188378732741308,53.95683701846077,2.9475157415453004,QFA
Bend1_3R3,Bend1,Bend,150.80000000000035,151.20000000000036,0.4,3.2369793404015925,3.2391138150999574,0.21037600692421582,0.010855993274944008,0.0019646765818594845,0.037567979824832023,0.010894029745578453,0.037567979824832023,3.46057508266334,5.544948133533361,0.15399963987745097,0.0,0.0,11.975579902750383,30.746449803575103,0.15399963987745097,Bend1
XD1arc_3R3,XD1arc,Sextupole,151.40000000000038,151.50000000000037,0.1,1.595875190420123,4.381754032122081,0.16129857281883264,0.008294769832747212,0.002285082907853918,0.029884309498241637,0.011855248723561754,0.029884309498241637,3.60278948069907,5.1881044152992475,0.0,0.0,-122.79559505311173,12.980092042235874,26.916427424047548,-122.79559505311173,XD1arc
QDA_3R3,QDA,Quadrupole,151.70000000000036,152.00000000000037,0.3,1.1113778516325639,5.621939975340422,0.14291014236186178,0.007334193094013119,0.0025883384660859666,0.027002579282039356,0.0127650153982579,0.027002579282039356,3.681738254761998,4.931741178950564,0.0,-2.921746106485083,0.0,13.555196576577922,24.3220710561567,-2.921746106485083,QDA
Bend2_3R3,Bend2,Bend,152.50000000000037,152.90000000000038,0.4,3.236979247705659,3.2391138061526985,0.2103759991038291,0.010855992881973826,0.0019646765791460153,0.03756797864592148,0.010894029737438046,0.03756797864592148,3.460575099335447,5.5449481370482605,0.15399963987745097,0.0,0.0,11.975580018140539,30.746449842554973,0.15399963987745097,Bend2
XF1arc_3R3,XF1arc,Sextupole,153.10000000000036,153.20000000000036,0.1,4.3942780970594955,1.5983351744060401,0.24725022990456777,0.012754126337485022,0.0013801042487545192,0.04326237901245506,0.009140312746263559,0.04326237901245506,3.392029988389306,6.62291472148736,0.0,0.0,85.10202118882829,11.505867442132354,43.862999408094,85.10202118882829,XF1arc
QFA_3R3,QFA,Quadrupole,153.40000000000038,153.7000000000004,0.3,5.651600579729292,1.1109594737889972,0.2810614687107199,0.01449681225772272,0.0011506071614181396,0.04849043677316816,0.00845182148425442,0.04849043677316816,3.344903411254182,7.345531791960542,0.0,2.9475157415453004,0.0,11.188378830619861,53.95683730670305,2.9475157415453004,QFA
Bend1_3R4,Bend1,Bend,154.2000000000004,154.6000000000004,0.4,3.236979270239623,3.239113827958528,0.2103759980907362,0.010855992833537257,0.001964676585759152,0.03756797850061177,0.010894029757277456,0.03756797850061177,3.460575101390411,5.544948128481919,0.15399963987745097,0.0,0.0,11.975580032363254,30.746449747555136,0.15399963987745097,Bend1
XD2arc_3R4,XD2arc,Sextupole,154.8000000000004,154.9000000000004,0.1,1.5958751862518572,4.381754057019025,0.16129856753563426,0.008294769570455766,0.002285082914345791,0.0298843087113673,0.011855248743037373,0.0298843087113673,3.60278949976006,5.1881044090828885,0.0,0.0,-122.79559505311173,12.980092179581343,26.916427359545306,-122.79559505311173,XD2arc
QDA_3R4,QDA,Quadrupole,155.1000000000004,155.4000000000004,0.3,1.1113778770651663,5.6219400149129815,0.14291013915718503,0.0073341929375182096,0.0025883384751955603,0.02700257881255463,0.012765015425586682,0.02700257881255463,3.6817382693087337,4.931741172151849,0.0,-2.921746106485083,0.0,13.55519668369247,24.322070989097693,-2.921746106485083,QDA
Bend2_3R4,Bend2,Bend,155.9000000000004,156.3000000000004,0.4,3.2369793630224626,3.2391138368625594,0.21037600018859054,0.010855992943811364,0.001964676588459511,0.03756797883143409,0.010894029765378534,0.03756797883143409,3.4605750967119344,5.544948124984003,0.15399963987745097,0.0,0.0,11.975579999982815,30.746449708763613,0.15399963987745097,Bend2
XF2arc_3R4,XF2arc,Sextupole,156.5000000000004,156.6000000000004,0.1,4.394278241863483,1.5983351930763596,0.2472502320523051,0.012754126452441925,0.0013801042568150899,0.04326237935732578,0.00914031277044527,0.04326237935732578,3.392029984855818,6.622914700327537,0.0,0.0,85.10202118882829,11.505867418160962,43.86299912781459,85.10202118882829,XF2arc
QFA_3R4,QFA,Quadrupole,156.8000000000004,157.10000000000042,0.3,5.651600749157865,1.1109594837985242,0.2810614720037922,0.014496812429557178,0.0011506071666015122,0.04849043728867153,0.008451821499804536,0.04849043728867153,3.344903407165952,7.345531772384346,0.0,2.9475157415453004,0.0,11.188378803270394,53.956837019107915,2.9475157415453004,QFA
Bend1_3R5,Bend1,Bend,157.60000000000042,158.00000000000043,0.4,3.2369793405511373,3.239113815086686,0.2103760019271373,0.010855993028090998,0.0019646765818554595,0.03756797908427299,0.010894029745566379,0.03756797908427299,3.460575093136297,5.5449481335385755,0.15399963987745097,0.0,0.0,11.97557997523529,30.74644980363293,0.15399963987745097,Bend1
XD1arc_3R5,XD1arc,Sextupole,158.20000000000044,158.30000000000044,0.1,1.5958751905745163,4.381754032142679,0.16129857175431728,0.008294769779991003,0.0022850829078592885,0.02988430933997301,0.011855248723577867,0.02988430933997301,3.602789484532918,5.188104415294105,0.0,0.0,-122.79559505311173,12.980092069860968,26.916427423994186,-122.79559505311173,XD1arc
QDA_3R5,QDA,Quadrupole,158.50000000000043,158.80000000000044,0.3,1.1113778516965684,5.621939975367756,0.1429101443500316,0.007334193191782432,0.002588338466092259,0.027002579575347296,0.012765015398276777,0.027002579575347296,3.6817382456740066,4.9317411789458685,0.0,-2.921746106485083,0.0,13.555196509658712,24.322071056110385,-2.921746106485083,QDA
Bend2_3R5,Bend2,Bend,159.30000000000044,159.70000000000044,0.4,3.2369792475384185,3.2391138061688465,0.21037600963496042,0.01085599340221667,0.001964676579150913,0.037567980206650003,0.010894029737452737,0.037567980206650003,3.4605750772636847,5.544948137041915,0.15399963987745097,0.0,0.0,11.975579865378558,30.74644984248461,0.15399963987745097,Bend2
XF1arc_3R5,XF1arc,Sextupole,159.90000000000043,160.00000000000043,0.1,4.394278096674963,1.5983351744125247,0.2472502429159891,0.012754126980482616,0.0013801042487573188,0.043262380941447846,0.009140312746271957,0.043262380941447846,3.392029968625167,6.62291472148001,0.0,0.0,85.10202118882829,11.505867308051252,43.86299940799663,85.10202118882829,XF1arc
QFA_3R5,QFA,Quadrupole,160.20000000000044,160.50000000000045,0.3,5.651600579197369,1.1109594737818858,0.28106148411606713,0.014496813019123029,0.001150607161414457,0.048490439057369085,0.008451821484243371,0.048490439057369085,3.344903393139196,7.34553179197445,0.0,2.9475157415453004,0.0,11.188378709434106,53.956837306907374,2.9475157415453004,QFA
Bend1_3R6,Bend1,Bend,161.00000000000045,161.40000000000046,0.4,3.2369792699100755,3.23911382793843,0.21037601062187244,0.010855993452571946,0.0019646765857530566,0.03756798035771584,0.01089402975725917,0.03756798035771584,3.460575075127318,5.544948128489815,0.15399963987745097,0.0,0.0,11.975579850592442,30.746449747642703,0.15399963987745097,Bend1
XD2arc_3R6,XD2arc,Sextupole,161.60000000000048,161.70000000000047,0.1,1.5958751861732536,4.38175405696186,0.16129857692241018,0.008294770035774135,0.0022850829143308852,0.02988431010732241,0.011855248742992656,0.02988431010732241,3.6027894659448942,5.188104409097161,0.0,0.0,-122.79559505311173,12.980091935923497,26.916427359693397,-122.79559505311173,XD2arc
QDA_3R6,QDA,Quadrupole,161.90000000000046,162.20000000000047,0.3,1.1113778770920277,5.6219400148629175,0.14291014667181667,0.007334193309797407,0.0025883384751840357,0.02700257992939222,0.012765015425552109,0.02700257992939222,3.681738234704113,4.93174117216045,0.0,-2.921746106485083,0.0,13.55519642888216,24.32207098918253,-2.921746106485083,QDA
Bend2_3R6,Bend2,Bend,162.70000000000047,163.10000000000048,0.4,3.2369793634566304,3.2391138368632326,0.21037600847297086,0.010855993353104117,0.0019646765884597153,0.03756798005931235,0.010894029765379145,0.03756798005931235,3.460575079347328,5.544948124983738,0.15399963987745097,0.0,0.0,11.975579879799767,30.746449708760668,0.15399963987745097,Bend2
XF2arc_3R6,XF2arc,Sextupole,163.30000000000047,163.40000000000046,0.1,4.394278242385193,1.598335193102151,0.24725024070270496,0.012754126879974166,0.0013801042568262248,0.04326238063992249,0.009140312770478675,0.04326238063992249,3.3920299717145452,6.622914700298307,0.0,0.0,85.10202118882829,11.505867329009778,43.862999127427415,85.10202118882829,XF2arc
QFA_3R6,QFA,Quadrupole,163.60000000000048,163.9000000000005,0.3,5.65160074974253,1.1109594838210173,0.28106148078418847,0.01449681286358154,0.00115060716661316,0.04849043859074462,0.00845182149983948,0.04849043859074462,3.3449033968397877,7.345531772340356,0.0,2.9475157415453004,0.0,11.18837873419035,53.956837018461655,2.9475157415453004,QFA
Bend1_3R7,Bend1,Bend,164.4000000000005,164.8000000000005,0.4,3.2369793407663097,3.239113815099665,0.21037600678774265,0.010855993268228102,0.001964676581859396,0.03756797980468431,0.010894029745578189,0.03756797980468431,3.460575082948268,5.5449481335334765,0.15399963987745097,0.0,0.0,11.975579904722414,30.746449803576386,0.15399963987745097,Bend1
XD1arc_3R7,XD1arc,Sextupole,165.0000000000005,165.1000000000005,0.1,1.5958751905815844,4.381754032121714,0.16129857273726178,0.008294769828718657,0.0022850829078538224,0.02988430948615597,0.011855248723561466,0.02988430948615597,3.602789480991829,5.188104415299338,0.0,0.0,-122.79559505311173,12.980092044345373,26.916427424048486,-122.79559505311173,XD1arc
QDA_3R7,QDA,Quadrupole,165.3000000000005,165.6000000000005,0.3,1.1113778516673902,5.621939975339961,0.1429101423075469,0.007334193091318793,0.002588338466085861,0.02700257927395638,0.012765015398257583,0.02700257927395638,3.6817382550124447,4.931741178950643,0.0,-2.921746106485083,0.0,13.55519657842208,24.32207105615748,-2.921746106485083,QDA
Bend2_3R7,Bend2,Bend,166.1000000000005,166.5000000000005,0.4,3.236979247115242,3.239113806152512,0.21037599911811777,0.010855992882637475,0.001964676579145959,0.03756797864791243,0.010894029737437878,0.03756797864791243,3.4605750993072912,5.544948137048333,0.15399963987745097,0.0,0.0,11.975580017945669,30.746449842555784,0.15399963987745097,Bend2
XF1arc_3R7,XF1arc,Sextupole,166.7000000000005,166.8000000000005,0.1,4.394278096199023,1.5983351744060248,0.2472502299344315,0.012754126338908489,0.0013801042487545127,0.043262379016725465,0.009140312746263538,0.043262379016725465,3.3920299883455525,6.622914721487376,0.0,0.0,85.10202118882829,11.505867441835528,43.86299940809421,85.10202118882829,XF1arc
QFA_M3R7,QFA,Quadrupole,167.0000000000005,167.30000000000052,0.3,5.624729772152605,1.1353066277796837,0.2803925320720056,0.014462309268841754,0.0011631468556144802,0.04838692780652526,0.008489440566843441,0.04838692780652526,3.345726253467157,7.298683331227805,0.0,3.1958966839546084,0.0,11.193884163139378,53.270778369542604,3.1958966839546084,QFA_M
Bend1_3R8,Bend1,Bend,167.80000000000052,168.20000000000053,0.4,2.8605696417143083,3.4856186712771673,0.1974727963147006,0.010190798079657695,0.002038064390752513,0.035572394238973085,0.01111419317225754,0.035572394238973085,3.4906387076769505,5.453308159784812,0.15399963987745097,0.0,0.0,12.184558587532612,29.73856988557561,0.15399963987745097,Bend1
XD2arc_3R8,XD2arc,Sextupole,168.40000000000055,168.50000000000054,0.1,1.1559818610068466,4.728943339981287,0.13655715993933398,0.007023786139652598,0.002373886876925646,0.026071358418957795,0.012121660630776939,0.026071358418957795,3.711866776776222,5.106250322456543,0.0,0.0,-122.79559505311173,13.7779549685351,26.073792355587553,-122.79559505311173,XD2arc
QDA_M3R8,QDA,Quadrupole,168.70000000000053,169.00000000000054,0.3,0.7744222086745856,6.119116257529057,0.11224713218618876,0.005768008714004896,0.002700364043883962,0.02230402614201469,0.013101092131651886,0.02230402614201469,3.866850285413032,4.851602198349689,0.0,-2.625413582289072,0.0,14.95253112979885,23.53804389103154,-2.625413582289072,QDA_M
Bend2_3R8,Bend2,Bend,169.50000000000054,169.90000000000055,0.4,3.1816909053887286,4.013345100381992,0.11382971274662268,0.006162194150945316,0.002186911544259217,0.02348658245283595,0.01156073463277765,0.02348658245283595,3.8113992966665897,5.286329327368233,0.15399963987745097,0.0,0.0,14.526764598630574,27.945277757393477,0.15399963987745097,Bend2
XF2arc_3R,XF2arc,Sextupole,170.10000000000053,170.20000000000053,0.1,4.5994986863038925,2.3848627939946216,0.1326558761079356,0.007211387169793129,0.0016858140284817756,0.026634161509379386,0.010057442085445328,0.026634161509379386,3.6933478791630923,5.965926202727677,0.0,0.0,85.10202118882829,13.64081855651851,35.59227545639268,85.10202118882829,XF2arc
QFDS_3R,QFDS,Quadrupole,170.40000000000055,170.70000000000056,0.3,6.343482467037807,1.8124352663179994,0.1505813832020314,0.008224440086771052,0.0014696340865789949,0.029673320260313156,0.009408902259736986,0.029673320260313156,3.6079441210888583,6.402207424052724,0.0,2.469686301529578,0.0,13.017260780899655,40.98825990059582,2.469686301529578,QFDS
QDDoubDS_3R,QDDoubDS,Quadrupole,172.66500000000053,172.96500000000054,0.3,3.16760324350106,7.675093160472347,0.05370261612053496,0.0033346375412927217,0.0030242646436091283,0.015003912623878166,0.014072793930827384,0.015003912623878166,4.49941333595785,4.653294466331176,0.0,-4.233400788590357,0.0,20.244720367795345,21.653149390388347,-4.233400788590357,QDDoubDS
QDDS_3R,QDDS,Quadrupole,173.05000000000055,173.35000000000056,0.3,4.3920006001019445,5.065731969475629,0.05077312175811252,0.0036282743881812323,0.002456965555097979,0.015884823164543697,0.012370896665293937,0.015884823164543697,4.3780655664541355,5.035030564276922,0.0,5.281303940898764,0.0,19.16745810417137,25.351532783202778,5.281303940898764,QDDS
BendDS_3R,BendDS,Bend,173.85000000000056,174.25000000000057,0.4,1.79671790236553,6.9298145298280724,0.012316079799441833,0.0017824377401334053,0.0028736824123888594,0.010347313220400216,0.013621047237166579,0.013621047237166579,5.805147067647804,4.739927828643931,0.15399963987745097,0.0,0.0,33.69973247701989,22.466915820753172,0.15399963987745097,BendDS
QDDoub_3R,QDDoub,Quadrupole,174.95000000000056,175.25000000000057,0.3,1.6002281312203512,10.1795119492209,1.852086817483508e-09,0.0015764639167070388,0.0034829035071413353,0.009729391750121117,0.015448710521424006,0.015448710521424006,6.17165521329796,4.4355838425463165,0.0,-3.3072351028470384,0.0,38.089328071827886,19.674404024257946,-3.3072351028470384,QDDoub
QFDoub_3R,QFDoub,Quadrupole,175.50000000000057,175.80000000000058,0.3,4.829811422791671,5.507689221528982,1.5288678533621966e-09,0.002738786455848607,0.00256190297308835,0.01321635936754582,0.01268570891926505,0.01321635936754582,4.8256260868103205,4.951674225184472,0.0,3.171856834215951,0.0,23.286667129704288,24.519077632356236,3.171856834215951,QFDoub
QFTrip_3R1,QFTrip,Quadrupole,178.30000000000058,178.6000000000006,0.3,10.046971633159817,4.127886581809337,2.7548372054634497e-09,0.00395012348518242,0.002217899394749859,0.01685037045554726,0.011653698184249578,0.01685037045554726,4.265783213804794,5.254385393600739,0.0,1.807181921990719,0.0,18.19690642717876,27.60856586448479,1.807181921990719,QFTrip
QDTripC_1L2,QDTripC,Quadrupole,179.0000000000006,179.3000000000006,0.3,6.421853230932329,6.917795840287152,3.224339438999404e-09,0.0031580810535780796,0.002871189352526817,0.01447424316073424,0.01361356805758045,0.01447424316073424,4.5832399217034165,4.741438611702744,0.0,-3.286517995497328,0.0,21.00608817989594,22.481240108545645,-3.286517995497328,QDTripC
QFTrip_1L1,QFTrip,Quadrupole,179.7000000000006,180.00000000000063,0.3,10.046971579424616,4.12788659087518,4.9167282672958665e-09,0.00395012347461901,0.0022178993971853824,0.01685037042385703,0.011653698191556146,0.01685037042385703,4.265783217189749,5.254385391125148,0.0,1.807181921990719,0.0,18.19690645605772,27.608565838469378,1.807181921990719,QFTrip
QFDoub_1L,QFDoub,Quadrupole,182.50000000000063,182.80000000000064,0.3,4.829811316005378,5.50768927581616,5.907331701152708e-09,0.0027387864255715754,0.002561902985714197,0.013216359276714728,0.012685708957142591,0.013216359276714728,4.825626106992449,4.951674215566021,0.0,3.171856834215951,0.0,23.2866673244871,24.519077537101367,3.171856834215951,QFDoub
QDDoub_1L,QDDoub,Quadrupole,183.05000000000064,183.35000000000065,0.3,1.6002280892191727,10.179512042681777,3.9397454226168575e-09,0.0015764638960183296,0.003482903523130079,0.009729391688054988,0.015448710569390237,0.015448710569390237,6.171655254921147,4.435583835956073,0.0,-3.3072351028470384,0.0,38.08932858559581,19.674403965794788,-3.3072351028470384,QDDoub
BendDS_1L,BendDS,Bend,184.05000000000064,184.45000000000064,0.4,1.7967179456688624,6.929814584661275,0.012316074843931697,0.001782437671709413,0.0028736824237580822,0.01034731301512824,0.013621047271274247,0.013621047271274247,5.805147175331435,4.73992782176021,0.15399963987745097,0.0,0.0,33.69973372725855,22.466915755496487,0.15399963987745097,BendDS
QDDS_1L,QDDS,Quadrupole,184.95000000000064,185.25000000000065,0.3,4.39200067304932,5.065731986281138,0.050773117494909564,0.003628274240299789,0.0024569655591734573,0.015884822720899368,0.012370896677520372,0.015884822720899368,4.378065622621423,5.035030560901326,0.0,5.281303940898764,0.0,19.16745859597951,25.351532749210325,5.281303940898764,QDDS
QDDoubDS_1L,QDDoubDS,Quadrupole,185.33500000000066,185.63500000000067,0.3,3.167603286771134,7.675093178218876,0.05370261446816275,0.0033346374779342335,0.0030242646471055155,0.0150039124338027,0.014072793941316546,0.0150039124338027,4.4994133644468715,4.653294464419783,0.0,-4.233400788590357,0.0,20.244720624163115,21.6531493725998,-4.233400788590357,QDDoubDS
QFDS_1L,QFDS,Quadrupole,187.60000000000065,187.90000000000066,0.3,6.343482343807908,1.812435247025996,0.15058139014808136,0.008224440399284813,0.0014696340787574227,0.02967332119785444,0.00940890223627227,0.02967332119785444,3.6079440979880886,6.402207442159688,0.0,2.469686301529578,0.0,13.017260614207082,40.9882601324449,2.469686301529578,QFDS
XF2arc_1L,XF2arc,Sextupole,188.10000000000068,188.20000000000067,0.1,4.599498585408972,2.3848627676299334,0.13265588297196934,0.007211387480814286,0.0016858140191634281,0.02663416244244286,0.010057442057490283,0.02663416244244286,3.693347849259574,5.965926219121852,0.0,0.0,85.10202118882829,13.640818335630321,35.592275652005554,85.10202118882829,XF2arc
Bend2_1L8,Bend2,Bend,188.40000000000066,188.80000000000067,0.4,3.181690828463851,4.013345059603476,0.11382971932270518,0.0061621944509236675,0.0021869115331489084,0.023486583352771002,0.011560734599446724,0.023486583352771002,3.8113992571673125,5.28632933898362,0.15399963987745097,0.0,0.0,14.526764297535541,27.945277880198997,0.15399963987745097,Bend2
QDA_M1L8,QDA,Quadrupole,189.30000000000067,189.60000000000068,0.3,0.7744221932031614,6.119116204023525,0.11224713832648564,0.005768009018686611,0.0027003640320779746,0.02230402705605983,0.013101092096233925,0.02230402705605983,3.8668502396236737,4.851602206444891,0.0,-2.625413582289072,0.0,14.952530775677662,23.538043969580936,-2.625413582289072,QDA_M
XD2arc_1L8,XD2arc,Sextupole,189.80000000000067,189.90000000000066,0.1,1.155981880888725,4.7289433031574655,0.13655716717659724,0.007023786500551186,0.0023738868676830335,0.026071359501653558,0.0121216606030491,0.026071359501653558,3.711866740198841,5.106250330657127,0.0,0.0,-122.79559505311173,13.777954696994371,26.073792439336017,-122.79559505311173,XD2arc
Bend1_1L8,Bend1,Bend,190.10000000000068,190.50000000000068,0.4,2.860569717773559,3.485618648462669,0.1974728057303049,0.010190798550569776,0.0020380643840826186,0.035572395651709325,0.011114193152247855,0.035572395651709325,3.4906386850047624,5.453308167813657,0.15399963987745097,0.0,0.0,12.184558429251776,29.738569973143147,0.15399963987745097,Bend1
QFA_M1L7,QFA,Quadrupole,191.00000000000068,191.3000000000007,0.3,5.624729924040268,1.1353066315494094,0.28039254344924186,0.014462309839312511,0.001163146857545564,0.04838692951793753,0.008489440572636692,0.04838692951793753,3.3457262398298666,7.29868332409103,0.0,3.1958966839546084,0.0,11.193884071886098,53.27077826536449,3.1958966839546084,QFA_M
XF1arc_1L7,XF1arc,Sextupole,191.5000000000007,191.6000000000007,0.1,4.394278212077308,1.5983351915637667,0.24725023923558637,0.012754126805624278,0.0013801042561620554,0.04326238041687283,0.009140312768486166,0.04326238041687283,3.392029973999875,6.62291470204182,0.0,0.0,85.10202118882829,11.505867344513593,43.86299915052169,85.10202118882829,XF1arc
Bend2_1L7,Bend2,Bend,191.8000000000007,192.2000000000007,0.4,3.236979327831387,3.239113840492311,0.210376006283443,0.010855993242389658,0.0019646765895603197,0.03756797972716897,0.010894029768680959,0.03756797972716897,3.460575084044487,5.5449481235580675,0.15399963987745097,0.0,0.0,11.975579912309508,30.746449692950133,0.15399963987745097,Bend2
QDA_1L7,QDA,Quadrupole,192.7000000000007,193.0000000000007,0.3,1.1113778475602094,5.621940027061239,0.14291014197360213,0.0073341930742957155,0.0025883384779920864,0.02700257922288715,0.012765015433976259,0.02700257922288715,3.681738256594798,4.931741170064732,0.0,-2.921746106485083,0.0,13.555196590073702,24.32207096851145,-2.921746106485083,QDA
XD1arc_1L7,XD1arc,Sextupole,193.20000000000073,193.30000000000072,0.1,1.5958751582013422,4.38175406841459,0.16129856911959783,0.008294769646350774,0.002285082917317182,0.029884308939052324,0.011855248751951547,0.029884308939052324,3.602789494244692,5.188104406237602,0.0,0.0,-122.79559505311173,12.980092139839922,26.916427330022017,-122.79559505311173,XD1arc
Bend1_1L7,Bend1,Bend,193.5000000000007,193.90000000000072,0.4,3.236979254757202,3.2391138378146267,0.21037599872392143,0.010855992863710171,0.0019646765887482483,0.037567978591130514,0.010894029766244744,0.037567978591130514,3.4605751001102987,5.544948124609986,0.15399963987745097,0.0,0.0,11.975580023503404,30.746449704615802,0.15399963987745097,Bend1
QFA_1L6,QFA,Quadrupole,194.40000000000072,194.70000000000073,0.3,5.651600597723291,1.1109594779709524,0.2810614683255156,0.014496812239641728,0.0011506071635837398,0.04849043671892518,0.00845182149075122,0.04849043671892518,3.3449034116843586,7.345531783781656,0.0,2.9475157415453004,0.0,11.188378833497662,53.956837186546515,2.9475157415453004,QFA
XF2arc_1L6,XF2arc,Sextupole,194.90000000000072,195.0000000000007,0.1,4.394278126972331,1.598335175937869,0.24725022906917768,0.012754126298021485,0.0013801042494158585,0.04326237889406445,0.009140312748247576,0.04326237889406445,3.3920299896023165,6.622914719751277,0.0,0.0,85.10202118882829,11.50586745036149,43.862999385098135,85.10202118882829,XF2arc
Bend2_1L6,Bend2,Bend,195.20000000000073,195.60000000000073,0.4,3.2369792827347177,3.239113802521076,0.21037599789618724,0.010855992824819995,0.0019646765780446398,0.03756797847445998,0.01089402973413392,0.03756797847445998,3.460575101760248,5.544948138474929,0.15399963987745097,0.0,0.0,11.975580034922952,30.746449858376582,0.15399963987745097,Bend2
QDA_1L6,QDA,Quadrupole,196.10000000000073,196.40000000000074,0.3,1.1113778792483873,5.621939963017165,0.14291013930741034,0.007334192945211588,0.002588338463249156,0.027002578835634766,0.012765015389747468,0.027002578835634766,3.681738268593608,4.931741181067746,0.0,-2.921746106485083,0.0,13.555196678426658,24.32207107703949,-2.921746106485083,QDA
XD2arc_1L6,XD2arc,Sextupole,196.60000000000073,196.70000000000073,0.1,1.5958752186593923,4.381754020678491,0.16129856869278228,0.008294769630852334,0.0022850829048700044,0.029884308892557002,0.011855248714610012,0.029884308892557002,3.602789495370979,5.188104418156524,0.0,0.0,-122.79559505311173,12.980092147955473,26.916427453695242,-122.79559505311173,XD2arc
Bend1_1L6,Bend1,Bend,196.90000000000074,197.30000000000075,0.4,3.2369793559928746,3.2391138052319666,0.21037600065904805,0.010855992966549894,0.0019646765788667816,0.03756797889964968,0.010894029736600346,0.03756797889964968,3.4605750957472328,5.544948137409967,0.15399963987745097,0.0,0.0,11.975579993305969,30.74644984656626,0.15399963987745097,Bend1
QFA_1L5,QFA,Quadrupole,197.80000000000075,198.10000000000076,0.3,5.651600731165115,1.1109594809874301,0.28106147268064235,0.014496812462039904,0.0011506071651458043,0.04849043738611971,0.008451821495437413,0.04849043738611971,3.3449034063931338,7.345531777882162,0.0,2.9475157415453004,0.0,11.18837879810039,53.95683709987667,2.9475157415453004,QFA
XF1arc_1L5,XF1arc,Sextupole,198.30000000000075,198.40000000000074,0.1,4.394278211850877,1.5983351915616468,0.24725023360688997,0.012754126527441801,0.00138010425616114,0.0432623795823254,0.00914031276848342,0.0432623795823254,3.3920299825505094,6.6229147020442225,0.0,0.0,85.10202118882829,11.50586740252161,43.86299915055351,85.10202118882829,XF1arc
Bend2_1L5,Bend2,Bend,198.60000000000076,199.00000000000077,0.4,3.2369793279097046,3.2391138404959676,0.21037600246907978,0.010855993053959586,0.0019646765895614286,0.037567979161878755,0.010894029768684286,0.037567979161878755,3.4605750920387988,5.544948123556631,0.15399963987745097,0.0,0.0,11.97557996763934,30.746449692934206,0.15399963987745097,Bend2
QDA_1L5,QDA,Quadrupole,199.50000000000077,199.80000000000078,0.3,1.1113778474841436,5.621940027073933,0.14291014462296306,0.007334193205104426,0.0025883384779950085,0.02700257961531328,0.012765015433985026,0.02700257961531328,3.681738244435682,4.931741170062551,0.0,-2.921746106485083,0.0,13.555196500540339,24.322070968489943,-2.921746106485083,QDA
XD1arc_1L5,XD1arc,Sextupole,200.0000000000008,200.1000000000008,0.1,1.5958751580705317,4.381754068426855,0.1612985753192593,0.008294769953671103,0.00228508291732038,0.02988430986101331,0.011855248751961141,0.02988430986101331,3.602789471911406,5.18810440623454,0.0,0.0,-122.79559505311173,12.980091978915668,26.916427329990253,-122.79559505311173,XD1arc
Bend1_1L5,Bend1,Bend,200.30000000000078,200.70000000000078,0.4,3.2369792545126317,3.239113837804585,0.21037600989835317,0.010855993415727558,0.001964676588745203,0.03756798024718267,0.01089402976623561,0.03756798024718267,3.4605750766904735,5.544948124613931,0.15399963987745097,0.0,0.0,11.975579861411276,30.746449704659554,0.15399963987745097,Bend1
QFA_1L4,QFA,Quadrupole,201.20000000000078,201.5000000000008,0.3,5.651600597285775,1.1109594779612892,0.2810614843612954,0.014496813032212253,0.0011506071635787357,0.04849043909663676,0.008451821490736207,0.04849043909663676,3.344903392827781,7.3455317838005545,0.0,2.9475157415453004,0.0,11.1883787073508,53.95683718682415,2.9475157415453004,QFA
XF2arc_1L4,XF2arc,Sextupole,201.70000000000078,201.80000000000078,0.1,4.394278126678016,1.5983351759304654,0.24725024362392772,0.012754127017295473,0.001380104249412662,0.043262381051886414,0.009140312748237987,0.043262381051886414,3.392029967493632,6.622914719759668,0.0,0.0,85.10202118882829,11.505867300374849,43.86299938520928,85.10202118882829,XF2arc
Bend2_1L4,Bend2,Bend,202.0000000000008,202.4000000000008,0.4,3.236979282762322,3.2391138025344466,0.21037601072745582,0.010855993458707254,0.0019646765780486947,0.03756798037612176,0.010894029734146084,0.03756798037612176,3.4605750748670223,5.544948138469676,0.15399963987745097,0.0,0.0,11.975579848790897,30.74644985831833,0.15399963987745097,Bend2
QDA_1L4,QDA,Quadrupole,202.9000000000008,203.2000000000008,0.3,1.1113778793813711,5.621939963066313,0.14291014657808468,0.007334193305598379,0.00258833846326047,0.02700257991679514,0.01276501538978141,0.02700257991679514,3.681738235094427,4.931741181059302,0.0,-2.921746106485083,0.0,13.555196431756228,24.322071076956203,-2.921746106485083,QDA
XD2arc_1L4,XD2arc,Sextupole,203.4000000000008,203.5000000000008,0.1,1.5958752188389662,4.381754020724682,0.16129857572617792,0.008294769979531985,0.0022850829048820485,0.02988430993859596,0.011855248714646147,0.02988430993859596,3.6027894700320693,5.188104418144992,0.0,0.0,-122.79559505311173,12.980091965373958,26.916427453575583,-122.79559505311173,XD2arc
Bend1_1L4,Bend1,Bend,203.7000000000008,204.10000000000082,0.4,3.236979356260617,3.239113805234171,0.2103760079906486,0.010855993328761892,0.0019646765788674503,0.03756797998628567,0.010894029736602352,0.03756797998628567,3.4605750803800683,5.5449481374091,0.15399963987745097,0.0,0.0,11.975579886947516,30.746449846556647,0.15399963987745097,Bend1
QFA_1L3,QFA,Quadrupole,204.60000000000082,204.90000000000083,0.3,5.6516007312640175,1.1109594809984917,0.2810614800807355,0.014496812827823845,0.0011506071651515323,0.04849043848347153,0.008451821495454597,0.04849043848347153,3.3449033976905223,7.345531777860528,0.0,2.9475157415453004,0.0,11.1883787398816,53.956837099558854,2.9475157415453004,QFA
XF1arc_1L3,XF1arc,Sextupole,205.10000000000082,205.2000000000008,0.1,4.394278211855303,1.598335191563791,0.2472502391475736,0.012754126801261194,0.0013801042561620658,0.04326238040378358,0.009140312768486198,0.04326238040378358,3.3920299741339854,6.6229147020417924,0.0,0.0,85.10202118882829,11.505867345423406,43.862999150521325,85.10202118882829,XF1arc
Bend2_1L3,Bend2,Bend,205.40000000000083,205.80000000000084,0.4,3.2369793275628274,3.239113840492328,0.21037600621593283,0.010855993239035336,0.001964676589560325,0.03756797971710601,0.010894029768680976,0.03756797971710601,3.460575084186797,5.544948123558062,0.15399963987745097,0.0,0.0,11.975579913294457,30.746449692950076,0.15399963987745097,Bend2
QDA_1L3,QDA,Quadrupole,206.30000000000084,206.60000000000085,0.3,1.1113778473499278,5.6219400270610915,0.1429101419767826,0.007334193074431435,0.0025883384779920525,0.027002579223294305,0.012765015433976158,0.027002579223294305,3.681738256582182,4.9317411700647575,0.0,-2.921746106485083,0.0,13.555196589980804,24.322070968511703,-2.921746106485083,QDA
XD1arc_1L3,XD1arc,Sextupole,206.80000000000086,206.90000000000086,0.1,1.5958751580275101,4.3817540684144545,0.1612985691749806,0.00829476964907996,0.0022850829173171466,0.029884308947239882,0.011855248751951441,0.029884308947239882,3.6027894940463585,5.1881044062376365,0.0,0.0,-122.79559505311173,12.980092138410816,26.91642733002238,-122.79559505311173,XD1arc
Bend1_1L3,Bend1,Bend,207.10000000000085,207.50000000000085,0.4,3.2369792547540155,3.2391138378144846,0.21037599883348543,0.01085599286912258,0.001964676588748205,0.037567978607367734,0.010894029766244616,0.037567978607367734,3.460575099880672,5.544948124610043,0.15399963987745097,0.0,0.0,11.975580021914125,30.74644970461643,0.15399963987745097,Bend1
QFA_1L2,QFA,Quadrupole,208.00000000000085,208.30000000000086,0.3,5.6516005978777795,1.1109594779708498,0.2810614684886466,0.014496812247712227,0.0011506071635836866,0.04849043674313668,0.00845182149075106,0.04849043674313668,3.344903411492348,7.345531783781856,0.0,2.9475157415453004,0.0,11.188378832213148,53.95683718654945,2.9475157415453004,QFA
XF2arc_1L2,XF2arc,Sextupole,208.50000000000085,208.60000000000085,0.1,4.394278127216586,1.598335175937783,0.2472502292197267,0.01275412630547645,0.0013801042494158214,0.043262378916429346,0.009140312748247465,0.043262378916429346,3.3920299893731696,6.622914719751374,0.0,0.0,85.10202118882829,11.505867448806946,43.86299938509942,85.10202118882829,XF2arc
Bend2_1L2,Bend2,Bend,208.80000000000086,209.20000000000087,0.4,3.2369792830192674,3.2391138025210484,0.2103759980311348,0.010855992831506976,0.001964676578044631,0.037567978494520926,0.010894029734133892,0.037567978494520926,3.4605751014765476,5.54494813847494,0.15399963987745097,0.0,0.0,11.975580032959417,30.7464498583767,0.15399963987745097,Bend2
QDA_1L2,QDA,Quadrupole,209.70000000000087,210.00000000000088,0.3,1.1113778793971925,5.621939963017321,0.14291013939075706,0.007334192949367469,0.002588338463249192,0.027002578848102407,0.012765015389747576,0.027002578848102407,3.6817382682073045,4.93174118106772,0.0,-2.921746106485083,0.0,13.555196675582122,24.322071077039226,-2.921746106485083,QDA
XD2arc_1L2,XD2arc,Sextupole,210.20000000000087,210.30000000000086,0.1,1.5958752188215768,4.381754020678625,0.1612985687825775,0.008294769635318888,0.002285082904870039,0.029884308905956666,0.011855248714610116,0.029884308905956666,3.60278949504639,5.18810441815649,0.0,0.0,-122.79559505311173,12.980092145616622,26.91642745369489,-122.79559505311173,XD2arc
Bend1_1L2,Bend1,Bend,210.50000000000088,210.9000000000009,0.4,3.2369793561098823,3.2391138052321087,0.21037600075801777,0.010855992971447527,0.0019646765788668245,0.037567978914342576,0.010894029736600475,0.037567978914342576,3.4605750955394456,5.544948137409911,0.15399963987745097,0.0,0.0,11.975579991867843,30.74644984656564,0.15399963987745097,Bend1
QFA_1L1,QFA,Quadrupole,211.4000000000009,211.7000000000009,0.3,5.6516007310866385,1.1109594809875103,0.28106147278419963,0.014496812467153671,0.0011506071651458457,0.04849043740146101,0.008451821495437536,0.04849043740146101,3.3449034062714684,7.345531777882004,0.0,2.9475157415453004,0.0,11.188378797286472,53.95683709987436,2.9475157415453004,QFA
XF1arc_1L1,XF1arc,Sextupole,211.9000000000009,212.00000000000088,0.1,4.394278211700464,1.5983351915617214,0.2472502336868139,0.012754126531382465,0.0013801042561611724,0.043262379594147395,0.009140312768483518,0.043262379594147395,3.392029982429383,6.622914702044138,0.0,0.0,85.10202118882829,11.50586740169988,43.8629991505524,85.10202118882829,XF1arc
Bend2_1L1,Bend2,Bend,212.2000000000009,212.6000000000009,0.4,3.236979327693414,3.2391138404959787,0.21037600252563687,0.01085599305673813,0.001964676589561432,0.037567979170214386,0.010894029768684296,0.037567979170214386,3.4605750919209166,5.544948123556627,0.15399963987745097,0.0,0.0,11.97557996682346,30.746449692934156,0.15399963987745097,Bend2
QDA_1L1,QDA,Quadrupole,213.1000000000009,213.40000000000092,0.3,1.1113778473337697,5.621940027073788,0.14291014458283738,0.007334193203099383,0.002588338477994975,0.02700257960929815,0.012765015433984925,0.02700257960929815,3.681738244622058,4.931741170062576,0.0,-2.921746106485083,0.0,13.555196501912713,24.322070968490188,-2.921746106485083,QDA
XD1arc_1L1,XD1arc,Sextupole,213.60000000000093,213.70000000000093,0.1,1.5958751579914794,4.381754068426727,0.16129857524882463,0.008294769950172079,0.0022850829173203468,0.029884309850516235,0.01185524875196104,0.029884309850516235,3.6027894721656835,5.188104406234572,0.0,0.0,-122.79559505311173,12.980091980747885,26.916427329990583,-122.79559505311173,XD1arc
Bend1_1L1,Bend1,Bend,213.90000000000092,214.30000000000092,0.4,3.2369792545716187,3.23911383780445,0.21037600977192758,0.01085599340948615,0.001964676588745162,0.03756798022845845,0.010894029766235484,0.03756798022845845,3.460575076955271,5.544948124613984,0.15399963987745097,0.0,0.0,11.97557986324398,30.746449704660137,0.15399963987745097,Bend1
