,X,Y,Z,theta,phi,psi,ex,ey,ez,XYZ,E_matrix,p0,W,name,element_type,isthick,prototype,drift_length,length,s
0,0.0,0.0,0.0,0.0,0.0,0.0,[ 1.  0. -0.],[-0.  1.  0.],[0. 0. 1.],[0. 0. 0.],"[[ 1. -0.  0.]
 [ 0.  1.  0.]
 [-0.  0.  1.]]",[0. 0. 0.],"[[ 1. -0.  0.]
 [ 0.  1.  0.]
 [-0.  0.  1.]]",QFA_1RC,Quadrupole,True,QFarc,0.3,0.3,0.0
1,0.0,0.0,0.3,0.0,0.0,0.0,[ 1.  0. -0.],[-0.  1.  0.],[0. 0. 1.],[0.  0.  0.3],"[[ 1. -0.  0.]
 [ 0.  1.  0.]
 [-0.  0.  1.]]",[0.  0.  0.3],"[[ 1. -0.  0.]
 [ 0.  1.  0.]
 [-0.  0.  1.]]",Drarc::0,Drift,True,,0.4999999999999999,0.4999999999999999,0.3
2,0.0,0.0,0.7999999999999998,0.0,0.0,0.0,[ 1.  0. -0.],[-0.  1.  0.],[0. 0. 1.],[0.  0.  0.8],"[[ 1. -0.  0.]
 [ 0.  1.  0.]
 [-0.  0.  1.]]",[0.  0.  0.8],"[[ 1. -0.  0.]
 [ 0.  1.  0.]
 [-0.  0.  1.]]",Bend1_1R1,Bend,True,Bend,0.4,0.4,0.7999999999999998
3,-0.012316075961975374,0.0,1.1997470785072881,-0.06159985595098039,0.0,0.0,[0.99810333 0.         0.06156091],[0. 1. 0.],[-0.06156091  0.          0.99810333],[-0.01231608  0.          1.19974708],"[[ 0.99810333  0.         -0.06156091]
 [ 0.          1.          0.        ]
 [ 0.06156091  0.          0.99810333]]",[-0.01231608  0.          1.19974708],"[[ 0.99810333  0.         -0.06156091]
 [ 0.          1.          0.        ]
 [ 0.06156091  0.          0.99810333]]",Drarc..960,DriftSlice,True,,0.20000000000000284,0.20000000000000284,1.1999999999999997
4,-0.024628257188412654,0.0,1.3993677442547214,-0.06159985595098039,0.0,0.0,[0.99810333 0.         0.06156091],[0. 1. 0.],[-0.06156091  0.          0.99810333],[-0.02462826  0.          1.39936774],"[[ 0.99810333  0.         -0.06156091]
 [ 0.          1.          0.        ]
 [ 0.06156091  0.          0.99810333]]",[-0.02462826  0.          1.39936774],"[[ 0.99810333  0.         -0.06156091]
 [ 0.          1.          0.        ]
 [ 0.06156091  0.          0.99810333]]",XD1arc_1R1,Sextupole,True,XD1arc,0.1,0.1,1.4000000000000026
5,-0.030784347801631206,0.0,1.4991780771284366,-0.06159985595098039,0.0,0.0,[0.99810333 0.         0.06156091],[0. 1. 0.],[-0.06156091  0.          0.99810333],[-0.03078435  0.          1.49917808],"[[ 0.99810333  0.         -0.06156091]
 [ 0.          1.          0.        ]
 [ 0.06156091  0.          0.99810333]]",[-0.03078435  0.          1.49917808],"[[ 0.99810333  0.         -0.06156091]
 [ 0.          1.          0.        ]
 [ 0.06156091  0.          0.99810333]]",Drarc..962,DriftSlice,True,,0.20000000000000273,0.20000000000000273,1.5000000000000027
6,-0.04309652902806848,0.0,1.69879874287587,-0.06159985595098039,0.0,0.0,[0.99810333 0.         0.06156091],[0. 1. 0.],[-0.06156091  0.          0.99810333],[-0.04309653  0.          1.69879874],"[[ 0.99810333  0.         -0.06156091]
 [ 0.          1.          0.        ]
 [ 0.06156091  0.          0.99810333]]",[-0.04309653  0.          1.69879874],"[[ 0.99810333  0.         -0.06156091]
 [ 0.          1.          0.        ]
 [ 0.06156091  0.          0.99810333]]",QDA_1R1,Quadrupole,True,QDarc,0.3,0.3,1.7000000000000055
7,-0.06156480086772413,0.0,1.9982297414970156,-0.06159985595098039,0.0,0.0,[0.99810333 0.         0.06156091],[0. 1. 0.],[-0.06156091  0.          0.99810333],[-0.0615648   0.          1.99822974],"[[ 0.99810333  0.         -0.06156091]
 [ 0.          1.          0.        ]
 [ 0.06156091  0.          0.99810333]]",[-0.0615648   0.          1.99822974],"[[ 0.99810333  0.         -0.06156091]
 [ 0.          1.          0.        ]
 [ 0.06156091  0.          0.99810333]]",Drarc::1,Drift,True,,0.4999999999999999,0.4999999999999999,2.0000000000000053
8,-0.09234525393381689,0.0,2.497281405865592,-0.06159985595098039,0.0,0.0,[0.99810333 0.         0.06156091],[0. 1. 0.],[-0.06156091  0.          0.99810333],[-0.09234525  0.          2.49728141],"[[ 0.99810333  0.         -0.06156091]
 [ 0.          1.          0.        ]
 [ 0.06156091  0.          0.99810333]]",[-0.09234525  0.          2.49728141],"[[ 0.99810333  0.         -0.06156091]
 [ 0.          1.          0.        ]
 [ 0.06156091  0.          0.99810333]]",Bend2_1R1,Bend,True,Bend,0.4,0.4,2.5000000000000053
9,-0.1292467627250467,0.0,2.895512106780456,-0.12319971190196077,0.0,0.0,[0.99242051 0.         0.12288829],[0. 1. 0.],[-0.12288829  0.          0.99242051],[-0.12924676  0.          2.89551211],"[[ 0.99242051  0.         -0.12288829]
 [ 0.          1.          0.        ]
 [ 0.12288829  0.          0.99242051]]",[-0.12924676  0.          2.89551211],"[[ 0.99242051  0.         -0.12288829]
 [ 0.          1.          0.        ]
 [ 0.12288829  0.          0.99242051]]",Drarc..1008,DriftSlice,True,,0.20000000000000284,0.20000000000000284,2.9000000000000052
10,-0.15382442085729095,0.0,3.0939962087149326,-0.12319971190196077,0.0,0.0,[0.99242051 0.         0.12288829],[0. 1. 0.],[-0.12288829  0.          0.99242051],[-0.15382442  0.          3.09399621],"[[ 0.99242051  0.         -0.12288829]
 [ 0.          1.          0.        ]
 [ 0.12288829  0.          0.99242051]]",[-0.15382442  0.          3.09399621],"[[ 0.99242051  0.         -0.12288829]
 [ 0.          1.          0.        ]
 [ 0.12288829  0.          0.99242051]]",XF1arc_1R1,Sextupole,True,XF1arc,0.1,0.1,3.100000000000008
11,-0.1661132499234129,0.0,3.1932382596821696,-0.12319971190196077,0.0,0.0,[0.99242051 0.         0.12288829],[0. 1. 0.],[-0.12288829  0.          0.99242051],[-0.16611325  0.          3.19323826],"[[ 0.99242051  0.         -0.12288829]
 [ 0.          1.          0.        ]
 [ 0.12288829  0.          0.99242051]]",[-0.16611325  0.          3.19323826],"[[ 0.99242051  0.         -0.12288829]
 [ 0.          1.          0.        ]
 [ 0.12288829  0.          0.99242051]]",Drarc..1010,DriftSlice,True,,0.20000000000000273,0.20000000000000273,3.200000000000008
12,-0.19069090805565714,0.0,3.391722361616646,-0.12319971190196077,0.0,0.0,[0.99242051 0.         0.12288829],[0. 1. 0.],[-0.12288829  0.          0.99242051],[-0.19069091  0.          3.39172236],"[[ 0.99242051  0.         -0.12288829]
 [ 0.          1.          0.        ]
 [ 0.12288829  0.          0.99242051]]",[-0.19069091  0.          3.39172236],"[[ 0.99242051  0.         -0.12288829]
 [ 0.          1.          0.        ]
 [ 0.12288829  0.          0.99242051]]",QFA_1R1,Quadrupole,True,QFarc,0.3,0.3,3.400000000000011
13,-0.227557395254023,0.0,3.6894485145183564,-0.12319971190196077,0.0,0.0,[0.99242051 0.         0.12288829],[0. 1. 0.],[-0.12288829  0.          0.99242051],[-0.2275574   0.          3.68944851],"[[ 0.99242051  0.         -0.12288829]
 [ 0.          1.          0.        ]
 [ 0.12288829  0.          0.99242051]]",[-0.2275574   0.          3.68944851],"[[ 0.99242051  0.         -0.12288829]
 [ 0.          1.          0.        ]
 [ 0.12288829  0.          0.99242051]]",Drarc::2,Drift,True,,0.4999999999999999,0.4999999999999999,3.700000000000011
14,-0.28900154058463273,0.0,4.18565876935454,-0.12319971190196077,0.0,0.0,[0.99242051 0.         0.12288829],[0. 1. 0.],[-0.12288829  0.          0.99242051],[-0.28900154  0.          4.18565877],"[[ 0.99242051  0.         -0.12288829]
 [ 0.          1.          0.        ]
 [ 0.12288829  0.          0.99242051]]",[-0.28900154  0.          4.18565877],"[[ 0.99242051  0.         -0.12288829]
 [ 0.          1.          0.        ]
 [ 0.12288829  0.          0.99242051]]",Bend1_1R2,Bend,True,Bend,0.4,0.4,4.200000000000011
15,-0.3503485021425569,0.0,4.580862467224162,-0.18479956785294113,0.0,0.0,[0.9829731  0.         0.18374952],[0. 1. 0.],[-0.18374952  0.          0.9829731 ],[-0.3503485   0.          4.58086247],"[[ 0.9829731   0.         -0.18374952]
 [ 0.          1.          0.        ]
 [ 0.18374952  0.          0.9829731 ]]",[-0.3503485   0.          4.58086247],"[[ 0.9829731   0.         -0.18374952]
 [ 0.          1.          0.        ]
 [ 0.18374952  0.          0.9829731 ]]",Drarc..984,DriftSlice,True,,0.20000000000000284,0.20000000000000284,4.600000000000011
16,-0.3870984057048331,0.0,4.77745708716114,-0.18479956785294113,0.0,0.0,[0.9829731  0.         0.18374952],[0. 1. 0.],[-0.18374952  0.          0.9829731 ],[-0.38709841  0.          4.77745709],"[[ 0.9829731   0.         -0.18374952]
 [ 0.          1.          0.        ]
 [ 0.18374952  0.          0.9829731 ]]",[-0.38709841  0.          4.77745709],"[[ 0.9829731   0.         -0.18374952]
 [ 0.          1.          0.        ]
 [ 0.18374952  0.          0.9829731 ]]",XD2arc_1R2,Sextupole,True,XD2arc,0.1,0.1,4.800000000000014
17,-0.40547335748597096,0.0,4.875754397129627,-0.18479956785294113,0.0,0.0,[0.9829731  0.         0.18374952],[0. 1. 0.],[-0.18374952  0.          0.9829731 ],[-0.40547336  0.          4.8757544 ],"[[ 0.9829731   0.         -0.18374952]
 [ 0.          1.          0.        ]
 [ 0.18374952  0.          0.9829731 ]]",[-0.40547336  0.          4.8757544 ],"[[ 0.9829731   0.         -0.18374952]
 [ 0.          1.          0.        ]
 [ 0.18374952  0.          0.9829731 ]]",Drarc..986,DriftSlice,True,,0.20000000000000273,0.20000000000000273,4.900000000000014
18,-0.4422232610482471,0.0,5.072349017066604,-0.18479956785294113,0.0,0.0,[0.9829731  0.         0.18374952],[0. 1. 0.],[-0.18374952  0.          0.9829731 ],[-0.44222326  0.          5.07234902],"[[ 0.9829731   0.         -0.18374952]
 [ 0.          1.          0.        ]
 [ 0.18374952  0.          0.9829731 ]]",[-0.44222326  0.          5.07234902],"[[ 0.9829731   0.         -0.18374952]
 [ 0.          1.          0.        ]
 [ 0.18374952  0.          0.9829731 ]]",QDA_1R2,Quadrupole,True,QDarc,0.3,0.3,5.1000000000000165
19,-0.4973481163916606,0.0,5.367240946972066,-0.18479956785294113,0.0,0.0,[0.9829731  0.         0.18374952],[0. 1. 0.],[-0.18374952  0.          0.9829731 ],[-0.49734812  0.          5.36724095],"[[ 0.9829731   0.         -0.18374952]
 [ 0.          1.          0.        ]
 [ 0.18374952  0.          0.9829731 ]]",[-0.49734812  0.          5.36724095],"[[ 0.9829731   0.         -0.18374952]
 [ 0.          1.          0.        ]
 [ 0.18374952  0.          0.9829731 ]]",Drarc::3,Drift,True,,0.4999999999999999,0.4999999999999999,5.400000000000016
20,-0.5892228752973497,0.0,5.858727496814502,-0.18479956785294113,0.0,0.0,[0.9829731  0.         0.18374952],[0. 1. 0.],[-0.18374952  0.          0.9829731 ],[-0.58922288  0.          5.8587275 ],"[[ 0.9829731   0.         -0.18374952]
 [ 0.          1.          0.        ]
 [ 0.18374952  0.          0.9829731 ]]",[-0.58922288  0.          5.8587275 ],"[[ 0.9829731   0.         -0.18374952]
 [ 0.          1.          0.        ]
 [ 0.18374952  0.          0.9829731 ]]",Bend2_1R2,Bend,True,Bend,0.4,0.4,5.900000000000016
21,-0.6747825795838684,0.0,6.249405048645442,-0.24639942380392152,0.0,0.0,[0.96979694 0.         0.24391372],[0. 1. 0.],[-0.24391372  0.          0.96979694],[-0.67478258  0.          6.24940505],"[[ 0.96979694  0.         -0.24391372]
 [ 0.          1.          0.        ]
 [ 0.24391372  0.          0.96979694]]",[-0.67478258  0.          6.24940505],"[[ 0.96979694  0.         -0.24391372]
 [ 0.          1.          0.        ]
 [ 0.24391372  0.          0.96979694]]",Drarc..1026,DriftSlice,True,,0.20000000000000284,0.20000000000000284,6.300000000000017
22,-0.7235653236041786,0.0,6.44336443585279,-0.24639942380392152,0.0,0.0,[0.96979694 0.         0.24391372],[0. 1. 0.],[-0.24391372  0.          0.96979694],[-0.72356532  0.          6.44336444],"[[ 0.96979694  0.         -0.24391372]
 [ 0.          1.          0.        ]
 [ 0.24391372  0.          0.96979694]]",[-0.72356532  0.          6.44336444],"[[ 0.96979694  0.         -0.24391372]
 [ 0.          1.          0.        ]
 [ 0.24391372  0.          0.96979694]]",XF2arc_1R2,Sextupole,True,XF2arc,0.1,0.1,6.5000000000000195
23,-0.7479566956143333,0.0,6.540344129456463,-0.24639942380392152,0.0,0.0,[0.96979694 0.         0.24391372],[0. 1. 0.],[-0.24391372  0.          0.96979694],[-0.7479567   0.          6.54034413],"[[ 0.96979694  0.         -0.24391372]
 [ 0.          1.          0.        ]
 [ 0.24391372  0.          0.96979694]]",[-0.7479567   0.          6.54034413],"[[ 0.96979694  0.         -0.24391372]
 [ 0.          1.          0.        ]
 [ 0.24391372  0.          0.96979694]]",Drarc..1028,DriftSlice,True,,0.20000000000000273,0.20000000000000273,6.600000000000019
24,-0.7967394396346434,0.0,6.734303516663811,-0.24639942380392152,0.0,0.0,[0.96979694 0.         0.24391372],[0. 1. 0.],[-0.24391372  0.          0.96979694],[-0.79673944  0.          6.73430352],"[[ 0.96979694  0.         -0.24391372]
 [ 0.          1.          0.        ]
 [ 0.24391372  0.          0.96979694]]",[-0.79673944  0.          6.73430352],"[[ 0.96979694  0.         -0.24391372]
 [ 0.          1.          0.        ]
 [ 0.24391372  0.          0.96979694]]",QFA_1R2,Quadrupole,True,QFarc,0.3,0.3,6.800000000000022
25,-0.8699135556651076,0.0,7.025242597474829,-0.24639942380392152,0.0,0.0,[0.96979694 0.         0.24391372],[0. 1. 0.],[-0.24391372  0.          0.96979694],[-0.86991356  0.          7.0252426 ],"[[ 0.96979694  0.         -0.24391372]
 [ 0.          1.          0.        ]
 [ 0.24391372  0.          0.96979694]]",[-0.86991356  0.          7.0252426 ],"[[ 0.96979694  0.         -0.24391372]
 [ 0.          1.          0.        ]
 [ 0.24391372  0.          0.96979694]]",Drarc::4,Drift,True,,0.4999999999999999,0.4999999999999999,7.100000000000022
26,-0.9918704157158812,0.0,7.510141065493193,-0.24639942380392152,0.0,0.0,[0.96979694 0.         0.24391372],[0. 1. 0.],[-0.24391372  0.          0.96979694],[-0.99187042  0.          7.51014107],"[[ 0.96979694  0.         -0.24391372]
 [ 0.          1.          0.        ]
 [ 0.24391372  0.          0.96979694]]",[-0.99187042  0.          7.51014107],"[[ 0.96979694  0.         -0.24391372]
 [ 0.          1.          0.        ]
 [ 0.24391372  0.          0.96979694]]",Bend1_1R3,Bend,True,Bend,0.4,0.4,7.600000000000022
27,-1.1013183054662383,0.0,7.894810497514255,-0.3079992797549019,0.0,0.0,[0.952942   0.         0.30315267],[0. 1. 0.],[-0.30315267  0.          0.952942  ],[-1.10131831  0.          7.8948105 ],"[[ 0.952942    0.         -0.30315267]
 [ 0.          1.          0.        ]
 [ 0.30315267  0.          0.952942  ]]",[-1.10131831  0.          7.8948105 ],"[[ 0.952942    0.         -0.30315267]
 [ 0.          1.          0.        ]
 [ 0.30315267  0.          0.952942  ]]",Drarc..963,DriftSlice,True,,0.20000000000000284,0.20000000000000284,8.000000000000021
28,-1.16194884028717,0.0,8.085398897600223,-0.3079992797549019,0.0,0.0,[0.952942   0.         0.30315267],[0. 1. 0.],[-0.30315267  0.          0.952942  ],[-1.16194884  0.          8.0853989 ],"[[ 0.952942    0.         -0.30315267]
 [ 0.          1.          0.        ]
 [ 0.30315267  0.          0.952942  ]]",[-1.16194884  0.          8.0853989 ],"[[ 0.952942    0.         -0.30315267]
 [ 0.          1.          0.        ]
 [ 0.30315267  0.          0.952942  ]]",XD1arc_1R3,Sextupole,True,XD1arc,0.1,0.1,8.200000000000024
29,-1.1922641076976355,0.0,8.180693097643205,-0.3079992797549019,0.0,0.0,[0.952942   0.         0.30315267],[0. 1. 0.],[-0.30315267  0.          0.952942  ],[-1.19226411  0.          8.1806931 ],"[[ 0.952942    0.         -0.30315267]
 [ 0.          1.          0.        ]
 [ 0.30315267  0.          0.952942  ]]",[-1.19226411  0.          8.1806931 ],"[[ 0.952942    0.         -0.30315267]
 [ 0.          1.          0.        ]
 [ 0.30315267  0.          0.952942  ]]",Drarc..965,DriftSlice,True,,0.20000000000000273,0.20000000000000273,8.300000000000024
30,-1.2528946425185672,0.0,8.371281497729173,-0.3079992797549019,0.0,0.0,[0.952942   0.         0.30315267],[0. 1. 0.],[-0.30315267  0.          0.952942  ],[-1.25289464  0.          8.3712815 ],"[[ 0.952942    0.         -0.30315267]
 [ 0.          1.          0.        ]
 [ 0.30315267  0.          0.952942  ]]",[-1.25289464  0.          8.3712815 ],"[[ 0.952942    0.         -0.30315267]
 [ 0.          1.          0.        ]
 [ 0.30315267  0.          0.952942  ]]",QDA_1R3,Quadrupole,True,QDarc,0.3,0.3,8.500000000000027
31,-1.3438404447499634,0.0,8.657164097858121,-0.3079992797549019,0.0,0.0,[0.952942   0.         0.30315267],[0. 1. 0.],[-0.30315267  0.          0.952942  ],[-1.34384044  0.          8.6571641 ],"[[ 0.952942    0.         -0.30315267]
 [ 0.          1.          0.        ]
 [ 0.30315267  0.          0.952942  ]]",[-1.34384044  0.          8.6571641 ],"[[ 0.952942    0.         -0.30315267]
 [ 0.          1.          0.        ]
 [ 0.30315267  0.          0.952942  ]]",Drarc::5,Drift,True,,0.4999999999999999,0.4999999999999999,8.800000000000027
32,-1.4954167818022905,0.0,9.133635098073034,-0.3079992797549019,0.0,0.0,[0.952942   0.         0.30315267],[0. 1. 0.],[-0.30315267  0.          0.952942  ],[-1.49541678  0.          9.1336351 ],"[[ 0.952942    0.         -0.30315267]
 [ 0.          1.          0.        ]
 [ 0.30315267  0.          0.952942  ]]",[-1.49541678  0.          9.1336351 ],"[[ 0.952942    0.         -0.30315267]
 [ 0.          1.          0.        ]
 [ 0.30315267  0.          0.952942  ]]",Bend2_1R3,Bend,True,Bend,0.4,0.4,9.300000000000027
33,-1.6283376836819488,0.0,9.510837227369398,-0.3695991357058823,0.0,0.0,[0.93247223 0.         0.36124167],[0. 1. 0.],[-0.36124167  0.          0.93247223],[-1.62833768  0.          9.51083723],"[[ 0.93247223  0.         -0.36124167]
 [ 0.          1.          0.        ]
 [ 0.36124167  0.          0.93247223]]",[-1.62833768  0.          9.51083723],"[[ 0.93247223  0.         -0.36124167]
 [ 0.          1.          0.        ]
 [ 0.36124167  0.          0.93247223]]",Drarc..1011,DriftSlice,True,,0.20000000000000284,0.20000000000000284,9.700000000000028
34,-1.7005860169174103,0.0,9.697331673251036,-0.3695991357058823,0.0,0.0,[0.93247223 0.         0.36124167],[0. 1. 0.],[-0.36124167  0.          0.93247223],[-1.70058602  0.          9.69733167],"[[ 0.93247223  0.         -0.36124167]
 [ 0.          1.          0.        ]
 [ 0.36124167  0.          0.93247223]]",[-1.70058602  0.          9.69733167],"[[ 0.93247223  0.         -0.36124167]
 [ 0.          1.          0.        ]
 [ 0.36124167  0.          0.93247223]]",XF1arc_1R3,Sextupole,True,XF1arc,0.1,0.1,9.90000000000003
35,-1.7367101835351406,0.0,9.790578896191853,-0.3695991357058823,0.0,0.0,[0.93247223 0.         0.36124167],[0. 1. 0.],[-0.36124167  0.          0.93247223],[-1.73671018  0.          9.7905789 ],"[[ 0.93247223  0.         -0.36124167]
 [ 0.          1.          0.        ]
 [ 0.36124167  0.          0.93247223]]",[-1.73671018  0.          9.7905789 ],"[[ 0.93247223  0.         -0.36124167]
 [ 0.          1.          0.        ]
 [ 0.36124167  0.          0.93247223]]",Drarc..1013,DriftSlice,True,,0.20000000000000273,0.20000000000000273,10.00000000000003
36,-1.8089585167706022,0.0,9.97707334207349,-0.3695991357058823,0.0,0.0,[0.93247223 0.         0.36124167],[0. 1. 0.],[-0.36124167  0.          0.93247223],[-1.80895852  0.          9.97707334],"[[ 0.93247223  0.         -0.36124167]
 [ 0.          1.          0.        ]
 [ 0.36124167  0.          0.93247223]]",[-1.80895852  0.          9.97707334],"[[ 0.93247223  0.         -0.36124167]
 [ 0.          1.          0.        ]
 [ 0.36124167  0.          0.93247223]]",QFA_1R3,Quadrupole,True,QFarc,0.3,0.3,10.200000000000033
37,-1.917331016623793,0.0,10.256815010895941,-0.3695991357058823,0.0,0.0,[0.93247223 0.         0.36124167],[0. 1. 0.],[-0.36124167  0.          0.93247223],[-1.91733102  0.         10.25681501],"[[ 0.93247223  0.         -0.36124167]
 [ 0.          1.          0.        ]
 [ 0.36124167  0.          0.93247223]]",[-1.91733102  0.         10.25681501],"[[ 0.93247223  0.         -0.36124167]
 [ 0.          1.          0.        ]
 [ 0.36124167  0.          0.93247223]]",Drarc::6,Drift,True,,0.4999999999999999,0.4999999999999999,10.500000000000034
38,-2.097951849712444,0.0,10.723051125600028,-0.3695991357058823,0.0,0.0,[0.93247223 0.         0.36124167],[0. 1. 0.],[-0.36124167  0.          0.93247223],[-2.09795185  0.         10.72305113],"[[ 0.93247223  0.         -0.36124167]
 [ 0.          1.          0.        ]
 [ 0.36124167  0.          0.93247223]]",[-2.09795185  0.         10.72305113],"[[ 0.93247223  0.         -0.36124167]
 [ 0.          1.          0.        ]
 [ 0.36124167  0.          0.93247223]]",Bend1_1R4,Bend,True,Bend,0.4,0.4,11.000000000000034
39,-2.2538415492117494,0.0,11.091355095293853,-0.43119899165686265,0.0,0.0,[0.90846527 0.         0.41796034],[0. 1. 0.],[-0.41796034  0.          0.90846527],[-2.25384155  0.         11.0913551 ],"[[ 0.90846527  0.         -0.41796034]
 [ 0.          1.          0.        ]
 [ 0.41796034  0.          0.90846527]]",[-2.25384155  0.         11.0913551 ],"[[ 0.90846527  0.         -0.41796034]
 [ 0.          1.          0.        ]
 [ 0.41796034  0.          0.90846527]]",Drarc..987,DriftSlice,True,,0.20000000000000284,0.20000000000000284,11.400000000000034
40,-2.337433618186868,0.0,11.273048149658791,-0.43119899165686265,0.0,0.0,[0.90846527 0.         0.41796034],[0. 1. 0.],[-0.41796034  0.          0.90846527],[-2.33743362  0.         11.27304815],"[[ 0.90846527  0.         -0.41796034]
 [ 0.          1.          0.        ]
 [ 0.41796034  0.          0.90846527]]",[-2.33743362  0.         11.27304815],"[[ 0.90846527  0.         -0.41796034]
 [ 0.          1.          0.        ]
 [ 0.41796034  0.          0.90846527]]",XD2arc_1R4,Sextupole,True,XD2arc,0.1,0.1,11.600000000000037
41,-2.3792296526744265,0.0,11.363894676841259,-0.43119899165686265,0.0,0.0,[0.90846527 0.         0.41796034],[0. 1. 0.],[-0.41796034  0.          0.90846527],[-2.37922965  0.         11.36389468],"[[ 0.90846527  0.         -0.41796034]
 [ 0.          1.          0.        ]
 [ 0.41796034  0.          0.90846527]]",[-2.37922965  0.         11.36389468],"[[ 0.90846527  0.         -0.41796034]
 [ 0.          1.          0.        ]
 [ 0.41796034  0.          0.90846527]]",Drarc..989,DriftSlice,True,,0.20000000000000273,0.20000000000000273,11.700000000000037
42,-2.462821721649545,0.0,11.545587731206195,-0.43119899165686265,0.0,0.0,[0.90846527 0.         0.41796034],[0. 1. 0.],[-0.41796034  0.          0.90846527],[-2.46282172  0.         11.54558773],"[[ 0.90846527  0.         -0.41796034]
 [ 0.          1.          0.        ]
 [ 0.41796034  0.          0.90846527]]",[-2.46282172  0.         11.54558773],"[[ 0.90846527  0.         -0.41796034]
 [ 0.          1.          0.        ]
 [ 0.41796034  0.          0.90846527]]",QDA_1R4,Quadrupole,True,QDarc,0.3,0.3,11.90000000000004
43,-2.588209825112221,0.0,11.818127312753598,-0.43119899165686265,0.0,0.0,[0.90846527 0.         0.41796034],[0. 1. 0.],[-0.41796034  0.          0.90846527],[-2.58820983  0.         11.81812731],"[[ 0.90846527  0.         -0.41796034]
 [ 0.          1.          0.        ]
 [ 0.41796034  0.          0.90846527]]",[-2.58820983  0.         11.81812731],"[[ 0.90846527  0.         -0.41796034]
 [ 0.          1.          0.        ]
 [ 0.41796034  0.          0.90846527]]",Drarc::7,Drift,True,,0.4999999999999999,0.4999999999999999,12.20000000000004
44,-2.7971899975500145,0.0,12.272359948665935,-0.43119899165686265,0.0,0.0,[0.90846527 0.         0.41796034],[0. 1. 0.],[-0.41796034  0.          0.90846527],[-2.79719     0.         12.27235995],"[[ 0.90846527  0.         -0.41796034]
 [ 0.          1.          0.        ]
 [ 0.41796034  0.          0.90846527]]",[-2.79719     0.         12.27235995],"[[ 0.90846527  0.         -0.41796034]
 [ 0.          1.          0.        ]
 [ 0.41796034  0.          0.90846527]]",Bend2_1R4,Bend,True,Bend,0.4,0.4,12.70000000000004
45,-2.975457151642538,0.0,12.630368655646597,-0.49279884760784304,0.0,0.0,[0.88101219 0.         0.47309356],[0. 1. 0.],[-0.47309356  0.          0.88101219],[-2.97545715  0.         12.63036866],"[[ 0.88101219  0.         -0.47309356]
 [ 0.          1.          0.        ]
 [ 0.47309356  0.          0.88101219]]",[-2.97545715  0.         12.63036866],"[[ 0.88101219  0.         -0.47309356]
 [ 0.          1.          0.        ]
 [ 0.47309356  0.          0.88101219]]",Drarc..1029,DriftSlice,True,,0.20000000000000284,0.20000000000000284,13.10000000000004
46,-3.0700758630072595,0.0,12.80657109450509,-0.49279884760784304,0.0,0.0,[0.88101219 0.         0.47309356],[0. 1. 0.],[-0.47309356  0.          0.88101219],[-3.07007586  0.         12.80657109],"[[ 0.88101219  0.         -0.47309356]
 [ 0.          1.          0.        ]
 [ 0.47309356  0.          0.88101219]]",[-3.07007586  0.         12.80657109],"[[ 0.88101219  0.         -0.47309356]
 [ 0.          1.          0.        ]
 [ 0.47309356  0.          0.88101219]]",XF2arc_1R4,Sextupole,True,XF2arc,0.1,0.1,13.300000000000043
47,-3.11738521868962,0.0,12.894672313934334,-0.49279884760784304,0.0,0.0,[0.88101219 0.         0.47309356],[0. 1. 0.],[-0.47309356  0.          0.88101219],[-3.11738522  0.         12.89467231],"[[ 0.88101219  0.         -0.47309356]
 [ 0.          1.          0.        ]
 [ 0.47309356  0.          0.88101219]]",[-3.11738522  0.         12.89467231],"[[ 0.88101219  0.         -0.47309356]
 [ 0.          1.          0.        ]
 [ 0.47309356  0.          0.88101219]]",Drarc..1031,DriftSlice,True,,0.20000000000000273,0.20000000000000273,13.400000000000043
48,-3.2120039300543413,0.0,13.070874752792827,-0.49279884760784304,0.0,0.0,[0.88101219 0.         0.47309356],[0. 1. 0.],[-0.47309356  0.          0.88101219],[-3.21200393  0.         13.07087475],"[[ 0.88101219  0.         -0.47309356]
 [ 0.          1.          0.        ]
 [ 0.47309356  0.          0.88101219]]",[-3.21200393  0.         13.07087475],"[[ 0.88101219  0.         -0.47309356]
 [ 0.          1.          0.        ]
 [ 0.47309356  0.          0.88101219]]",QFA_1R4,Quadrupole,True,QFarc,0.3,0.3,13.600000000000046
49,-3.3539319971014216,0.0,13.33517841108056,-0.49279884760784304,0.0,0.0,[0.88101219 0.         0.47309356],[0. 1. 0.],[-0.47309356  0.          0.88101219],[-3.353932    0.         13.33517841],"[[ 0.88101219  0.         -0.47309356]
 [ 0.          1.          0.        ]
 [ 0.47309356  0.          0.88101219]]",[-3.353932    0.         13.33517841],"[[ 0.88101219  0.         -0.47309356]
 [ 0.          1.          0.        ]
 [ 0.47309356  0.          0.88101219]]",Drarc::8,Drift,True,,0.4999999999999999,0.4999999999999999,13.900000000000047
50,-3.590478775513222,0.0,13.775684508226785,-0.49279884760784304,0.0,0.0,[0.88101219 0.         0.47309356],[0. 1. 0.],[-0.47309356  0.          0.88101219],[-3.59047878  0.         13.77568451],"[[ 0.88101219  0.         -0.47309356]
 [ 0.          1.          0.        ]
 [ 0.47309356  0.          0.88101219]]",[-3.59047878  0.         13.77568451],"[[ 0.88101219  0.         -0.47309356]
 [ 0.          1.          0.        ]
 [ 0.47309356  0.          0.88101219]]",Bend1_1R5,Bend,True,Bend,0.4,0.4,14.400000000000047
51,-3.790447155822411,0.0,14.122039902841527,-0.5543987035588234,0.0,0.0,[0.85021714 0.         0.52643216],[0. 1. 0.],[-0.52643216  0.          0.85021714],[-3.79044716  0.         14.1220399 ],"[[ 0.85021714  0.         -0.52643216]
 [ 0.          1.          0.        ]
 [ 0.52643216  0.          0.85021714]]",[-3.79044716  0.         14.1220399 ],"[[ 0.85021714  0.         -0.52643216]
 [ 0.          1.          0.        ]
 [ 0.52643216  0.          0.85021714]]",Drarc..966,DriftSlice,True,,0.20000000000000284,0.20000000000000284,14.800000000000047
52,-3.895733588395189,0.0,14.29208332998912,-0.5543987035588234,0.0,0.0,[0.85021714 0.         0.52643216],[0. 1. 0.],[-0.52643216  0.          0.85021714],[-3.89573359  0.         14.29208333],"[[ 0.85021714  0.         -0.52643216]
 [ 0.          1.          0.        ]
 [ 0.52643216  0.          0.85021714]]",[-3.89573359  0.         14.29208333],"[[ 0.85021714  0.         -0.52643216]
 [ 0.          1.          0.        ]
 [ 0.52643216  0.          0.85021714]]",XD1arc_1R5,Sextupole,True,XD1arc,0.1,0.1,15.00000000000005
53,-3.948376804681577,0.0,14.377105043562915,-0.5543987035588234,0.0,0.0,[0.85021714 0.         0.52643216],[0. 1. 0.],[-0.52643216  0.          0.85021714],[-3.9483768   0.         14.37710504],"[[ 0.85021714  0.         -0.52643216]
 [ 0.          1.          0.        ]
 [ 0.52643216  0.          0.85021714]]",[-3.9483768   0.         14.37710504],"[[ 0.85021714  0.         -0.52643216]
 [ 0.          1.          0.        ]
 [ 0.52643216  0.          0.85021714]]",Drarc..968,DriftSlice,True,,0.20000000000000273,0.20000000000000273,15.10000000000005
54,-4.053663237254355,0.0,14.547148470710509,-0.5543987035588234,0.0,0.0,[0.85021714 0.         0.52643216],[0. 1. 0.],[-0.52643216  0.          0.85021714],[-4.05366324  0.         14.54714847],"[[ 0.85021714  0.         -0.52643216]
 [ 0.          1.          0.        ]
 [ 0.52643216  0.          0.85021714]]",[-4.05366324  0.         14.54714847],"[[ 0.85021714  0.         -0.52643216]
 [ 0.          1.          0.        ]
 [ 0.52643216  0.          0.85021714]]",QDA_1R5,Quadrupole,True,QDarc,0.3,0.3,15.300000000000052
55,-4.21159288611352,0.0,14.802213611431895,-0.5543987035588234,0.0,0.0,[0.85021714 0.         0.52643216],[0. 1. 0.],[-0.52643216  0.          0.85021714],[-4.21159289  0.         14.80221361],"[[ 0.85021714  0.         -0.52643216]
 [ 0.          1.          0.        ]
 [ 0.52643216  0.          0.85021714]]",[-4.21159289  0.         14.80221361],"[[ 0.85021714  0.         -0.52643216]
 [ 0.          1.          0.        ]
 [ 0.52643216  0.          0.85021714]]",Drarc::9,Drift,True,,0.4999999999999999,0.4999999999999999,15.600000000000053
56,-4.474808967545462,0.0,15.227322179300874,-0.5543987035588234,0.0,0.0,[0.85021714 0.         0.52643216],[0. 1. 0.],[-0.52643216  0.          0.85021714],[-4.47480897  0.         15.22732218],"[[ 0.85021714  0.         -0.52643216]
 [ 0.          1.          0.        ]
 [ 0.52643216  0.          0.85021714]]",[-4.47480897  0.         15.22732218],"[[ 0.85021714  0.         -0.52643216]
 [ 0.          1.          0.        ]
 [ 0.52643216  0.          0.85021714]]",Bend2_1R5,Bend,True,Bend,0.4,0.4,16.10000000000005
57,-4.695720025510494,0.0,15.560710416902298,-0.6159985595098038,0.0,0.0,[0.81619691 0.         0.57777383],[0. 1. 0.],[-0.57777383  0.          0.81619691],[-4.69572003  0.         15.56071042],"[[ 0.81619691  0.         -0.57777383]
 [ 0.          1.          0.        ]
 [ 0.57777383  0.          0.81619691]]",[-4.69572003  0.         15.56071042],"[[ 0.81619691  0.         -0.57777383]
 [ 0.          1.          0.        ]
 [ 0.57777383  0.          0.81619691]]",Drarc..1014,DriftSlice,True,,0.2000000000000064,0.2000000000000064,16.50000000000005
58,-4.811274791789273,0.0,15.723949799375582,-0.6159985595098038,0.0,0.0,[0.81619691 0.         0.57777383],[0. 1. 0.],[-0.57777383  0.          0.81619691],[-4.81127479  0.         15.7239498 ],"[[ 0.81619691  0.         -0.57777383]
 [ 0.          1.          0.        ]
 [ 0.57777383  0.          0.81619691]]",[-4.81127479  0.         15.7239498 ],"[[ 0.81619691  0.         -0.57777383]
 [ 0.          1.          0.        ]
 [ 0.57777383  0.          0.81619691]]",XF1arc_1R5,Sextupole,True,XF1arc,0.1,0.1,16.700000000000056
59,-4.869052174928662,0.0,15.805569490612221,-0.6159985595098038,0.0,0.0,[0.81619691 0.         0.57777383],[0. 1. 0.],[-0.57777383  0.          0.81619691],[-4.86905217  0.         15.80556949],"[[ 0.81619691  0.         -0.57777383]
 [ 0.          1.          0.        ]
 [ 0.57777383  0.          0.81619691]]",[-4.86905217  0.         15.80556949],"[[ 0.81619691  0.         -0.57777383]
 [ 0.          1.          0.        ]
 [ 0.57777383  0.          0.81619691]]",Drarc..1016,DriftSlice,True,,0.19999999999999918,0.19999999999999918,16.800000000000058
60,-4.984606941207438,0.0,15.9688088730855,-0.6159985595098038,0.0,0.0,[0.81619691 0.         0.57777383],[0. 1. 0.],[-0.57777383  0.          0.81619691],[-4.98460694  0.         15.96880887],"[[ 0.81619691  0.         -0.57777383]
 [ 0.          1.          0.        ]
 [ 0.57777383  0.          0.81619691]]",[-4.98460694  0.         15.96880887],"[[ 0.81619691  0.         -0.57777383]
 [ 0.          1.          0.        ]
 [ 0.57777383  0.          0.81619691]]",QFA_1R5,Quadrupole,True,QFarc,0.3,0.3,17.000000000000057
61,-5.157939090625602,0.0,16.213667946795418,-0.6159985595098038,0.0,0.0,[0.81619691 0.         0.57777383],[0. 1. 0.],[-0.57777383  0.          0.81619691],[-5.15793909  0.         16.21366795],"[[ 0.81619691  0.         -0.57777383]
 [ 0.          1.          0.        ]
 [ 0.57777383  0.          0.81619691]]",[-5.15793909  0.         16.21366795],"[[ 0.81619691  0.         -0.57777383]
 [ 0.          1.          0.        ]
 [ 0.57777383  0.          0.81619691]]",Drarc::10,Drift,True,,0.4999999999999999,0.4999999999999999,17.300000000000058
62,-5.446826006322542,0.0,16.621766402978615,-0.6159985595098038,0.0,0.0,[0.81619691 0.         0.57777383],[0. 1. 0.],[-0.57777383  0.          0.81619691],[-5.44682601  0.         16.6217664 ],"[[ 0.81619691  0.         -0.57777383]
 [ 0.          1.          0.        ]
 [ 0.57777383  0.          0.81619691]]",[-5.44682601  0.         16.6217664 ],"[[ 0.81619691  0.         -0.57777383]
 [ 0.          1.          0.        ]
 [ 0.57777383  0.          0.81619691]]",Bend1_1R6,Bend,True,Bend,0.4,0.4,17.800000000000058
63,-5.687841750632843,0.0,16.94092282778746,-0.6775984154607841,0.0,0.0,[0.77908057 0.         0.62692381],[0. 1. 0.],[-0.62692381  0.          0.77908057],[-5.68784175  0.         16.94092283],"[[ 0.77908057  0.         -0.62692381]
 [ 0.          1.          0.        ]
 [ 0.62692381  0.          0.77908057]]",[-5.68784175  0.         16.94092283],"[[ 0.77908057  0.         -0.62692381]
 [ 0.          1.          0.        ]
 [ 0.62692381  0.          0.77908057]]",Drarc..990,DriftSlice,True,,0.2000000000000064,0.2000000000000064,18.200000000000056
64,-5.81322651180865,0.0,17.096738942695026,-0.6775984154607841,0.0,0.0,[0.77908057 0.         0.62692381],[0. 1. 0.],[-0.62692381  0.          0.77908057],[-5.81322651  0.         17.09673894],"[[ 0.77908057  0.         -0.62692381]
 [ 0.          1.          0.        ]
 [ 0.62692381  0.          0.77908057]]",[-5.81322651  0.         17.09673894],"[[ 0.77908057  0.         -0.62692381]
 [ 0.          1.          0.        ]
 [ 0.62692381  0.          0.77908057]]",XD2arc_1R6,Sextupole,True,XD2arc,0.1,0.1,18.400000000000063
65,-5.875918892396552,0.0,17.17464700014881,-0.6775984154607841,0.0,0.0,[0.77908057 0.         0.62692381],[0. 1. 0.],[-0.62692381  0.          0.77908057],[-5.87591889  0.         17.174647  ],"[[ 0.77908057  0.         -0.62692381]
 [ 0.          1.          0.        ]
 [ 0.62692381  0.          0.77908057]]",[-5.87591889  0.         17.174647  ],"[[ 0.77908057  0.         -0.62692381]
 [ 0.          1.          0.        ]
 [ 0.62692381  0.          0.77908057]]",Drarc..992,DriftSlice,True,,0.19999999999999918,0.19999999999999918,18.500000000000064
66,-6.0013036535723545,0.0,17.33046311505637,-0.6775984154607841,0.0,0.0,[0.77908057 0.         0.62692381],[0. 1. 0.],[-0.62692381  0.          0.77908057],[-6.00130365  0.         17.33046312],"[[ 0.77908057  0.         -0.62692381]
 [ 0.          1.          0.        ]
 [ 0.62692381  0.          0.77908057]]",[-6.00130365  0.         17.33046312],"[[ 0.77908057  0.         -0.62692381]
 [ 0.          1.          0.        ]
 [ 0.62692381  0.          0.77908057]]",QDA_1R6,Quadrupole,True,QDarc,0.3,0.3,18.700000000000063
67,-6.18938079533606,0.0,17.564187287417717,-0.6775984154607841,0.0,0.0,[0.77908057 0.         0.62692381],[0. 1. 0.],[-0.62692381  0.          0.77908057],[-6.1893808   0.         17.56418729],"[[ 0.77908057  0.         -0.62692381]
 [ 0.          1.          0.        ]
 [ 0.62692381  0.          0.77908057]]",[-6.1893808   0.         17.56418729],"[[ 0.77908057  0.         -0.62692381]
 [ 0.          1.          0.        ]
 [ 0.62692381  0.          0.77908057]]",Drarc::11,Drift,True,,0.4999999999999999,0.4999999999999999,19.000000000000064
68,-6.502842698275569,0.0,17.953727574686624,-0.6775984154607841,0.0,0.0,[0.77908057 0.         0.62692381],[0. 1. 0.],[-0.62692381  0.          0.77908057],[-6.5028427   0.         17.95372757],"[[ 0.77908057  0.         -0.62692381]
 [ 0.          1.          0.        ]
 [ 0.62692381  0.          0.77908057]]",[-6.5028427   0.         17.95372757],"[[ 0.77908057  0.         -0.62692381]
 [ 0.          1.          0.        ]
 [ 0.62692381  0.          0.77908057]]",Bend2_1R6,Bend,True,Bend,0.4,0.4,19.500000000000064
69,-6.763048873658884,0.0,18.25744151706432,-0.7391982714117645,0.0,0.0,[0.73900892 0.         0.67369564],[0. 1. 0.],[-0.67369564  0.          0.73900892],[-6.76304887  0.         18.25744152],"[[ 0.73900892  0.         -0.67369564]
 [ 0.          1.          0.        ]
 [ 0.67369564  0.          0.73900892]]",[-6.76304887  0.         18.25744152],"[[ 0.73900892  0.         -0.67369564]
 [ 0.          1.          0.        ]
 [ 0.67369564  0.          0.73900892]]",Drarc..1032,DriftSlice,True,,0.20000000000000284,0.20000000000000284,19.900000000000063
70,-6.897788002385075,0.0,18.405243300511298,-0.7391982714117645,0.0,0.0,[0.73900892 0.         0.67369564],[0. 1. 0.],[-0.67369564  0.          0.73900892],[-6.897788   0.        18.4052433],"[[ 0.73900892  0.         -0.67369564]
 [ 0.          1.          0.        ]
 [ 0.67369564  0.          0.73900892]]",[-6.897788   0.        18.4052433],"[[ 0.73900892  0.         -0.67369564]
 [ 0.          1.          0.        ]
 [ 0.67369564  0.          0.73900892]]",XF2arc_1R6,Sextupole,True,XF2arc,0.1,0.1,20.100000000000065
71,-6.965157566748169,0.0,18.479144192234788,-0.7391982714117645,0.0,0.0,[0.73900892 0.         0.67369564],[0. 1. 0.],[-0.67369564  0.          0.73900892],[-6.96515757  0.         18.47914419],"[[ 0.73900892  0.         -0.67369564]
 [ 0.          1.          0.        ]
 [ 0.67369564  0.          0.73900892]]",[-6.96515757  0.         18.47914419],"[[ 0.73900892  0.         -0.67369564]
 [ 0.          1.          0.        ]
 [ 0.67369564  0.          0.73900892]]",Drarc..1034,DriftSlice,True,,0.20000000000000273,0.20000000000000273,20.200000000000067
72,-7.099896695474359,0.0,18.626945975681767,-0.7391982714117645,0.0,0.0,[0.73900892 0.         0.67369564],[0. 1. 0.],[-0.67369564  0.          0.73900892],[-7.0998967   0.         18.62694598],"[[ 0.73900892  0.         -0.67369564]
 [ 0.          1.          0.        ]
 [ 0.67369564  0.          0.73900892]]",[-7.0998967   0.         18.62694598],"[[ 0.73900892  0.         -0.67369564]
 [ 0.          1.          0.        ]
 [ 0.67369564  0.          0.73900892]]",QFA_1R6,Quadrupole,True,QFarc,0.3,0.3,20.40000000000007
73,-7.302005388563642,0.0,18.848648650852237,-0.7391982714117645,0.0,0.0,[0.73900892 0.         0.67369564],[0. 1. 0.],[-0.67369564  0.          0.73900892],[-7.30200539  0.         18.84864865],"[[ 0.73900892  0.         -0.67369564]
 [ 0.          1.          0.        ]
 [ 0.67369564  0.          0.73900892]]",[-7.30200539  0.         18.84864865],"[[ 0.73900892  0.         -0.67369564]
 [ 0.          1.          0.        ]
 [ 0.67369564  0.          0.73900892]]",Drarc::12,Drift,True,,0.4999999999999999,0.4999999999999999,20.70000000000007
74,-7.638853210379113,0.0,19.218153109469682,-0.7391982714117645,0.0,0.0,[0.73900892 0.         0.67369564],[0. 1. 0.],[-0.67369564  0.          0.73900892],[-7.63885321  0.         19.21815311],"[[ 0.73900892  0.         -0.67369564]
 [ 0.          1.          0.        ]
 [ 0.67369564  0.          0.73900892]]",[-7.63885321  0.         19.21815311],"[[ 0.73900892  0.         -0.67369564]
 [ 0.          1.          0.        ]
 [ 0.67369564  0.          0.73900892]]",Bend1_1R7,Bend,True,Bend,0.4,0.4,21.20000000000007
75,-7.917262765684912,0.0,19.505272478402954,-0.8007981273627448,0.0,0.0,[0.69613395 0.         0.71791192],[0. 1. 0.],[-0.71791192  0.          0.69613395],[-7.91726277  0.         19.50527248],"[[ 0.69613395  0.         -0.71791192]
 [ 0.          1.          0.        ]
 [ 0.71791192  0.          0.69613395]]",[-7.91726277  0.         19.50527248],"[[ 0.69613395  0.         -0.71791192]
 [ 0.          1.          0.        ]
 [ 0.71791192  0.          0.69613395]]",Drarc..969,DriftSlice,True,,0.20000000000000284,0.20000000000000284,21.60000000000007
76,-8.060845150294616,0.0,19.644499267598828,-0.8007981273627448,0.0,0.0,[0.69613395 0.         0.71791192],[0. 1. 0.],[-0.71791192  0.          0.69613395],[-8.06084515  0.         19.64449927],"[[ 0.69613395  0.         -0.71791192]
 [ 0.          1.          0.        ]
 [ 0.71791192  0.          0.69613395]]",[-8.06084515  0.         19.64449927],"[[ 0.69613395  0.         -0.71791192]
 [ 0.          1.          0.        ]
 [ 0.71791192  0.          0.69613395]]",XD1arc_1R7,Sextupole,True,XD1arc,0.1,0.1,21.80000000000007
77,-8.132636342599467,0.0,19.714112662196765,-0.8007981273627448,0.0,0.0,[0.69613395 0.         0.71791192],[0. 1. 0.],[-0.71791192  0.          0.69613395],[-8.13263634  0.         19.71411266],"[[ 0.69613395  0.         -0.71791192]
 [ 0.          1.          0.        ]
 [ 0.71791192  0.          0.69613395]]",[-8.13263634  0.         19.71411266],"[[ 0.69613395  0.         -0.71791192]
 [ 0.          1.          0.        ]
 [ 0.71791192  0.          0.69613395]]",Drarc..971,DriftSlice,True,,0.20000000000000273,0.20000000000000273,21.900000000000073
78,-8.276218727209171,0.0,19.85333945139264,-0.8007981273627448,0.0,0.0,[0.69613395 0.         0.71791192],[0. 1. 0.],[-0.71791192  0.          0.69613395],[-8.27621873  0.         19.85333945],"[[ 0.69613395  0.         -0.71791192]
 [ 0.          1.          0.        ]
 [ 0.71791192  0.          0.69613395]]",[-8.27621873  0.         19.85333945],"[[ 0.69613395  0.         -0.71791192]
 [ 0.          1.          0.        ]
 [ 0.71791192  0.          0.69613395]]",QDA_1R7,Quadrupole,True,QDarc,0.3,0.3,22.100000000000076
79,-8.491592304123724,0.0,20.062179635186446,-0.8007981273627448,0.0,0.0,[0.69613395 0.         0.71791192],[0. 1. 0.],[-0.71791192  0.          0.69613395],[-8.4915923   0.         20.06217964],"[[ 0.69613395  0.         -0.71791192]
 [ 0.          1.          0.        ]
 [ 0.71791192  0.          0.69613395]]",[-8.4915923   0.         20.06217964],"[[ 0.69613395  0.         -0.71791192]
 [ 0.          1.          0.        ]
 [ 0.71791192  0.          0.69613395]]",Drarc::13,Drift,True,,0.4999999999999999,0.4999999999999999,22.400000000000077
80,-8.850548265647978,0.0,20.410246608176124,-0.8007981273627448,0.0,0.0,[0.69613395 0.         0.71791192],[0. 1. 0.],[-0.71791192  0.          0.69613395],[-8.85054827  0.         20.41024661],"[[ 0.69613395  0.         -0.71791192]
 [ 0.          1.          0.        ]
 [ 0.71791192  0.          0.69613395]]",[-8.85054827  0.         20.41024661],"[[ 0.69613395  0.         -0.71791192]
 [ 0.          1.          0.        ]
 [ 0.71791192  0.          0.69613395]]",Bend2_1R7,Bend,True,Bend,0.4,0.4,22.900000000000077
81,-9.14610509807056,0.0,20.67968226155285,-0.8623979833137253,0.0,0.0,[0.6506183  0.         0.75940492],[0. 1. 0.],[-0.75940492  0.          0.6506183 ],[-9.1461051   0.         20.67968226],"[[ 0.6506183   0.         -0.75940492]
 [ 0.          1.          0.        ]
 [ 0.75940492  0.          0.6506183 ]]",[-9.1461051   0.         20.67968226],"[[ 0.6506183   0.         -0.75940492]
 [ 0.          1.          0.        ]
 [ 0.75940492  0.          0.6506183 ]]",Drarc..1044,DriftSlice,True,,0.20000000000000284,0.20000000000000284,23.300000000000075
82,-9.297986081398296,0.0,20.80980592159744,-0.8623979833137253,0.0,0.0,[0.6506183  0.         0.75940492],[0. 1. 0.],[-0.75940492  0.          0.6506183 ],[-9.29798608  0.         20.80980592],"[[ 0.6506183   0.         -0.75940492]
 [ 0.          1.          0.        ]
 [ 0.75940492  0.          0.6506183 ]]",[-9.29798608  0.         20.80980592],"[[ 0.6506183   0.         -0.75940492]
 [ 0.          1.          0.        ]
 [ 0.75940492  0.          0.6506183 ]]",XF1arc_1R7,Sextupole,True,XF1arc,0.1,0.1,23.500000000000078
83,-9.373926573062162,0.0,20.874867751619735,-0.8623979833137253,0.0,0.0,[0.6506183  0.         0.75940492],[0. 1. 0.],[-0.75940492  0.          0.6506183 ],[-9.37392657  0.         20.87486775],"[[ 0.6506183   0.         -0.75940492]
 [ 0.          1.          0.        ]
 [ 0.75940492  0.          0.6506183 ]]",[-9.37392657  0.         20.87486775],"[[ 0.6506183   0.         -0.75940492]
 [ 0.          1.          0.        ]
 [ 0.75940492  0.          0.6506183 ]]",Drarc..1046,DriftSlice,True,,0.20000000000000273,0.20000000000000273,23.60000000000008
84,-9.525807556389898,0.0,21.004991411664328,-0.8623979833137253,0.0,0.0,[0.6506183  0.         0.75940492],[0. 1. 0.],[-0.75940492  0.          0.6506183 ],[-9.52580756  0.         21.00499141],"[[ 0.6506183   0.         -0.75940492]
 [ 0.          1.          0.        ]
 [ 0.75940492  0.          0.6506183 ]]",[-9.52580756  0.         21.00499141],"[[ 0.6506183   0.         -0.75940492]
 [ 0.          1.          0.        ]
 [ 0.75940492  0.          0.6506183 ]]",QFA_M1R7,Quadrupole,True,QFarcM,0.3,0.3,23.800000000000082
85,-9.753629031381498,0.0,21.200176901731215,-0.8623979833137253,0.0,0.0,[0.6506183  0.         0.75940492],[0. 1. 0.],[-0.75940492  0.          0.6506183 ],[-9.75362903  0.         21.2001769 ],"[[ 0.6506183   0.         -0.75940492]
 [ 0.          1.          0.        ]
 [ 0.75940492  0.          0.6506183 ]]",[-9.75362903  0.         21.2001769 ],"[[ 0.6506183   0.         -0.75940492]
 [ 0.          1.          0.        ]
 [ 0.75940492  0.          0.6506183 ]]",Drarc::14,Drift,True,,0.4999999999999999,0.4999999999999999,24.100000000000083
86,-10.133331489700833,0.0,21.525486051842694,-0.8623979833137253,0.0,0.0,[0.6506183  0.         0.75940492],[0. 1. 0.],[-0.75940492  0.          0.6506183 ],[-10.13333149   0.          21.52548605],"[[ 0.6506183   0.         -0.75940492]
 [ 0.          1.          0.        ]
 [ 0.75940492  0.          0.6506183 ]]",[-10.13333149   0.          21.52548605],"[[ 0.6506183   0.         -0.75940492]
 [ 0.          1.          0.        ]
 [ 0.75940492  0.          0.6506183 ]]",Bend1_1R8,Bend,True,Bend,0.4,0.4,24.600000000000083
87,-10.44491445093901,0.0,21.77621592794098,-0.9239978392647057,0.0,0.0,[0.60263464 0.         0.79801723],[0. 1. 0.],[-0.79801723  0.          0.60263464],[-10.44491445   0.          21.77621593],"[[ 0.60263464  0.         -0.79801723]
 [ 0.          1.          0.        ]
 [ 0.79801723  0.          0.60263464]]",[-10.44491445   0.          21.77621593],"[[ 0.60263464  0.         -0.79801723]
 [ 0.          1.          0.        ]
 [ 0.79801723  0.          0.60263464]]",Drarc..1002,DriftSlice,True,,0.2000000000000064,0.2000000000000064,25.00000000000008
88,-10.60451789639188,0.0,21.896742855221053,-0.9239978392647057,0.0,0.0,[0.60263464 0.         0.79801723],[0. 1. 0.],[-0.79801723  0.          0.60263464],[-10.6045179    0.          21.89674286],"[[ 0.60263464  0.         -0.79801723]
 [ 0.          1.          0.        ]
 [ 0.79801723  0.          0.60263464]]",[-10.6045179    0.          21.89674286],"[[ 0.60263464  0.         -0.79801723]
 [ 0.          1.          0.        ]
 [ 0.79801723  0.          0.60263464]]",XD2arc_1R8,Sextupole,True,XD2arc,0.1,0.1,25.200000000000088
89,-10.684319619118313,0.0,21.957006318861087,-0.9239978392647057,0.0,0.0,[0.60263464 0.         0.79801723],[0. 1. 0.],[-0.79801723  0.          0.60263464],[-10.68431962   0.          21.95700632],"[[ 0.60263464  0.         -0.79801723]
 [ 0.          1.          0.        ]
 [ 0.79801723  0.          0.60263464]]",[-10.68431962   0.          21.95700632],"[[ 0.60263464  0.         -0.79801723]
 [ 0.          1.          0.        ]
 [ 0.79801723  0.          0.60263464]]",Drarc..1004,DriftSlice,True,,0.19999999999999918,0.19999999999999918,25.30000000000009
90,-10.843923064571177,0.0,22.07753324614115,-0.9239978392647057,0.0,0.0,[0.60263464 0.         0.79801723],[0. 1. 0.],[-0.79801723  0.          0.60263464],[-10.84392306   0.          22.07753325],"[[ 0.60263464  0.         -0.79801723]
 [ 0.          1.          0.        ]
 [ 0.79801723  0.          0.60263464]]",[-10.84392306   0.          22.07753325],"[[ 0.60263464  0.         -0.79801723]
 [ 0.          1.          0.        ]
 [ 0.79801723  0.          0.60263464]]",QDA_M1R8,Quadrupole,True,QDarcM,0.3,0.3,25.50000000000009
91,-11.083328232750475,0.0,22.25832363706125,-0.9239978392647057,0.0,0.0,[0.60263464 0.         0.79801723],[0. 1. 0.],[-0.79801723  0.          0.60263464],[-11.08332823   0.          22.25832364],"[[ 0.60263464  0.         -0.79801723]
 [ 0.          1.          0.        ]
 [ 0.79801723  0.          0.60263464]]",[-11.08332823   0.          22.25832364],"[[ 0.60263464  0.         -0.79801723]
 [ 0.          1.          0.        ]
 [ 0.79801723  0.          0.60263464]]",Drarc::15,Drift,True,,0.4999999999999999,0.4999999999999999,25.80000000000009
92,-11.482336846382637,0.0,22.559640955261415,-0.9239978392647057,0.0,0.0,[0.60263464 0.         0.79801723],[0. 1. 0.],[-0.79801723  0.          0.60263464],[-11.48233685   0.          22.55964096],"[[ 0.60263464  0.         -0.79801723]
 [ 0.          1.          0.        ]
 [ 0.79801723  0.          0.60263464]]",[-11.48233685   0.          22.55964096],"[[ 0.60263464  0.         -0.79801723]
 [ 0.          1.          0.        ]
 [ 0.79801723  0.          0.60263464]]",Bend2_1R8,Bend,True,Bend,0.4,0.4,26.30000000000009
93,-11.80876399553926,0.0,22.790713949779796,-0.9855976952156861,0.0,0.0,[0.55236497 0.         0.83360239],[0. 1. 0.],[-0.83360239  0.          0.55236497],[-11.808764     0.          22.79071395],"[[ 0.55236497  0.         -0.83360239]
 [ 0.          1.          0.        ]
 [ 0.83360239  0.          0.55236497]]",[-11.808764     0.          22.79071395],"[[ 0.55236497  0.         -0.83360239]
 [ 0.          1.          0.        ]
 [ 0.83360239  0.          0.55236497]]",DrarcS..30,DriftSlice,True,,0.20000000000000284,0.20000000000000284,26.700000000000088
94,-11.975484472580375,0.0,22.901186944376597,-0.9855976952156861,0.0,0.0,[0.55236497 0.         0.83360239],[0. 1. 0.],[-0.83360239  0.          0.55236497],[-11.97548447   0.          22.90118694],"[[ 0.55236497  0.         -0.83360239]
 [ 0.          1.          0.        ]
 [ 0.83360239  0.          0.55236497]]",[-11.97548447   0.          22.90118694],"[[ 0.55236497  0.         -0.83360239]
 [ 0.          1.          0.        ]
 [ 0.83360239  0.          0.55236497]]",XF2arc_1R,Sextupole,True,XF2arc,0.1,0.1,26.90000000000009
95,-12.05884471110093,0.0,22.956423441674996,-0.9855976952156861,0.0,0.0,[0.55236497 0.         0.83360239],[0. 1. 0.],[-0.83360239  0.          0.55236497],[-12.05884471   0.          22.95642344],"[[ 0.55236497  0.         -0.83360239]
 [ 0.          1.          0.        ]
 [ 0.83360239  0.          0.55236497]]",[-12.05884471   0.          22.95642344],"[[ 0.55236497  0.         -0.83360239]
 [ 0.          1.          0.        ]
 [ 0.83360239  0.          0.55236497]]",DrarcS..32,DriftSlice,True,,0.20000000000000273,0.20000000000000273,27.000000000000092
96,-12.225565188142044,0.0,23.066896436271797,-0.9855976952156861,0.0,0.0,[0.55236497 0.         0.83360239],[0. 1. 0.],[-0.83360239  0.          0.55236497],[-12.22556519   0.          23.06689644],"[[ 0.55236497  0.         -0.83360239]
 [ 0.          1.          0.        ]
 [ 0.83360239  0.          0.55236497]]",[-12.22556519   0.          23.06689644],"[[ 0.55236497  0.         -0.83360239]
 [ 0.          1.          0.        ]
 [ 0.83360239  0.          0.55236497]]",QFDS_1R,Quadrupole,True,QFDS,0.3,0.3,27.200000000000095
97,-12.475645903703711,0.0,23.232605928166993,-0.9855976952156861,0.0,0.0,[0.55236497 0.         0.83360239],[0. 1. 0.],[-0.83360239  0.          0.55236497],[-12.4756459    0.          23.23260593],"[[ 0.55236497  0.         -0.83360239]
 [ 0.          1.          0.        ]
 [ 0.83360239  0.          0.55236497]]",[-12.4756459    0.          23.23260593],"[[ 0.55236497  0.         -0.83360239]
 [ 0.          1.          0.        ]
 [ 0.83360239  0.          0.55236497]]",DrDSL..144,DriftSlice,True,,1.9649999999999963,1.9649999999999963,27.500000000000096
98,-14.11367459063263,0.0,24.318003100080528,-0.9855976952156861,0.0,0.0,[0.55236497 0.         0.83360239],[0. 1. 0.],[-0.83360239  0.          0.55236497],[-14.11367459   0.          24.3180031 ],"[[ 0.55236497  0.         -0.83360239]
 [ 0.          1.          0.        ]
 [ 0.83360239  0.          0.55236497]]",[-14.11367459   0.          24.3180031 ],"[[ 0.55236497  0.         -0.83360239]
 [ 0.          1.          0.        ]
 [ 0.83360239  0.          0.55236497]]",QDDoubDS_1R,Quadrupole,True,,0.3,0.3,29.465000000000092
99,-14.363755306194298,0.0,24.483712591975724,-0.9855976952156861,0.0,0.0,[0.55236497 0.         0.83360239],[0. 1. 0.],[-0.83360239  0.          0.55236497],[-14.36375531   0.          24.48371259],"[[ 0.55236497  0.         -0.83360239]
 [ 0.          1.          0.        ]
 [ 0.83360239  0.          0.55236497]]",[-14.36375531   0.          24.48371259],"[[ 0.55236497  0.         -0.83360239]
 [ 0.          1.          0.        ]
 [ 0.83360239  0.          0.55236497]]",DrDSL..146,DriftSlice,True,,0.08499999999999197,0.08499999999999197,29.765000000000093
100,-14.434611508936763,0.0,24.53066361467936,-0.9855976952156861,0.0,0.0,[0.55236497 0.         0.83360239],[0. 1. 0.],[-0.83360239  0.          0.55236497],[-14.43461151   0.          24.53066361],"[[ 0.55236497  0.         -0.83360239]
 [ 0.          1.          0.        ]
 [ 0.83360239  0.          0.55236497]]",[-14.43461151   0.          24.53066361],"[[ 0.55236497  0.         -0.83360239]
 [ 0.          1.          0.        ]
 [ 0.83360239  0.          0.55236497]]",QDDS_1R,Quadrupole,True,QDDS,0.3,0.3,29.850000000000087
101,-14.68469222449843,0.0,24.696373106574555,-0.9855976952156861,0.0,0.0,[0.55236497 0.         0.83360239],[0. 1. 0.],[-0.83360239  0.          0.55236497],[-14.68469222   0.          24.69637311],"[[ 0.55236497  0.         -0.83360239]
 [ 0.          1.          0.        ]
 [ 0.83360239  0.          0.55236497]]",[-14.68469222   0.          24.69637311],"[[ 0.55236497  0.         -0.83360239]
 [ 0.          1.          0.        ]
 [ 0.83360239  0.          0.55236497]]",Drarc::16,Drift,True,,0.4999999999999999,0.4999999999999999,30.150000000000087
102,-15.10149341710121,0.0,24.97255559306655,-0.9855976952156861,0.0,0.0,[0.55236497 0.         0.83360239],[0. 1. 0.],[-0.83360239  0.          0.55236497],[-15.10149342   0.          24.97255559],"[[ 0.55236497  0.         -0.83360239]
 [ 0.          1.          0.        ]
 [ 0.83360239  0.          0.55236497]]",[-15.10149342   0.          24.97255559],"[[ 0.55236497  0.         -0.83360239]
 [ 0.          1.          0.        ]
 [ 0.83360239  0.          0.55236497]]",BendDS_1R,Bend,True,BendDS,0.4,0.4,30.650000000000087
103,-15.441526504189845,0.0,25.18309516698838,-1.0471975511666665,0.0,0.0,[0.5       0.        0.8660254],[0. 1. 0.],[-0.8660254  0.         0.5      ],[-15.4415265    0.          25.18309517],"[[ 0.5        0.        -0.8660254]
 [ 0.         1.         0.       ]
 [ 0.8660254  0.         0.5      ]]",[-15.4415265    0.          25.18309517],"[[ 0.5        0.        -0.8660254]
 [ 0.         1.         0.       ]
 [ 0.8660254  0.         0.5      ]]",DrTrans::0,Drift,True,,0.7459011889636644,0.7459011889636644,31.050000000000086
104,-16.08749588253423,0.0,25.556045761489546,-1.0471975511666665,0.0,0.0,[0.5       0.        0.8660254],[0. 1. 0.],[-0.8660254  0.         0.5      ],[-16.08749588   0.          25.55604576],"[[ 0.5        0.        -0.8660254]
 [ 0.         1.         0.       ]
 [ 0.8660254  0.         0.5      ]]",[-16.08749588   0.          25.55604576],"[[ 0.5        0.        -0.8660254]
 [ 0.         1.         0.       ]
 [ 0.8660254  0.         0.5      ]]",QFDoub_1R,Quadrupole,True,QFDoub,0.3,0.3,31.79590118896375
105,-16.347303503665074,0.0,25.70604576149732,-1.0471975511666665,0.0,0.0,[0.5       0.        0.8660254],[0. 1. 0.],[-0.8660254  0.         0.5      ],[-16.3473035    0.          25.70604576],"[[ 0.5        0.        -0.8660254]
 [ 0.         1.         0.       ]
 [ 0.8660254  0.         0.5      ]]",[-16.3473035    0.          25.70604576],"[[ 0.5        0.        -0.8660254]
 [ 0.         1.         0.       ]
 [ 0.8660254  0.         0.5      ]]",DrDoub::0,Drift,True,,0.0683955913414822,0.0683955913414822,32.09590118896375
106,-16.406535823272634,0.0,25.740243557169837,-1.0471975511666665,0.0,0.0,[0.5       0.        0.8660254],[0. 1. 0.],[-0.8660254  0.         0.5      ],[-16.40653582   0.          25.74024356],"[[ 0.5        0.        -0.8660254]
 [ 0.         1.         0.       ]
 [ 0.8660254  0.         0.5      ]]",[-16.40653582   0.          25.74024356],"[[ 0.5        0.        -0.8660254]
 [ 0.         1.         0.       ]
 [ 0.8660254  0.         0.5      ]]",QDDoub_1R,Quadrupole,True,QDDoub,0.3,0.3,32.164296780305236
107,-16.666343444403477,0.0,25.890243557177612,-1.0471975511666665,0.0,0.0,[0.5       0.        0.8660254],[0. 1. 0.],[-0.8660254  0.         0.5      ],[-16.66634344   0.          25.89024356],"[[ 0.5        0.        -0.8660254]
 [ 0.         1.         0.       ]
 [ 0.8660254  0.         0.5      ]]",[-16.66634344   0.          25.89024356],"[[ 0.5        0.        -0.8660254]
 [ 0.         1.         0.       ]
 [ 0.8660254  0.         0.5      ]]",DrTripl..102,DriftSlice,True,,0.5,0.5,32.46429678030523
108,-17.099356146288212,0.0,26.140243557190573,-1.0471975511666665,0.0,0.0,[0.5       0.        0.8660254],[0. 1. 0.],[-0.8660254  0.         0.5      ],[-17.09935615   0.          26.14024356],"[[ 0.5        0.        -0.8660254]
 [ 0.         1.         0.       ]
 [ 0.8660254  0.         0.5      ]]",[-17.09935615   0.          26.14024356],"[[ 0.5        0.        -0.8660254]
 [ 0.         1.         0.       ]
 [ 0.8660254  0.         0.5      ]]",RFCav_1,Cavity,True,RFCav,1.5,1.5,32.96429678030523
109,-18.39839425194242,0.0,26.890243557229454,-1.0471975511666665,0.0,0.0,[0.5       0.        0.8660254],[0. 1. 0.],[-0.8660254  0.         0.5      ],[-18.39839425   0.          26.89024356],"[[ 0.5        0.        -0.8660254]
 [ 0.         1.         0.       ]
 [ 0.8660254  0.         0.5      ]]",[-18.39839425   0.          26.89024356],"[[ 0.5        0.        -0.8660254]
 [ 0.         1.         0.       ]
 [ 0.8660254  0.         0.5      ]]",DrTripl..104,DriftSlice,True,,0.5,0.5,34.46429678030523
110,-18.831406953827155,0.0,27.140243557242414,-1.0471975511666665,0.0,0.0,[0.5       0.        0.8660254],[0. 1. 0.],[-0.8660254  0.         0.5      ],[-18.83140695   0.          27.14024356],"[[ 0.5        0.        -0.8660254]
 [ 0.         1.         0.       ]
 [ 0.8660254  0.         0.5      ]]",[-18.83140695   0.          27.14024356],"[[ 0.5        0.        -0.8660254]
 [ 0.         1.         0.       ]
 [ 0.8660254  0.         0.5      ]]",QDTrip_1R1,Quadrupole,True,QDtr,0.3,0.3,34.96429678030523
111,-19.091214574958,0.0,27.29024355725019,-1.0471975511666665,0.0,0.0,[0.5       0.        0.8660254],[0. 1. 0.],[-0.8660254  0.         0.5      ],[-19.09121457   0.          27.29024356],"[[ 0.5        0.        -0.8660254]
 [ 0.         1.         0.       ]
 [ 0.8660254  0.         0.5      ]]",[-19.09121457   0.          27.29024356],"[[ 0.5        0.        -0.8660254]
 [ 0.         1.         0.       ]
 [ 0.8660254  0.         0.5      ]]",DrTrips::0,Drift,True,,0.5653264918208467,0.5653264918208467,35.26429678030523
112,-19.580801678298727,0.0,27.572906803175268,-1.0471975511666665,0.0,0.0,[0.5       0.        0.8660254],[0. 1. 0.],[-0.8660254  0.         0.5      ],[-19.58080168   0.          27.5729068 ],"[[ 0.5        0.        -0.8660254]
 [ 0.         1.         0.       ]
 [ 0.8660254  0.         0.5      ]]",[-19.58080168   0.          27.5729068 ],"[[ 0.5        0.        -0.8660254]
 [ 0.         1.         0.       ]
 [ 0.8660254  0.         0.5      ]]",QFTripC_2L2,Quadrupole,True,QFtr,0.3,0.3,35.82962327212608
113,-19.84060929942957,0.0,27.722906803183044,-1.0471975511666665,0.0,0.0,[0.5       0.        0.8660254],[0. 1. 0.],[-0.8660254  0.         0.5      ],[-19.8406093   0.         27.7229068],"[[ 0.5        0.        -0.8660254]
 [ 0.         1.         0.       ]
 [ 0.8660254  0.         0.5      ]]",[-19.8406093   0.         27.7229068],"[[ 0.5        0.        -0.8660254]
 [ 0.         1.         0.       ]
 [ 0.8660254  0.         0.5      ]]",DrTrips::1,Drift,True,,0.5653264918208467,0.5653264918208467,36.129623272126075
114,-20.330196402770298,0.0,28.005570049108123,-1.0471975511666665,0.0,0.0,[0.5       0.        0.8660254],[0. 1. 0.],[-0.8660254  0.         0.5      ],[-20.3301964    0.          28.00557005],"[[ 0.5        0.        -0.8660254]
 [ 0.         1.         0.       ]
 [ 0.8660254  0.         0.5      ]]",[-20.3301964    0.          28.00557005],"[[ 0.5        0.        -0.8660254]
 [ 0.         1.         0.       ]
 [ 0.8660254  0.         0.5      ]]",QDTrip_2L1,Quadrupole,True,QDtr,0.3,0.3,36.69494976394692
115,-20.59000402390114,0.0,28.155570049115898,-1.0471975511666665,0.0,0.0,[0.5       0.        0.8660254],[0. 1. 0.],[-0.8660254  0.         0.5      ],[-20.59000402   0.          28.15557005],"[[ 0.5        0.        -0.8660254]
 [ 0.         1.         0.       ]
 [ 0.8660254  0.         0.5      ]]",[-20.59000402   0.          28.15557005],"[[ 0.5        0.        -0.8660254]
 [ 0.         1.         0.       ]
 [ 0.8660254  0.         0.5      ]]",DrTripl::0,Drift,True,,2.5,2.5,36.99494976394692
116,-22.755067533324823,0.0,29.4055700491807,-1.0471975511666665,0.0,0.0,[0.5       0.        0.8660254],[0. 1. 0.],[-0.8660254  0.         0.5      ],[-22.75506753   0.          29.40557005],"[[ 0.5        0.        -0.8660254]
 [ 0.         1.         0.       ]
 [ 0.8660254  0.         0.5      ]]",[-22.75506753   0.          29.40557005],"[[ 0.5        0.        -0.8660254]
 [ 0.         1.         0.       ]
 [ 0.8660254  0.         0.5      ]]",QDDoub_2L,Quadrupole,True,QDDoub,0.3,0.3,39.49494976394692
117,-23.014875154455666,0.0,29.555570049188475,-1.0471975511666665,0.0,0.0,[0.5       0.        0.8660254],[0. 1. 0.],[-0.8660254  0.         0.5      ],[-23.01487515   0.          29.55557005],"[[ 0.5        0.        -0.8660254]
 [ 0.         1.         0.       ]
 [ 0.8660254  0.         0.5      ]]",[-23.01487515   0.          29.55557005],"[[ 0.5        0.        -0.8660254]
 [ 0.         1.         0.       ]
 [ 0.8660254  0.         0.5      ]]",DrDoub::1,Drift,True,,0.0683955913414822,0.0683955913414822,39.79494976394692
118,-23.074107474063226,0.0,29.58976784486099,-1.0471975511666665,0.0,0.0,[0.5       0.        0.8660254],[0. 1. 0.],[-0.8660254  0.         0.5      ],[-23.07410747   0.          29.58976784],"[[ 0.5        0.        -0.8660254]
 [ 0.         1.         0.       ]
 [ 0.8660254  0.         0.5      ]]",[-23.07410747   0.          29.58976784],"[[ 0.5        0.        -0.8660254]
 [ 0.         1.         0.       ]
 [ 0.8660254  0.         0.5      ]]",QFDoub_2L,Quadrupole,True,QFDoub,0.3,0.3,39.8633453552884
119,-23.33391509519407,0.0,29.739767844868766,-1.0471975511666665,0.0,0.0,[0.5       0.        0.8660254],[0. 1. 0.],[-0.8660254  0.         0.5      ],[-23.3339151    0.          29.73976784],"[[ 0.5        0.        -0.8660254]
 [ 0.         1.         0.       ]
 [ 0.8660254  0.         0.5      ]]",[-23.3339151    0.          29.73976784],"[[ 0.5        0.        -0.8660254]
 [ 0.         1.         0.       ]
 [ 0.8660254  0.         0.5      ]]",DrTrans::1,Drift,True,,0.7459011889636644,0.7459011889636644,40.1633453552884
120,-23.979884473538455,0.0,30.11271843936993,-1.0471975511666665,0.0,0.0,[0.5       0.        0.8660254],[0. 1. 0.],[-0.8660254  0.         0.5      ],[-23.97988447   0.          30.11271844],"[[ 0.5        0.        -0.8660254]
 [ 0.         1.         0.       ]
 [ 0.8660254  0.         0.5      ]]",[-23.97988447   0.          30.11271844],"[[ 0.5        0.        -0.8660254]
 [ 0.         1.         0.       ]
 [ 0.8660254  0.         0.5      ]]",BendDS_2L,Bend,True,BendDS,0.4,0.4,40.90924654425206
121,-24.332233636589702,0.0,30.301925943976112,-1.1087974071176467,0.0,0.0,[0.44573836 0.         0.89516329],[0. 1. 0.],[-0.89516329  0.          0.44573836],[-24.33223364   0.          30.30192594],"[[ 0.44573836  0.         -0.89516329]
 [ 0.          1.          0.        ]
 [ 0.89516329  0.          0.44573836]]",[-24.33223364   0.          30.30192594],"[[ 0.44573836  0.         -0.89516329]
 [ 0.          1.          0.        ]
 [ 0.89516329  0.          0.44573836]]",Drarc::17,Drift,True,,0.4999999999999999,0.4999999999999999,41.30924654425206
122,-24.77981528226017,0.0,30.524795121878565,-1.1087974071176467,0.0,0.0,[0.44573836 0.         0.89516329],[0. 1. 0.],[-0.89516329  0.          0.44573836],[-24.77981528   0.          30.52479512],"[[ 0.44573836  0.         -0.89516329]
 [ 0.          1.          0.        ]
 [ 0.89516329  0.          0.44573836]]",[-24.77981528   0.          30.52479512],"[[ 0.44573836  0.         -0.89516329]
 [ 0.          1.          0.        ]
 [ 0.89516329  0.          0.44573836]]",QDDS_2L,Quadrupole,True,QDDS,0.3,0.3,41.80924654425206
123,-25.04836426966245,0.0,30.65851662862004,-1.1087974071176467,0.0,0.0,[0.44573836 0.         0.89516329],[0. 1. 0.],[-0.89516329  0.          0.44573836],[-25.04836427   0.          30.65851663],"[[ 0.44573836  0.         -0.89516329]
 [ 0.          1.          0.        ]
 [ 0.89516329  0.          0.44573836]]",[-25.04836427   0.          30.65851663],"[[ 0.44573836  0.         -0.89516329]
 [ 0.          1.          0.        ]
 [ 0.89516329  0.          0.44573836]]",DrDSL..147,DriftSlice,True,,0.08499999999999375,0.08499999999999375,42.10924654425206
124,-25.124453149426422,0.0,30.696404388863453,-1.1087974071176467,0.0,0.0,[0.44573836 0.         0.89516329],[0. 1. 0.],[-0.89516329  0.          0.44573836],[-25.12445315   0.          30.69640439],"[[ 0.44573836  0.         -0.89516329]
 [ 0.          1.          0.        ]
 [ 0.89516329  0.          0.44573836]]",[-25.12445315   0.          30.69640439],"[[ 0.44573836  0.         -0.89516329]
 [ 0.          1.          0.        ]
 [ 0.89516329  0.          0.44573836]]",QDDoubDS_2L,Quadrupole,True,,0.3,0.3,42.19424654425205
125,-25.393002136828702,0.0,30.830125895604926,-1.1087974071176467,0.0,0.0,[0.44573836 0.         0.89516329],[0. 1. 0.],[-0.89516329  0.          0.44573836],[-25.39300214   0.          30.8301259 ],"[[ 0.44573836  0.         -0.89516329]
 [ 0.          1.          0.        ]
 [ 0.89516329  0.          0.44573836]]",[-25.39300214   0.          30.8301259 ],"[[ 0.44573836  0.         -0.89516329]
 [ 0.          1.          0.        ]
 [ 0.89516329  0.          0.44573836]]",DrDSL..149,DriftSlice,True,,1.9649999999999945,1.9649999999999945,42.49424654425205
126,-27.151998004313636,0.0,31.706001764761567,-1.1087974071176467,0.0,0.0,[0.44573836 0.         0.89516329],[0. 1. 0.],[-0.89516329  0.          0.44573836],[-27.151998     0.          31.70600176],"[[ 0.44573836  0.         -0.89516329]
 [ 0.          1.          0.        ]
 [ 0.89516329  0.          0.44573836]]",[-27.151998     0.          31.70600176],"[[ 0.44573836  0.         -0.89516329]
 [ 0.          1.          0.        ]
 [ 0.89516329  0.          0.44573836]]",QFDS_2L,Quadrupole,True,QFDS,0.3,0.3,44.459246544252046
127,-27.420546991715916,0.0,31.83972327150304,-1.1087974071176467,0.0,0.0,[0.44573836 0.         0.89516329],[0. 1. 0.],[-0.89516329  0.          0.44573836],[-27.42054699   0.          31.83972327],"[[ 0.44573836  0.         -0.89516329]
 [ 0.          1.          0.        ]
 [ 0.89516329  0.          0.44573836]]",[-27.42054699   0.          31.83972327],"[[ 0.44573836  0.         -0.89516329]
 [ 0.          1.          0.        ]
 [ 0.89516329  0.          0.44573836]]",DrarcS..39,DriftSlice,True,,0.20000000000000284,0.20000000000000284,44.75924654425204
128,-27.599579649984108,0.0,31.928870942664023,-1.1087974071176467,0.0,0.0,[0.44573836 0.         0.89516329],[0. 1. 0.],[-0.89516329  0.          0.44573836],[-27.59957965   0.          31.92887094],"[[ 0.44573836  0.         -0.89516329]
 [ 0.          1.          0.        ]
 [ 0.89516329  0.          0.44573836]]",[-27.59957965   0.          31.92887094],"[[ 0.44573836  0.         -0.89516329]
 [ 0.          1.          0.        ]
 [ 0.89516329  0.          0.44573836]]",XF2arc_2L,Sextupole,True,XF2arc,0.1,0.1,44.959246544252046
129,-27.6890959791182,0.0,31.973444778244513,-1.1087974071176467,0.0,0.0,[0.44573836 0.         0.89516329],[0. 1. 0.],[-0.89516329  0.          0.44573836],[-27.68909598   0.          31.97344478],"[[ 0.44573836  0.         -0.89516329]
 [ 0.          1.          0.        ]
 [ 0.89516329  0.          0.44573836]]",[-27.68909598   0.          31.97344478],"[[ 0.44573836  0.         -0.89516329]
 [ 0.          1.          0.        ]
 [ 0.89516329  0.          0.44573836]]",DrarcS..41,DriftSlice,True,,0.20000000000000273,0.20000000000000273,45.05924654425205
130,-27.86812863738639,0.0,32.06259244940549,-1.1087974071176467,0.0,0.0,[0.44573836 0.         0.89516329],[0. 1. 0.],[-0.89516329  0.          0.44573836],[-27.86812864   0.          32.06259245],"[[ 0.44573836  0.         -0.89516329]
 [ 0.          1.          0.        ]
 [ 0.89516329  0.          0.44573836]]",[-27.86812864   0.          32.06259245],"[[ 0.44573836  0.         -0.89516329]
 [ 0.          1.          0.        ]
 [ 0.89516329  0.          0.44573836]]",Bend2_2L8,Bend,True,Bend,0.4,0.4,45.25924654425205
131,-28.23145729533616,0.0,32.22975015582262,-1.1703972630686272,0.0,0.0,[0.38978587 0.         0.92090552],[0. 1. 0.],[-0.92090552  0.          0.38978587],[-28.2314573    0.          32.22975016],"[[ 0.38978587  0.         -0.92090552]
 [ 0.          1.          0.        ]
 [ 0.92090552  0.          0.38978587]]",[-28.2314573    0.          32.22975016],"[[ 0.38978587  0.         -0.92090552]
 [ 0.          1.          0.        ]
 [ 0.92090552  0.          0.38978587]]",Drarc::18,Drift,True,,0.4999999999999999,0.4999999999999999,45.65924654425205
132,-28.691910054302117,0.0,32.42464309248437,-1.1703972630686272,0.0,0.0,[0.38978587 0.         0.92090552],[0. 1. 0.],[-0.92090552  0.          0.38978587],[-28.69191005   0.          32.42464309],"[[ 0.38978587  0.         -0.92090552]
 [ 0.          1.          0.        ]
 [ 0.92090552  0.          0.38978587]]",[-28.69191005   0.          32.42464309],"[[ 0.38978587  0.         -0.92090552]
 [ 0.          1.          0.        ]
 [ 0.92090552  0.          0.38978587]]",QDA_M2L8,Quadrupole,True,QDarcM,0.3,0.3,46.15924654425205
133,-28.96818170968169,0.0,32.541578854481415,-1.1703972630686272,0.0,0.0,[0.38978587 0.         0.92090552],[0. 1. 0.],[-0.92090552  0.          0.38978587],[-28.96818171   0.          32.54157885],"[[ 0.38978587  0.         -0.92090552]
 [ 0.          1.          0.        ]
 [ 0.92090552  0.          0.38978587]]",[-28.96818171   0.          32.54157885],"[[ 0.38978587  0.         -0.92090552]
 [ 0.          1.          0.        ]
 [ 0.92090552  0.          0.38978587]]",Drarc..1095,DriftSlice,True,,0.20000000000000284,0.20000000000000284,46.459246544252046
134,-29.152362813268077,0.0,32.61953602914611,-1.1703972630686272,0.0,0.0,[0.38978587 0.         0.92090552],[0. 1. 0.],[-0.92090552  0.          0.38978587],[-29.15236281   0.          32.61953603],"[[ 0.38978587  0.         -0.92090552]
 [ 0.          1.          0.        ]
 [ 0.92090552  0.          0.38978587]]",[-29.15236281   0.          32.61953603],"[[ 0.38978587  0.         -0.92090552]
 [ 0.          1.          0.        ]
 [ 0.92090552  0.          0.38978587]]",XD2arc_2L8,Sextupole,True,XD2arc,0.1,0.1,46.65924654425205
135,-29.24445336506127,0.0,32.65851461647846,-1.1703972630686272,0.0,0.0,[0.38978587 0.         0.92090552],[0. 1. 0.],[-0.92090552  0.          0.38978587],[-29.24445337   0.          32.65851462],"[[ 0.38978587  0.         -0.92090552]
 [ 0.          1.          0.        ]
 [ 0.92090552  0.          0.38978587]]",[-29.24445337   0.          32.65851462],"[[ 0.38978587  0.         -0.92090552]
 [ 0.          1.          0.        ]
 [ 0.92090552  0.          0.38978587]]",Drarc..1097,DriftSlice,True,,0.20000000000000273,0.20000000000000273,46.75924654425205
136,-29.428634468647655,0.0,32.73647179114316,-1.1703972630686272,0.0,0.0,[0.38978587 0.         0.92090552],[0. 1. 0.],[-0.92090552  0.          0.38978587],[-29.42863447   0.          32.73647179],"[[ 0.38978587  0.         -0.92090552]
 [ 0.          1.          0.        ]
 [ 0.92090552  0.          0.38978587]]",[-29.42863447   0.          32.73647179],"[[ 0.38978587  0.         -0.92090552]
 [ 0.          1.          0.        ]
 [ 0.92090552  0.          0.38978587]]",Bend1_2L8,Bend,True,Bend,0.4,0.4,46.95924654425205
137,-29.801564391446934,0.0,32.88094561293499,-1.2319971190196077,0.0,0.0,[0.3323548  0.         0.94315443],[0. 1. 0.],[-0.94315443  0.          0.3323548 ],[-29.80156439   0.          32.88094561],"[[ 0.3323548   0.         -0.94315443]
 [ 0.          1.          0.        ]
 [ 0.94315443  0.          0.3323548 ]]",[-29.80156439   0.          32.88094561],"[[ 0.3323548   0.         -0.94315443]
 [ 0.          1.          0.        ]
 [ 0.94315443  0.          0.3323548 ]]",Drarc::19,Drift,True,,0.4999999999999999,0.4999999999999999,47.35924654425205
138,-30.27314160867672,0.0,33.04712301269142,-1.2319971190196077,0.0,0.0,[0.3323548  0.         0.94315443],[0. 1. 0.],[-0.94315443  0.          0.3323548 ],[-30.27314161   0.          33.04712301],"[[ 0.3323548   0.         -0.94315443]
 [ 0.          1.          0.        ]
 [ 0.94315443  0.          0.3323548 ]]",[-30.27314161   0.          33.04712301],"[[ 0.3323548   0.         -0.94315443]
 [ 0.          1.          0.        ]
 [ 0.94315443  0.          0.3323548 ]]",QFA_M2L7,Quadrupole,True,QFarcM,0.3,0.3,47.85924654425205
139,-30.556087939014592,0.0,33.14682945254528,-1.2319971190196077,0.0,0.0,[0.3323548  0.         0.94315443],[0. 1. 0.],[-0.94315443  0.          0.3323548 ],[-30.55608794   0.          33.14682945],"[[ 0.3323548   0.         -0.94315443]
 [ 0.          1.          0.        ]
 [ 0.94315443  0.          0.3323548 ]]",[-30.55608794   0.          33.14682945],"[[ 0.3323548   0.         -0.94315443]
 [ 0.          1.          0.        ]
 [ 0.94315443  0.          0.3323548 ]]",Drarc..1137,DriftSlice,True,,0.20000000000000284,0.20000000000000284,48.15924654425205
140,-30.74471882590651,0.0,33.21330041244786,-1.2319971190196077,0.0,0.0,[0.3323548  0.         0.94315443],[0. 1. 0.],[-0.94315443  0.          0.3323548 ],[-30.74471883   0.          33.21330041],"[[ 0.3323548   0.         -0.94315443]
 [ 0.          1.          0.        ]
 [ 0.94315443  0.          0.3323548 ]]",[-30.74471883   0.          33.21330041],"[[ 0.3323548   0.         -0.94315443]
 [ 0.          1.          0.        ]
 [ 0.94315443  0.          0.3323548 ]]",XF1arc_2L7,Sextupole,True,XF1arc,0.1,0.1,48.35924654425205
141,-30.839034269352467,0.0,33.246535892399145,-1.2319971190196077,0.0,0.0,[0.3323548  0.         0.94315443],[0. 1. 0.],[-0.94315443  0.          0.3323548 ],[-30.83903427   0.          33.24653589],"[[ 0.3323548   0.         -0.94315443]
 [ 0.          1.          0.        ]
 [ 0.94315443  0.          0.3323548 ]]",[-30.83903427   0.          33.24653589],"[[ 0.3323548   0.         -0.94315443]
 [ 0.          1.          0.        ]
 [ 0.94315443  0.          0.3323548 ]]",Drarc..1139,DriftSlice,True,,0.20000000000000273,0.20000000000000273,48.45924654425205
142,-31.027665156244385,0.0,33.31300685230172,-1.2319971190196077,0.0,0.0,[0.3323548  0.         0.94315443],[0. 1. 0.],[-0.94315443  0.          0.3323548 ],[-31.02766516   0.          33.31300685],"[[ 0.3323548   0.         -0.94315443]
 [ 0.          1.          0.        ]
 [ 0.94315443  0.          0.3323548 ]]",[-31.02766516   0.          33.31300685],"[[ 0.3323548   0.         -0.94315443]
 [ 0.          1.          0.        ]
 [ 0.94315443  0.          0.3323548 ]]",Bend2_2L7,Bend,True,Bend,0.4,0.4,48.659246544252056
143,-31.40878169295792,0.0,33.434248750776185,-1.293596974970588,0.0,0.0,[0.27366299 0.         0.96182564],[0. 1. 0.],[-0.96182564  0.          0.27366299],[-31.40878169   0.          33.43424875],"[[ 0.27366299  0.         -0.96182564]
 [ 0.          1.          0.        ]
 [ 0.96182564  0.          0.27366299]]",[-31.40878169   0.          33.43424875],"[[ 0.27366299  0.         -0.96182564]
 [ 0.          1.          0.        ]
 [ 0.96182564  0.          0.27366299]]",Drarc::20,Drift,True,,0.4999999999999999,0.4999999999999999,49.059246544252055
144,-31.88969451453927,0.0,33.571080245830004,-1.293596974970588,0.0,0.0,[0.27366299 0.         0.96182564],[0. 1. 0.],[-0.96182564  0.          0.27366299],[-31.88969451   0.          33.57108025],"[[ 0.27366299  0.         -0.96182564]
 [ 0.          1.          0.        ]
 [ 0.96182564  0.          0.27366299]]",[-31.88969451   0.          33.57108025],"[[ 0.27366299  0.         -0.96182564]
 [ 0.          1.          0.        ]
 [ 0.96182564  0.          0.27366299]]",QDA_2L7,Quadrupole,True,QDarc,0.3,0.3,49.559246544252055
145,-32.178242207488076,0.0,33.6531791428623,-1.293596974970588,0.0,0.0,[0.27366299 0.         0.96182564],[0. 1. 0.],[-0.96182564  0.          0.27366299],[-32.17824221   0.          33.65317914],"[[ 0.27366299  0.         -0.96182564]
 [ 0.          1.          0.        ]
 [ 0.96182564  0.          0.27366299]]",[-32.17824221   0.          33.65317914],"[[ 0.27366299  0.         -0.96182564]
 [ 0.          1.          0.        ]
 [ 0.96182564  0.          0.27366299]]",Drarc..1071,DriftSlice,True,,0.20000000000000284,0.20000000000000284,49.85924654425205
146,-32.37060733612062,0.0,33.70791174088383,-1.293596974970588,0.0,0.0,[0.27366299 0.         0.96182564],[0. 1. 0.],[-0.96182564  0.          0.27366299],[-32.37060734   0.          33.70791174],"[[ 0.27366299  0.         -0.96182564]
 [ 0.          1.          0.        ]
 [ 0.96182564  0.          0.27366299]]",[-32.37060734   0.          33.70791174],"[[ 0.27366299  0.         -0.96182564]
 [ 0.          1.          0.        ]
 [ 0.96182564  0.          0.27366299]]",XD1arc_2L7,Sextupole,True,XD1arc,0.1,0.1,50.059246544252055
147,-32.46678990043689,0.0,33.735278039894595,-1.293596974970588,0.0,0.0,[0.27366299 0.         0.96182564],[0. 1. 0.],[-0.96182564  0.          0.27366299],[-32.4667899    0.          33.73527804],"[[ 0.27366299  0.         -0.96182564]
 [ 0.          1.          0.        ]
 [ 0.96182564  0.          0.27366299]]",[-32.4667899    0.          33.73527804],"[[ 0.27366299  0.         -0.96182564]
 [ 0.          1.          0.        ]
 [ 0.96182564  0.          0.27366299]]",Drarc..1073,DriftSlice,True,,0.20000000000000273,0.20000000000000273,50.159246544252056
148,-32.65915502906944,0.0,33.790010637916126,-1.293596974970588,0.0,0.0,[0.27366299 0.         0.96182564],[0. 1. 0.],[-0.96182564  0.          0.27366299],[-32.65915503   0.          33.79001064],"[[ 0.27366299  0.         -0.96182564]
 [ 0.          1.          0.        ]
 [ 0.96182564  0.          0.27366299]]",[-32.65915503   0.          33.79001064],"[[ 0.27366299  0.         -0.96182564]
 [ 0.          1.          0.        ]
 [ 0.96182564  0.          0.27366299]]",Bend1_2L7,Bend,True,Bend,0.4,0.4,50.35924654425206
149,-33.04701247413127,0.0,33.88756070102386,-1.3551968309215685,0.0,0.0,[0.21393308 0.         0.97684832],[0. 1. 0.],[-0.97684832  0.          0.21393308],[-33.04701247   0.          33.8875607 ],"[[ 0.21393308  0.         -0.97684832]
 [ 0.          1.          0.        ]
 [ 0.97684832  0.          0.21393308]]",[-33.04701247   0.          33.8875607 ],"[[ 0.21393308  0.         -0.97684832]
 [ 0.          1.          0.        ]
 [ 0.97684832  0.          0.21393308]]",Drarc::21,Drift,True,,0.4999999999999999,0.4999999999999999,50.75924654425206
150,-33.53543663300693,0.0,33.99452724264603,-1.3551968309215685,0.0,0.0,[0.21393308 0.         0.97684832],[0. 1. 0.],[-0.97684832  0.          0.21393308],[-33.53543663   0.          33.99452724],"[[ 0.21393308  0.         -0.97684832]
 [ 0.          1.          0.        ]
 [ 0.97684832  0.          0.21393308]]",[-33.53543663   0.          33.99452724],"[[ 0.21393308  0.         -0.97684832]
 [ 0.          1.          0.        ]
 [ 0.97684832  0.          0.21393308]]",QFA_2L6,Quadrupole,True,QFarc,0.3,0.3,51.25924654425206
151,-33.828491128332324,0.0,34.05870716761933,-1.3551968309215685,0.0,0.0,[0.21393308 0.         0.97684832],[0. 1. 0.],[-0.97684832  0.          0.21393308],[-33.82849113   0.          34.05870717],"[[ 0.21393308  0.         -0.97684832]
 [ 0.          1.          0.        ]
 [ 0.97684832  0.          0.21393308]]",[-33.82849113   0.          34.05870717],"[[ 0.21393308  0.         -0.97684832]
 [ 0.          1.          0.        ]
 [ 0.97684832  0.          0.21393308]]",Drarc..1131,DriftSlice,True,,0.20000000000000284,0.20000000000000284,51.559246544252055
152,-34.02386079188259,0.0,34.1014937842682,-1.3551968309215685,0.0,0.0,[0.21393308 0.         0.97684832],[0. 1. 0.],[-0.97684832  0.          0.21393308],[-34.02386079   0.          34.10149378],"[[ 0.21393308  0.         -0.97684832]
 [ 0.          1.          0.        ]
 [ 0.97684832  0.          0.21393308]]",[-34.02386079   0.          34.10149378],"[[ 0.21393308  0.         -0.97684832]
 [ 0.          1.          0.        ]
 [ 0.97684832  0.          0.21393308]]",XF2arc_2L6,Sextupole,True,XF2arc,0.1,0.1,51.75924654425206
153,-34.121545623657724,0.0,34.122887092592634,-1.3551968309215685,0.0,0.0,[0.21393308 0.         0.97684832],[0. 1. 0.],[-0.97684832  0.          0.21393308],[-34.12154562   0.          34.12288709],"[[ 0.21393308  0.         -0.97684832]
 [ 0.          1.          0.        ]
 [ 0.97684832  0.          0.21393308]]",[-34.12154562   0.          34.12288709],"[[ 0.21393308  0.         -0.97684832]
 [ 0.          1.          0.        ]
 [ 0.97684832  0.          0.21393308]]",Drarc..1133,DriftSlice,True,,0.20000000000000273,0.20000000000000273,51.85924654425206
154,-34.31691528720799,0.0,34.1656737092415,-1.3551968309215685,0.0,0.0,[0.21393308 0.         0.97684832],[0. 1. 0.],[-0.97684832  0.          0.21393308],[-34.31691529   0.          34.16567371],"[[ 0.21393308  0.         -0.97684832]
 [ 0.          1.          0.        ]
 [ 0.97684832  0.          0.21393308]]",[-34.31691529   0.          34.16567371],"[[ 0.21393308  0.         -0.97684832]
 [ 0.          1.          0.        ]
 [ 0.97684832  0.          0.21393308]]",Bend2_2L6,Bend,True,Bend,0.4,0.4,52.05924654425206
155,-34.71004236447786,0.0,34.23916189617973,-1.416796686872549,0.0,0.0,[0.15339165 0.         0.98816547],[0. 1. 0.],[-0.98816547  0.          0.15339165],[-34.71004236   0.          34.2391619 ],"[[ 0.15339165  0.         -0.98816547]
 [ 0.          1.          0.        ]
 [ 0.98816547  0.          0.15339165]]",[-34.71004236   0.          34.2391619 ],"[[ 0.15339165  0.         -0.98816547]
 [ 0.          1.          0.        ]
 [ 0.98816547  0.          0.15339165]]",Drarc::22,Drift,True,,0.4999999999999999,0.4999999999999999,52.45924654425206
156,-35.204125100515384,0.0,34.315857723639084,-1.416796686872549,0.0,0.0,[0.15339165 0.         0.98816547],[0. 1. 0.],[-0.98816547  0.          0.15339165],[-35.2041251    0.          34.31585772],"[[ 0.15339165  0.         -0.98816547]
 [ 0.          1.          0.        ]
 [ 0.98816547  0.          0.15339165]]",[-35.2041251    0.          34.31585772],"[[ 0.15339165  0.         -0.98816547]
 [ 0.          1.          0.        ]
 [ 0.98816547  0.          0.15339165]]",QDA_2L6,Quadrupole,True,QDarc,0.3,0.3,52.95924654425206
157,-35.5005747421379,0.0,34.3618752201147,-1.416796686872549,0.0,0.0,[0.15339165 0.         0.98816547],[0. 1. 0.],[-0.98816547  0.          0.15339165],[-35.50057474   0.          34.36187522],"[[ 0.15339165  0.         -0.98816547]
 [ 0.          1.          0.        ]
 [ 0.98816547  0.          0.15339165]]",[-35.50057474   0.          34.36187522],"[[ 0.15339165  0.         -0.98816547]
 [ 0.          1.          0.        ]
 [ 0.98816547  0.          0.15339165]]",Drarc..1089,DriftSlice,True,,0.20000000000000284,0.20000000000000284,53.25924654425206
158,-35.69820783655291,0.0,34.39255355109844,-1.416796686872549,0.0,0.0,[0.15339165 0.         0.98816547],[0. 1. 0.],[-0.98816547  0.          0.15339165],[-35.69820784   0.          34.39255355],"[[ 0.15339165  0.         -0.98816547]
 [ 0.          1.          0.        ]
 [ 0.98816547  0.          0.15339165]]",[-35.69820784   0.          34.39255355],"[[ 0.15339165  0.         -0.98816547]
 [ 0.          1.          0.        ]
 [ 0.98816547  0.          0.15339165]]",XD2arc_2L6,Sextupole,True,XD2arc,0.1,0.1,53.45924654425206
159,-35.797024383760416,0.0,34.40789271659031,-1.416796686872549,0.0,0.0,[0.15339165 0.         0.98816547],[0. 1. 0.],[-0.98816547  0.          0.15339165],[-35.79702438   0.          34.40789272],"[[ 0.15339165  0.         -0.98816547]
 [ 0.          1.          0.        ]
 [ 0.98816547  0.          0.15339165]]",[-35.79702438   0.          34.40789272],"[[ 0.15339165  0.         -0.98816547]
 [ 0.          1.          0.        ]
 [ 0.98816547  0.          0.15339165]]",Drarc..1091,DriftSlice,True,,0.20000000000000273,0.20000000000000273,53.55924654425206
160,-35.99465747817543,0.0,34.43857104757405,-1.416796686872549,0.0,0.0,[0.15339165 0.         0.98816547],[0. 1. 0.],[-0.98816547  0.          0.15339165],[-35.99465748   0.          34.43857105],"[[ 0.15339165  0.         -0.98816547]
 [ 0.          1.          0.        ]
 [ 0.98816547  0.          0.15339165]]",[-35.99465748   0.          34.43857105],"[[ 0.15339165  0.         -0.98816547]
 [ 0.          1.          0.        ]
 [ 0.98816547  0.          0.15339165]]",Bend1_2L6,Bend,True,Bend,0.4,0.4,53.759246544252065
161,-36.39156292199311,0.0,34.487718592478124,-1.4783965428235293,0.0,0.0,[0.09226836 0.         0.99573418],[0. 1. 0.],[-0.99573418  0.          0.09226836],[-36.39156292   0.          34.48771859],"[[ 0.09226836  0.         -0.99573418]
 [ 0.          1.          0.        ]
 [ 0.99573418  0.          0.09226836]]",[-36.39156292   0.          34.48771859],"[[ 0.09226836  0.         -0.99573418]
 [ 0.          1.          0.        ]
 [ 0.99573418  0.          0.09226836]]",Drarc::23,Drift,True,,0.4999999999999999,0.4999999999999999,54.15924654425206
162,-36.88943001013868,0.0,34.533852772230816,-1.4783965428235293,0.0,0.0,[0.09226836 0.         0.99573418],[0. 1. 0.],[-0.99573418  0.          0.09226836],[-36.88943001   0.          34.53385277],"[[ 0.09226836  0.         -0.99573418]
 [ 0.          1.          0.        ]
 [ 0.99573418  0.          0.09226836]]",[-36.88943001   0.          34.53385277],"[[ 0.09226836  0.         -0.99573418]
 [ 0.          1.          0.        ]
 [ 0.99573418  0.          0.09226836]]",QFA_2L5,Quadrupole,True,QFarc,0.3,0.3,54.65924654425206
163,-37.188150263026024,0.0,34.56153328008243,-1.4783965428235293,0.0,0.0,[0.09226836 0.         0.99573418],[0. 1. 0.],[-0.99573418  0.          0.09226836],[-37.18815026   0.          34.56153328],"[[ 0.09226836  0.         -0.99573418]
 [ 0.          1.          0.        ]
 [ 0.99573418  0.          0.09226836]]",[-37.18815026   0.          34.56153328],"[[ 0.09226836  0.         -0.99573418]
 [ 0.          1.          0.        ]
 [ 0.99573418  0.          0.09226836]]",Drarc..1113,DriftSlice,True,,0.20000000000000284,0.20000000000000284,54.95924654425206
164,-37.38729709828426,0.0,34.57998695198351,-1.4783965428235293,0.0,0.0,[0.09226836 0.         0.99573418],[0. 1. 0.],[-0.99573418  0.          0.09226836],[-37.3872971    0.          34.57998695],"[[ 0.09226836  0.         -0.99573418]
 [ 0.          1.          0.        ]
 [ 0.99573418  0.          0.09226836]]",[-37.3872971    0.          34.57998695],"[[ 0.09226836  0.         -0.99573418]
 [ 0.          1.          0.        ]
 [ 0.99573418  0.          0.09226836]]",XF1arc_2L5,Sextupole,True,XF1arc,0.1,0.1,55.15924654425206
165,-37.486870515913374,0.0,34.58921378793404,-1.4783965428235293,0.0,0.0,[0.09226836 0.         0.99573418],[0. 1. 0.],[-0.99573418  0.          0.09226836],[-37.48687052   0.          34.58921379],"[[ 0.09226836  0.         -0.99573418]
 [ 0.          1.          0.        ]
 [ 0.99573418  0.          0.09226836]]",[-37.48687052   0.          34.58921379],"[[ 0.09226836  0.         -0.99573418]
 [ 0.          1.          0.        ]
 [ 0.99573418  0.          0.09226836]]",Drarc..1115,DriftSlice,True,,0.20000000000000273,0.20000000000000273,55.259246544252065
166,-37.68601735117161,0.0,34.60766745983512,-1.4783965428235293,0.0,0.0,[0.09226836 0.         0.99573418],[0. 1. 0.],[-0.99573418  0.          0.09226836],[-37.68601735   0.          34.60766746],"[[ 0.09226836  0.         -0.99573418]
 [ 0.          1.          0.        ]
 [ 0.99573418  0.          0.09226836]]",[-37.68601735   0.          34.60766746],"[[ 0.09226836  0.         -0.99573418]
 [ 0.          1.          0.        ]
 [ 0.99573418  0.          0.09226836]]",Bend2_2L5,Bend,True,Bend,0.4,0.4,55.45924654425207
167,-38.08519556323841,0.0,34.632287929232916,-1.5399963987745098,0.0,0.0,[0.03079506 0.         0.99952572],[0. 1. 0.],[-0.99952572  0.          0.03079506],[-38.08519556   0.          34.63228793],"[[ 0.03079506  0.         -0.99952572]
 [ 0.          1.          0.        ]
 [ 0.99952572  0.          0.03079506]]",[-38.08519556   0.          34.63228793],"[[ 0.03079506  0.         -0.99952572]
 [ 0.          1.          0.        ]
 [ 0.99952572  0.          0.03079506]]",Drarc::24,Drift,True,,0.4999999999999999,0.4999999999999999,55.859246544252066
168,-38.58495842309441,0.0,34.647685458533,-1.5399963987745098,0.0,0.0,[0.03079506 0.         0.99952572],[0. 1. 0.],[-0.99952572  0.          0.03079506],[-38.58495842   0.          34.64768546],"[[ 0.03079506  0.         -0.99952572]
 [ 0.          1.          0.        ]
 [ 0.99952572  0.          0.03079506]]",[-38.58495842   0.          34.64768546],"[[ 0.03079506  0.         -0.99952572]
 [ 0.          1.          0.        ]
 [ 0.99952572  0.          0.03079506]]",QDA_2L5,Quadrupole,True,QDarc,0.3,0.3,56.359246544252066
169,-38.88481613900802,0.0,34.65692397611305,-1.5399963987745098,0.0,0.0,[0.03079506 0.         0.99952572],[0. 1. 0.],[-0.99952572  0.          0.03079506],[-38.88481614   0.          34.65692398],"[[ 0.03079506  0.         -0.99952572]
 [ 0.          1.          0.        ]
 [ 0.99952572  0.          0.03079506]]",[-38.88481614   0.          34.65692398],"[[ 0.03079506  0.         -0.99952572]
 [ 0.          1.          0.        ]
 [ 0.99952572  0.          0.03079506]]",Drarc..1068,DriftSlice,True,,0.20000000000000284,0.20000000000000284,56.65924654425206
170,-39.08472128295042,0.0,34.663082987833086,-1.5399963987745098,0.0,0.0,[0.03079506 0.         0.99952572],[0. 1. 0.],[-0.99952572  0.          0.03079506],[-39.08472128   0.          34.66308299],"[[ 0.03079506  0.         -0.99952572]
 [ 0.          1.          0.        ]
 [ 0.99952572  0.          0.03079506]]",[-39.08472128   0.          34.66308299],"[[ 0.03079506  0.         -0.99952572]
 [ 0.          1.          0.        ]
 [ 0.99952572  0.          0.03079506]]",XD1arc_2L5,Sextupole,True,XD1arc,0.1,0.1,56.859246544252066
171,-39.18467385492162,0.0,34.6661624936931,-1.5399963987745098,0.0,0.0,[0.03079506 0.         0.99952572],[0. 1. 0.],[-0.99952572  0.          0.03079506],[-39.18467385   0.          34.66616249],"[[ 0.03079506  0.         -0.99952572]
 [ 0.          1.          0.        ]
 [ 0.99952572  0.          0.03079506]]",[-39.18467385   0.          34.66616249],"[[ 0.03079506  0.         -0.99952572]
 [ 0.          1.          0.        ]
 [ 0.99952572  0.          0.03079506]]",Drarc..1070,DriftSlice,True,,0.20000000000000273,0.20000000000000273,56.95924654425207
172,-39.38457899886402,0.0,34.67232150541314,-1.5399963987745098,0.0,0.0,[0.03079506 0.         0.99952572],[0. 1. 0.],[-0.99952572  0.          0.03079506],[-39.384579     0.          34.67232151],"[[ 0.03079506  0.         -0.99952572]
 [ 0.          1.          0.        ]
 [ 0.99952572  0.          0.03079506]]",[-39.384579     0.          34.67232151],"[[ 0.03079506  0.         -0.99952572]
 [ 0.          1.          0.        ]
 [ 0.99952572  0.          0.03079506]]",Bend1_2L5,Bend,True,Bend,0.4,0.4,57.15924654425207
173,-39.78451575949276,0.0,34.67232150543109,-1.60159625472549,0.0,0.0,[-0.03079506  0.          0.99952572],[0. 1. 0.],[-0.99952572  0.         -0.03079506],[-39.78451576   0.          34.67232151],"[[-0.03079506  0.         -0.99952572]
 [ 0.          1.          0.        ]
 [ 0.99952572  0.         -0.03079506]]",[-39.78451576   0.          34.67232151],"[[-0.03079506  0.         -0.99952572]
 [ 0.          1.          0.        ]
 [ 0.99952572  0.         -0.03079506]]",Drarc::25,Drift,True,,0.4999999999999999,0.4999999999999999,57.55924654425207
174,-40.28427861935015,0.0,34.65692397617588,-1.60159625472549,0.0,0.0,[-0.03079506  0.          0.99952572],[0. 1. 0.],[-0.99952572  0.         -0.03079506],[-40.28427862   0.          34.65692398],"[[-0.03079506  0.         -0.99952572]
 [ 0.          1.          0.        ]
 [ 0.99952572  0.         -0.03079506]]",[-40.28427862   0.          34.65692398],"[[-0.03079506  0.         -0.99952572]
 [ 0.          1.          0.        ]
 [ 0.99952572  0.         -0.03079506]]",QFA_2L4,Quadrupole,True,QFarc,0.3,0.3,58.05924654425207
175,-40.58413633526458,0.0,34.64768545862276,-1.60159625472549,0.0,0.0,[-0.03079506  0.          0.99952572],[0. 1. 0.],[-0.99952572  0.         -0.03079506],[-40.58413634   0.          34.64768546],"[[-0.03079506  0.         -0.99952572]
 [ 0.          1.          0.        ]
 [ 0.99952572  0.         -0.03079506]]",[-40.58413634   0.          34.64768546],"[[-0.03079506  0.         -0.99952572]
 [ 0.          1.          0.        ]
 [ 0.99952572  0.         -0.03079506]]",Drarc..1128,DriftSlice,True,,0.20000000000000284,0.20000000000000284,58.359246544252066
176,-40.78404147920754,0.0,34.64152644692068,-1.60159625472549,0.0,0.0,[-0.03079506  0.          0.99952572],[0. 1. 0.],[-0.99952572  0.         -0.03079506],[-40.78404148   0.          34.64152645],"[[-0.03079506  0.         -0.99952572]
 [ 0.          1.          0.        ]
 [ 0.99952572  0.         -0.03079506]]",[-40.78404148   0.          34.64152645],"[[-0.03079506  0.         -0.99952572]
 [ 0.          1.          0.        ]
 [ 0.99952572  0.         -0.03079506]]",XF2arc_2L4,Sextupole,True,XF2arc,0.1,0.1,58.55924654425207
177,-40.883994051179016,0.0,34.63844694106964,-1.60159625472549,0.0,0.0,[-0.03079506  0.          0.99952572],[0. 1. 0.],[-0.99952572  0.         -0.03079506],[-40.88399405   0.          34.63844694],"[[-0.03079506  0.         -0.99952572]
 [ 0.          1.          0.        ]
 [ 0.99952572  0.         -0.03079506]]",[-40.88399405   0.          34.63844694],"[[-0.03079506  0.         -0.99952572]
 [ 0.          1.          0.        ]
 [ 0.99952572  0.         -0.03079506]]",Drarc..1130,DriftSlice,True,,0.20000000000000273,0.20000000000000273,58.65924654425207
178,-41.08389919512197,0.0,34.63228792936756,-1.60159625472549,0.0,0.0,[-0.03079506  0.          0.99952572],[0. 1. 0.],[-0.99952572  0.         -0.03079506],[-41.0838992    0.          34.63228793],"[[-0.03079506  0.         -0.99952572]
 [ 0.          1.          0.        ]
 [ 0.99952572  0.         -0.03079506]]",[-41.0838992    0.          34.63228793],"[[-0.03079506  0.         -0.99952572]
 [ 0.          1.          0.        ]
 [ 0.99952572  0.         -0.03079506]]",Bend2_2L4,Bend,True,Bend,0.4,0.4,58.85924654425207
179,-41.48307740719098,0.0,34.6076674600056,-1.6631961106764706,0.0,0.0,[-0.09226836  0.          0.99573418],[0. 1. 0.],[-0.99573418  0.         -0.09226836],[-41.48307741   0.          34.60766746],"[[-0.09226836  0.         -0.99573418]
 [ 0.          1.          0.        ]
 [ 0.99573418  0.         -0.09226836]]",[-41.48307741   0.          34.60766746],"[[-0.09226836  0.         -0.99573418]
 [ 0.          1.          0.        ]
 [ 0.99573418  0.         -0.09226836]]",Drarc::26,Drift,True,,0.4999999999999999,0.4999999999999999,59.25924654425207
180,-41.980944495340694,0.0,34.56153328029762,-1.6631961106764706,0.0,0.0,[-0.09226836  0.          0.99573418],[0. 1. 0.],[-0.99573418  0.         -0.09226836],[-41.9809445    0.          34.56153328],"[[-0.09226836  0.         -0.99573418]
 [ 0.          1.          0.        ]
 [ 0.99573418  0.         -0.09226836]]",[-41.9809445    0.          34.56153328],"[[-0.09226836  0.         -0.99573418]
 [ 0.          1.          0.        ]
 [ 0.99573418  0.         -0.09226836]]",QDA_2L4,Quadrupole,True,QDarc,0.3,0.3,59.75924654425207
181,-42.27966474823052,0.0,34.53385277247283,-1.6631961106764706,0.0,0.0,[-0.09226836  0.          0.99573418],[0. 1. 0.],[-0.99573418  0.         -0.09226836],[-42.27966475   0.          34.53385277],"[[-0.09226836  0.         -0.99573418]
 [ 0.          1.          0.        ]
 [ 0.99573418  0.         -0.09226836]]",[-42.27966475   0.          34.53385277],"[[-0.09226836  0.         -0.99573418]
 [ 0.          1.          0.        ]
 [ 0.99573418  0.         -0.09226836]]",Drarc..1086,DriftSlice,True,,0.20000000000000284,0.20000000000000284,60.05924654425207
182,-42.47881158349041,0.0,34.51539910058963,-1.6631961106764706,0.0,0.0,[-0.09226836  0.          0.99573418],[0. 1. 0.],[-0.99573418  0.         -0.09226836],[-42.47881158   0.          34.5153991 ],"[[-0.09226836  0.         -0.99573418]
 [ 0.          1.          0.        ]
 [ 0.99573418  0.         -0.09226836]]",[-42.47881158   0.          34.5153991 ],"[[-0.09226836  0.         -0.99573418]
 [ 0.          1.          0.        ]
 [ 0.99573418  0.         -0.09226836]]",XD2arc_2L4,Sextupole,True,XD2arc,0.1,0.1,60.25924654425207
183,-42.57838500112035,0.0,34.506172264648036,-1.6631961106764706,0.0,0.0,[-0.09226836  0.          0.99573418],[0. 1. 0.],[-0.99573418  0.         -0.09226836],[-42.578385     0.          34.50617226],"[[-0.09226836  0.         -0.99573418]
 [ 0.          1.          0.        ]
 [ 0.99573418  0.         -0.09226836]]",[-42.578385     0.          34.50617226],"[[-0.09226836  0.         -0.99573418]
 [ 0.          1.          0.        ]
 [ 0.99573418  0.         -0.09226836]]",Drarc..1088,DriftSlice,True,,0.20000000000000273,0.20000000000000273,60.35924654425207
184,-42.77753183638024,0.0,34.48771859276484,-1.6631961106764706,0.0,0.0,[-0.09226836  0.          0.99573418],[0. 1. 0.],[-0.99573418  0.         -0.09226836],[-42.77753184   0.          34.48771859],"[[-0.09226836  0.         -0.99573418]
 [ 0.          1.          0.        ]
 [ 0.99573418  0.         -0.09226836]]",[-42.77753184   0.          34.48771859],"[[-0.09226836  0.         -0.99573418]
 [ 0.          1.          0.        ]
 [ 0.99573418  0.         -0.09226836]]",Bend1_2L4,Bend,True,Bend,0.4,0.4,60.559246544252076
185,-43.17443728020234,0.0,34.43857104789641,-1.724795966627451,0.0,0.0,[-0.15339165  0.          0.98816547],[0. 1. 0.],[-0.98816547  0.         -0.15339165],[-43.17443728   0.          34.43857105],"[[-0.15339165  0.         -0.98816547]
 [ 0.          1.          0.        ]
 [ 0.98816547  0.         -0.15339165]]",[-43.17443728   0.          34.43857105],"[[-0.15339165  0.         -0.98816547]
 [ 0.          1.          0.        ]
 [ 0.98816547  0.         -0.15339165]]",Drarc::27,Drift,True,,0.4999999999999999,0.4999999999999999,60.959246544252075
186,-43.66852001624675,0.0,34.36187522048142,-1.724795966627451,0.0,0.0,[-0.15339165  0.          0.98816547],[0. 1. 0.],[-0.98816547  0.         -0.15339165],[-43.66852002   0.          34.36187522],"[[-0.15339165  0.         -0.98816547]
 [ 0.          1.          0.        ]
 [ 0.98816547  0.         -0.15339165]]",[-43.66852002   0.          34.36187522],"[[-0.15339165  0.         -0.98816547]
 [ 0.          1.          0.        ]
 [ 0.98816547  0.         -0.15339165]]",QFA_2L3,Quadrupole,True,QFarc,0.3,0.3,61.459246544252075
187,-43.9649696578734,0.0,34.31585772403243,-1.724795966627451,0.0,0.0,[-0.15339165  0.          0.98816547],[0. 1. 0.],[-0.98816547  0.         -0.15339165],[-43.96496966   0.          34.31585772],"[[-0.15339165  0.         -0.98816547]
 [ 0.          1.          0.        ]
 [ 0.98816547  0.         -0.15339165]]",[-43.96496966   0.          34.31585772],"[[-0.15339165  0.         -0.98816547]
 [ 0.          1.          0.        ]
 [ 0.98816547  0.         -0.15339165]]",Drarc..1110,DriftSlice,True,,0.20000000000000284,0.20000000000000284,61.75924654425207
188,-44.162602752291164,0.0,34.285179393066436,-1.724795966627451,0.0,0.0,[-0.15339165  0.          0.98816547],[0. 1. 0.],[-0.98816547  0.         -0.15339165],[-44.16260275   0.          34.28517939],"[[-0.15339165  0.         -0.98816547]
 [ 0.          1.          0.        ]
 [ 0.98816547  0.         -0.15339165]]",[-44.16260275   0.          34.28517939],"[[-0.15339165  0.         -0.98816547]
 [ 0.          1.          0.        ]
 [ 0.98816547  0.         -0.15339165]]",XF1arc_2L3,Sextupole,True,XF1arc,0.1,0.1,61.959246544252075
189,-44.26141929950005,0.0,34.26984022758344,-1.724795966627451,0.0,0.0,[-0.15339165  0.          0.98816547],[0. 1. 0.],[-0.98816547  0.         -0.15339165],[-44.2614193    0.          34.26984023],"[[-0.15339165  0.         -0.98816547]
 [ 0.          1.          0.        ]
 [ 0.98816547  0.         -0.15339165]]",[-44.2614193    0.          34.26984023],"[[-0.15339165  0.         -0.98816547]
 [ 0.          1.          0.        ]
 [ 0.98816547  0.         -0.15339165]]",Drarc..1112,DriftSlice,True,,0.20000000000000273,0.20000000000000273,62.059246544252076
190,-44.459052393917815,0.0,34.23916189661744,-1.724795966627451,0.0,0.0,[-0.15339165  0.          0.98816547],[0. 1. 0.],[-0.98816547  0.         -0.15339165],[-44.45905239   0.          34.2391619 ],"[[-0.15339165  0.         -0.98816547]
 [ 0.          1.          0.        ]
 [ 0.98816547  0.         -0.15339165]]",[-44.45905239   0.          34.2391619 ],"[[-0.15339165  0.         -0.98816547]
 [ 0.          1.          0.        ]
 [ 0.98816547  0.         -0.15339165]]",Bend2_2L3,Bend,True,Bend,0.4,0.4,62.25924654425208
191,-44.852179471194276,0.0,34.16567370971451,-1.7863958225784313,0.0,0.0,[-0.21393308  0.          0.97684832],[0. 1. 0.],[-0.97684832  0.         -0.21393308],[-44.85217947   0.          34.16567371],"[[-0.21393308  0.         -0.97684832]
 [ 0.          1.          0.        ]
 [ 0.97684832  0.         -0.21393308]]",[-44.85217947   0.          34.16567371],"[[-0.21393308  0.         -0.97684832]
 [ 0.          1.          0.        ]
 [ 0.97684832  0.         -0.21393308]]",Drarc::28,Drift,True,,0.4999999999999999,0.4999999999999999,62.65924654425208
192,-45.340603630079535,0.0,34.0587071681362,-1.7863958225784313,0.0,0.0,[-0.21393308  0.          0.97684832],[0. 1. 0.],[-0.97684832  0.         -0.21393308],[-45.34060363   0.          34.05870717],"[[-0.21393308  0.         -0.97684832]
 [ 0.          1.          0.        ]
 [ 0.97684832  0.         -0.21393308]]",[-45.34060363   0.          34.05870717],"[[-0.21393308  0.         -0.97684832]
 [ 0.          1.          0.        ]
 [ 0.97684832  0.         -0.21393308]]",QDA_2L3,Quadrupole,True,QDarc,0.3,0.3,63.15924654425208
193,-45.63365812541069,0.0,33.99452724318922,-1.7863958225784313,0.0,0.0,[-0.21393308  0.          0.97684832],[0. 1. 0.],[-0.97684832  0.         -0.21393308],[-45.63365813   0.          33.99452724],"[[-0.21393308  0.         -0.97684832]
 [ 0.          1.          0.        ]
 [ 0.97684832  0.         -0.21393308]]",[-45.63365813   0.          33.99452724],"[[-0.21393308  0.         -0.97684832]
 [ 0.          1.          0.        ]
 [ 0.97684832  0.         -0.21393308]]",Drarc..1065,DriftSlice,True,,0.20000000000000284,0.20000000000000284,63.459246544252075
194,-45.8290277889648,0.0,33.95174062655789,-1.7863958225784313,0.0,0.0,[-0.21393308  0.          0.97684832],[0. 1. 0.],[-0.97684832  0.         -0.21393308],[-45.82902779   0.          33.95174063],"[[-0.21393308  0.         -0.97684832]
 [ 0.          1.          0.        ]
 [ 0.97684832  0.         -0.21393308]]",[-45.82902779   0.          33.95174063],"[[-0.21393308  0.         -0.97684832]
 [ 0.          1.          0.        ]
 [ 0.97684832  0.         -0.21393308]]",XD1arc_2L3,Sextupole,True,XD1arc,0.1,0.1,63.65924654425208
195,-45.92671262074185,0.0,33.930347318242234,-1.7863958225784313,0.0,0.0,[-0.21393308  0.          0.97684832],[0. 1. 0.],[-0.97684832  0.         -0.21393308],[-45.92671262   0.          33.93034732],"[[-0.21393308  0.         -0.97684832]
 [ 0.          1.          0.        ]
 [ 0.97684832  0.         -0.21393308]]",[-45.92671262   0.          33.93034732],"[[-0.21393308  0.         -0.97684832]
 [ 0.          1.          0.        ]
 [ 0.97684832  0.         -0.21393308]]",Drarc..1067,DriftSlice,True,,0.20000000000000273,0.20000000000000273,63.75924654425208
196,-46.12208228429596,0.0,33.88756070161091,-1.7863958225784313,0.0,0.0,[-0.21393308  0.          0.97684832],[0. 1. 0.],[-0.97684832  0.         -0.21393308],[-46.12208228   0.          33.8875607 ],"[[-0.21393308  0.         -0.97684832]
 [ 0.          1.          0.        ]
 [ 0.97684832  0.         -0.21393308]]",[-46.12208228   0.          33.8875607 ],"[[-0.21393308  0.         -0.97684832]
 [ 0.          1.          0.        ]
 [ 0.97684832  0.         -0.21393308]]",Bend1_2L3,Bend,True,Bend,0.4,0.4,63.95924654425208
197,-46.50993972936655,0.0,33.790010638538,-1.8479956785294118,0.0,0.0,[-0.27366299  0.          0.96182564],[0. 1. 0.],[-0.96182564  0.         -0.27366299],[-46.50993973   0.          33.79001064],"[[-0.27366299  0.         -0.96182564]
 [ 0.          1.          0.        ]
 [ 0.96182564  0.         -0.27366299]]",[-46.50993973   0.          33.79001064],"[[-0.27366299  0.         -0.96182564]
 [ 0.          1.          0.        ]
 [ 0.96182564  0.         -0.27366299]]",Drarc::29,Drift,True,,0.4999999999999999,0.4999999999999999,64.35924654425209
198,-46.990852550960184,0.0,33.65317914352736,-1.8479956785294118,0.0,0.0,[-0.27366299  0.          0.96182564],[0. 1. 0.],[-0.96182564  0.         -0.27366299],[-46.99085255   0.          33.65317914],"[[-0.27366299  0.         -0.96182564]
 [ 0.          1.          0.        ]
 [ 0.96182564  0.         -0.27366299]]",[-46.99085255   0.          33.65317914],"[[-0.27366299  0.         -0.96182564]
 [ 0.          1.          0.        ]
 [ 0.96182564  0.         -0.27366299]]",QFA_2L2,Quadrupole,True,QFarc,0.3,0.3,64.85924654425209
199,-47.27940024391636,0.0,33.57108024652098,-1.8479956785294118,0.0,0.0,[-0.27366299  0.          0.96182564],[0. 1. 0.],[-0.96182564  0.         -0.27366299],[-47.27940024   0.          33.57108025],"[[-0.27366299  0.         -0.96182564]
 [ 0.          1.          0.        ]
 [ 0.96182564  0.         -0.27366299]]",[-47.27940024   0.          33.57108025],"[[-0.27366299  0.         -0.96182564]
 [ 0.          1.          0.        ]
 [ 0.96182564  0.         -0.27366299]]",Drarc..1125,DriftSlice,True,,0.20000000000000284,0.20000000000000284,65.15924654425208
200,-47.47176537255382,0.0,33.51634764851672,-1.8479956785294118,0.0,0.0,[-0.27366299  0.          0.96182564],[0. 1. 0.],[-0.96182564  0.         -0.27366299],[-47.47176537   0.          33.51634765],"[[-0.27366299  0.         -0.96182564]
 [ 0.          1.          0.        ]
 [ 0.96182564  0.         -0.27366299]]",[-47.47176537   0.          33.51634765],"[[-0.27366299  0.         -0.96182564]
 [ 0.          1.          0.        ]
 [ 0.96182564  0.         -0.27366299]]",XF2arc_2L2,Sextupole,True,XF2arc,0.1,0.1,65.35924654425209
201,-47.56794793687254,0.0,33.488981349514596,-1.8479956785294118,0.0,0.0,[-0.27366299  0.          0.96182564],[0. 1. 0.],[-0.96182564  0.         -0.27366299],[-47.56794794   0.          33.48898135],"[[-0.27366299  0.         -0.96182564]
 [ 0.          1.          0.        ]
 [ 0.96182564  0.         -0.27366299]]",[-47.56794794   0.          33.48898135],"[[-0.27366299  0.         -0.96182564]
 [ 0.          1.          0.        ]
 [ 0.96182564  0.         -0.27366299]]",Drarc..1127,DriftSlice,True,,0.20000000000000273,0.20000000000000273,65.45924654425208
202,-47.76031306551,0.0,33.43424875151034,-1.8479956785294118,0.0,0.0,[-0.27366299  0.          0.96182564],[0. 1. 0.],[-0.96182564  0.         -0.27366299],[-47.76031307   0.          33.43424875],"[[-0.27366299  0.         -0.96182564]
 [ 0.          1.          0.        ]
 [ 0.96182564  0.         -0.27366299]]",[-47.76031307   0.          33.43424875],"[[-0.27366299  0.         -0.96182564]
 [ 0.          1.          0.        ]
 [ 0.96182564  0.         -0.27366299]]",Bend2_2L2,Bend,True,Bend,0.4,0.4,65.65924654425208
203,-48.14142960223442,0.0,33.31300685307009,-1.909595534480392,0.0,0.0,[-0.3323548   0.          0.94315443],[0. 1. 0.],[-0.94315443  0.         -0.3323548 ],[-48.1414296    0.          33.31300685],"[[-0.3323548   0.         -0.94315443]
 [ 0.          1.          0.        ]
 [ 0.94315443  0.         -0.3323548 ]]",[-48.1414296    0.          33.31300685],"[[-0.3323548   0.         -0.94315443]
 [ 0.          1.          0.        ]
 [ 0.94315443  0.         -0.3323548 ]]",Drarc::30,Drift,True,,0.4999999999999999,0.4999999999999999,66.05924654425209
204,-48.613006819479125,0.0,33.146829453356,-1.909595534480392,0.0,0.0,[-0.3323548   0.          0.94315443],[0. 1. 0.],[-0.94315443  0.         -0.3323548 ],[-48.61300682   0.          33.14682945],"[[-0.3323548   0.         -0.94315443]
 [ 0.          1.          0.        ]
 [ 0.94315443  0.         -0.3323548 ]]",[-48.61300682   0.          33.14682945],"[[-0.3323548   0.         -0.94315443]
 [ 0.          1.          0.        ]
 [ 0.94315443  0.         -0.3323548 ]]",QDA_2L2,Quadrupole,True,QDarc,0.3,0.3,66.55924654425209
205,-48.89595314982595,0.0,33.047123013527546,-1.909595534480392,0.0,0.0,[-0.3323548   0.          0.94315443],[0. 1. 0.],[-0.94315443  0.         -0.3323548 ],[-48.89595315   0.          33.04712301],"[[-0.3323548   0.         -0.94315443]
 [ 0.          1.          0.        ]
 [ 0.94315443  0.         -0.3323548 ]]",[-48.89595315   0.          33.04712301],"[[-0.3323548   0.         -0.94315443]
 [ 0.          1.          0.        ]
 [ 0.94315443  0.         -0.3323548 ]]",Drarc..1083,DriftSlice,True,,0.20000000000000284,0.20000000000000284,66.85924654425209
206,-49.08458403672383,0.0,32.98065205364191,-1.909595534480392,0.0,0.0,[-0.3323548   0.          0.94315443],[0. 1. 0.],[-0.94315443  0.         -0.3323548 ],[-49.08458404   0.          32.98065205],"[[-0.3323548   0.         -0.94315443]
 [ 0.          1.          0.        ]
 [ 0.94315443  0.         -0.3323548 ]]",[-49.08458404   0.          32.98065205],"[[-0.3323548   0.         -0.94315443]
 [ 0.          1.          0.        ]
 [ 0.94315443  0.         -0.3323548 ]]",XD2arc_2L2,Sextupole,True,XD2arc,0.1,0.1,67.05924654425209
207,-49.178899480172774,0.0,32.947416573699094,-1.909595534480392,0.0,0.0,[-0.3323548   0.          0.94315443],[0. 1. 0.],[-0.94315443  0.         -0.3323548 ],[-49.17889948   0.          32.94741657],"[[-0.3323548   0.         -0.94315443]
 [ 0.          1.          0.        ]
 [ 0.94315443  0.         -0.3323548 ]]",[-49.17889948   0.          32.94741657],"[[-0.3323548   0.         -0.94315443]
 [ 0.          1.          0.        ]
 [ 0.94315443  0.         -0.3323548 ]]",Drarc..1085,DriftSlice,True,,0.20000000000000273,0.20000000000000273,67.15924654425208
208,-49.36753036707066,0.0,32.88094561381346,-1.909595534480392,0.0,0.0,[-0.3323548   0.          0.94315443],[0. 1. 0.],[-0.94315443  0.         -0.3323548 ],[-49.36753037   0.          32.88094561],"[[-0.3323548   0.         -0.94315443]
 [ 0.          1.          0.        ]
 [ 0.94315443  0.         -0.3323548 ]]",[-49.36753037   0.          32.88094561],"[[-0.3323548   0.         -0.94315443]
 [ 0.          1.          0.        ]
 [ 0.94315443  0.         -0.3323548 ]]",Bend1_2L2,Bend,True,Bend,0.4,0.4,67.35924654425209
209,-49.74046028988291,0.0,32.73647179205512,-1.9711953904313724,0.0,0.0,[-0.38978587  0.          0.92090552],[0. 1. 0.],[-0.92090552  0.         -0.38978587],[-49.74046029   0.          32.73647179],"[[-0.38978587  0.         -0.92090552]
 [ 0.          1.          0.        ]
 [ 0.92090552  0.         -0.38978587]]",[-49.74046029   0.          32.73647179],"[[-0.38978587  0.         -0.92090552]
 [ 0.          1.          0.        ]
 [ 0.92090552  0.         -0.38978587]]",Drarc::31,Drift,True,,0.4999999999999999,0.4999999999999999,67.7592465442521
210,-50.20091304886637,0.0,32.54157885543472,-1.9711953904313724,0.0,0.0,[-0.38978587  0.          0.92090552],[0. 1. 0.],[-0.92090552  0.         -0.38978587],[-50.20091305   0.          32.54157886],"[[-0.38978587  0.         -0.92090552]
 [ 0.          1.          0.        ]
 [ 0.92090552  0.         -0.38978587]]",[-50.20091305   0.          32.54157886],"[[-0.38978587  0.         -0.92090552]
 [ 0.          1.          0.        ]
 [ 0.92090552  0.         -0.38978587]]",QFA_2L1,Quadrupole,True,QFarc,0.3,0.3,68.2592465442521
211,-50.477184704256445,0.0,32.424643093462485,-1.9711953904313724,0.0,0.0,[-0.38978587  0.          0.92090552],[0. 1. 0.],[-0.92090552  0.         -0.38978587],[-50.4771847    0.          32.42464309],"[[-0.38978587  0.         -0.92090552]
 [ 0.          1.          0.        ]
 [ 0.92090552  0.         -0.38978587]]",[-50.4771847    0.          32.42464309],"[[-0.38978587  0.         -0.92090552]
 [ 0.          1.          0.        ]
 [ 0.92090552  0.         -0.38978587]]",Drarc..1107,DriftSlice,True,,0.20000000000001705,0.20000000000001705,68.55924654425209
212,-50.66136580784984,0.0,32.34668591881432,-1.9711953904313724,0.0,0.0,[-0.38978587  0.          0.92090552],[0. 1. 0.],[-0.92090552  0.         -0.38978587],[-50.66136581   0.          32.34668592],"[[-0.38978587  0.         -0.92090552]
 [ 0.          1.          0.        ]
 [ 0.92090552  0.         -0.38978587]]",[-50.66136581   0.          32.34668592],"[[-0.38978587  0.         -0.92090552]
 [ 0.          1.          0.        ]
 [ 0.92090552  0.         -0.38978587]]",XF1arc_2L1,Sextupole,True,XF1arc,0.1,0.1,68.75924654425211
213,-50.753456359646535,0.0,32.30770733149024,-1.9711953904313724,0.0,0.0,[-0.38978587  0.          0.92090552],[0. 1. 0.],[-0.92090552  0.         -0.38978587],[-50.75345636   0.          32.30770733],"[[-0.38978587  0.         -0.92090552]
 [ 0.          1.          0.        ]
 [ 0.92090552  0.         -0.38978587]]",[-50.75345636   0.          32.30770733],"[[-0.38978587  0.         -0.92090552]
 [ 0.          1.          0.        ]
 [ 0.92090552  0.         -0.38978587]]",Drarc..1109,DriftSlice,True,,0.19999999999998852,0.19999999999998852,68.8592465442521
214,-50.93763746323991,0.0,32.22975015684209,-1.9711953904313724,0.0,0.0,[-0.38978587  0.          0.92090552],[0. 1. 0.],[-0.92090552  0.         -0.38978587],[-50.93763746   0.          32.22975016],"[[-0.38978587  0.         -0.92090552]
 [ 0.          1.          0.        ]
 [ 0.92090552  0.         -0.38978587]]",[-50.93763746   0.          32.22975016],"[[-0.38978587  0.         -0.92090552]
 [ 0.          1.          0.        ]
 [ 0.92090552  0.         -0.38978587]]",Bend2_2L1,Bend,True,Bend,0.4,0.4,69.05924654425209
215,-51.30096612120469,0.0,32.062592450457586,-2.032795246382353,0.0,0.0,[-0.44573836  0.          0.89516329],[0. 1. 0.],[-0.89516329  0.         -0.44573836],[-51.30096612   0.          32.06259245],"[[-0.44573836  0.         -0.89516329]
 [ 0.          1.          0.        ]
 [ 0.89516329  0.         -0.44573836]]",[-51.30096612   0.          32.06259245],"[[-0.44573836  0.         -0.89516329]
 [ 0.          1.          0.        ]
 [ 0.89516329  0.         -0.44573836]]",Drarc::32,Drift,True,,0.4999999999999999,0.4999999999999999,69.4592465442521
216,-51.748547766895165,0.0,31.83972327259532,-2.032795246382353,0.0,0.0,[-0.44573836  0.          0.89516329],[0. 1. 0.],[-0.89516329  0.         -0.44573836],[-51.74854777   0.          31.83972327],"[[-0.44573836  0.         -0.89516329]
 [ 0.          1.          0.        ]
 [ 0.89516329  0.         -0.44573836]]",[-51.74854777   0.          31.83972327],"[[-0.44573836  0.         -0.89516329]
 [ 0.          1.          0.        ]
 [ 0.89516329  0.         -0.44573836]]",QDA_2L1,Quadrupole,True,QDarc,0.3,0.3,69.9592465442521
217,-52.01709675430945,0.0,31.706001765877964,-2.032795246382353,0.0,0.0,[-0.44573836  0.          0.89516329],[0. 1. 0.],[-0.89516329  0.         -0.44573836],[-52.01709675   0.          31.70600177],"[[-0.44573836  0.         -0.89516329]
 [ 0.          1.          0.        ]
 [ 0.89516329  0.         -0.44573836]]",[-52.01709675   0.          31.70600177],"[[-0.44573836  0.         -0.89516329]
 [ 0.          1.          0.        ]
 [ 0.89516329  0.         -0.44573836]]",Drarc..1062,DriftSlice,True,,0.20000000000001705,0.20000000000001705,70.2592465442521
218,-52.196129412585655,0.0,31.61685409473305,-2.032795246382353,0.0,0.0,[-0.44573836  0.          0.89516329],[0. 1. 0.],[-0.89516329  0.         -0.44573836],[-52.19612941   0.          31.61685409],"[[-0.44573836  0.         -0.89516329]
 [ 0.          1.          0.        ]
 [ 0.89516329  0.         -0.44573836]]",[-52.19612941   0.          31.61685409],"[[-0.44573836  0.         -0.89516329]
 [ 0.          1.          0.        ]
 [ 0.89516329  0.         -0.44573836]]",XD1arc_2L1,Sextupole,True,XD1arc,0.1,0.1,70.45924654425211
219,-52.285645741723755,0.0,31.572280259160596,-2.032795246382353,0.0,0.0,[-0.44573836  0.          0.89516329],[0. 1. 0.],[-0.89516329  0.         -0.44573836],[-52.28564574   0.          31.57228026],"[[-0.44573836  0.         -0.89516329]
 [ 0.          1.          0.        ]
 [ 0.89516329  0.         -0.44573836]]",[-52.28564574   0.          31.57228026],"[[-0.44573836  0.         -0.89516329]
 [ 0.          1.          0.        ]
 [ 0.89516329  0.         -0.44573836]]",Drarc..1064,DriftSlice,True,,0.19999999999998852,0.19999999999998852,70.5592465442521
220,-52.46467839999994,0.0,31.483132588015696,-2.032795246382353,0.0,0.0,[-0.44573836  0.          0.89516329],[0. 1. 0.],[-0.89516329  0.         -0.44573836],[-52.4646784    0.          31.48313259],"[[-0.44573836  0.         -0.89516329]
 [ 0.          1.          0.        ]
 [ 0.89516329  0.         -0.44573836]]",[-52.4646784    0.          31.48313259],"[[-0.44573836  0.         -0.89516329]
 [ 0.          1.          0.        ]
 [ 0.89516329  0.         -0.44573836]]",Bend1_2L1,Bend,True,Bend,0.4,0.4,70.7592465442521
221,-52.81702756306818,0.0,31.293925083441152,-2.0943951023333334,0.0,0.0,[-0.5        0.         0.8660254],[0. 1. 0.],[-0.8660254  0.        -0.5      ],[-52.81702756   0.          31.29392508],"[[-0.5        0.        -0.8660254]
 [ 0.         1.         0.       ]
 [ 0.8660254  0.        -0.5      ]]",[-52.81702756   0.          31.29392508],"[[-0.5        0.        -0.8660254]
 [ 0.         1.         0.       ]
 [ 0.8660254  0.        -0.5      ]]",Drarc::33,Drift,True,,0.4999999999999999,0.4999999999999999,71.1592465442521
222,-53.25004026497537,0.0,31.043925083467073,-2.0943951023333334,0.0,0.0,[-0.5        0.         0.8660254],[0. 1. 0.],[-0.8660254  0.        -0.5      ],[-53.25004026   0.          31.04392508],"[[-0.5        0.        -0.8660254]
 [ 0.         1.         0.       ]
 [ 0.8660254  0.        -0.5      ]]",[-53.25004026   0.          31.04392508],"[[-0.5        0.        -0.8660254]
 [ 0.         1.         0.       ]
 [ 0.8660254  0.        -0.5      ]]",QFA_2RC,Quadrupole,True,QFarc,0.3,0.3,71.6592465442521
223,-53.50984788611968,0.0,30.893925083482625,-2.0943951023333334,0.0,0.0,[-0.5        0.         0.8660254],[0. 1. 0.],[-0.8660254  0.        -0.5      ],[-53.50984789   0.          30.89392508],"[[-0.5        0.        -0.8660254]
 [ 0.         1.         0.       ]
 [ 0.8660254  0.        -0.5      ]]",[-53.50984789   0.          30.89392508],"[[-0.5        0.        -0.8660254]
 [ 0.         1.         0.       ]
 [ 0.8660254  0.        -0.5      ]]",Drarc::34,Drift,True,,0.4999999999999999,0.4999999999999999,71.9592465442521
224,-53.94286058802687,0.0,30.643925083508545,-2.0943951023333334,0.0,0.0,[-0.5        0.         0.8660254],[0. 1. 0.],[-0.8660254  0.        -0.5      ],[-53.94286059   0.          30.64392508],"[[-0.5        0.        -0.8660254]
 [ 0.         1.         0.       ]
 [ 0.8660254  0.        -0.5      ]]",[-53.94286059   0.          30.64392508],"[[-0.5        0.        -0.8660254]
 [ 0.         1.         0.       ]
 [ 0.8660254  0.        -0.5      ]]",Bend1_2R1,Bend,True,Bend,0.4,0.4,72.4592465442521
225,-54.28289367513441,0.0,30.433385509617246,-2.155994958284314,0.0,0.0,[-0.55236497  0.          0.83360239],[0. 1. 0.],[-0.83360239  0.         -0.55236497],[-54.28289368   0.          30.43338551],"[[-0.55236497  0.         -0.83360239]
 [ 0.          1.          0.        ]
 [ 0.83360239  0.         -0.55236497]]",[-54.28289368   0.          30.43338551],"[[-0.55236497  0.         -0.83360239]
 [ 0.          1.          0.        ]
 [ 0.83360239  0.         -0.55236497]]",Drarc..1050,DriftSlice,True,,0.20000000000000284,0.20000000000000284,72.8592465442521
226,-54.44961415218545,0.0,30.322912515035416,-2.155994958284314,0.0,0.0,[-0.55236497  0.          0.83360239],[0. 1. 0.],[-0.83360239  0.         -0.55236497],[-54.44961415   0.          30.32291252],"[[-0.55236497  0.         -0.83360239]
 [ 0.          1.          0.        ]
 [ 0.83360239  0.         -0.55236497]]",[-54.44961415   0.          30.32291252],"[[-0.55236497  0.         -0.83360239]
 [ 0.          1.          0.        ]
 [ 0.83360239  0.         -0.55236497]]",XD1arc_2R1,Sextupole,True,XD1arc,0.1,0.1,73.0592465442521
227,-54.53297439071096,0.0,30.267676017744503,-2.155994958284314,0.0,0.0,[-0.55236497  0.          0.83360239],[0. 1. 0.],[-0.83360239  0.         -0.55236497],[-54.53297439   0.          30.26767602],"[[-0.55236497  0.         -0.83360239]
 [ 0.          1.          0.        ]
 [ 0.83360239  0.         -0.55236497]]",[-54.53297439   0.          30.26767602],"[[-0.55236497  0.         -0.83360239]
 [ 0.          1.          0.        ]
 [ 0.83360239  0.         -0.55236497]]",Drarc..1052,DriftSlice,True,,0.20000000000000273,0.20000000000000273,73.1592465442521
228,-54.699694867762,0.0,30.157203023162673,-2.155994958284314,0.0,0.0,[-0.55236497  0.          0.83360239],[0. 1. 0.],[-0.83360239  0.         -0.55236497],[-54.69969487   0.          30.15720302],"[[-0.55236497  0.         -0.83360239]
 [ 0.          1.          0.        ]
 [ 0.83360239  0.         -0.55236497]]",[-54.69969487   0.          30.15720302],"[[-0.55236497  0.         -0.83360239]
 [ 0.          1.          0.        ]
 [ 0.83360239  0.         -0.55236497]]",QDA_2R1,Quadrupole,True,QDarc,0.3,0.3,73.3592465442521
229,-54.94977558333854,0.0,29.991493531289933,-2.155994958284314,0.0,0.0,[-0.55236497  0.          0.83360239],[0. 1. 0.],[-0.83360239  0.         -0.55236497],[-54.94977558   0.          29.99149353],"[[-0.55236497  0.         -0.83360239]
 [ 0.          1.          0.        ]
 [ 0.83360239  0.         -0.55236497]]",[-54.94977558   0.          29.99149353],"[[-0.55236497  0.         -0.83360239]
 [ 0.          1.          0.        ]
 [ 0.83360239  0.         -0.55236497]]",Drarc::35,Drift,True,,0.4999999999999999,0.4999999999999999,73.6592465442521
230,-55.366576775966124,0.0,29.715311044835364,-2.155994958284314,0.0,0.0,[-0.55236497  0.          0.83360239],[0. 1. 0.],[-0.83360239  0.         -0.55236497],[-55.36657678   0.          29.71531104],"[[-0.55236497  0.         -0.83360239]
 [ 0.          1.          0.        ]
 [ 0.83360239  0.         -0.55236497]]",[-55.36657678   0.          29.71531104],"[[-0.55236497  0.         -0.83360239]
 [ 0.          1.          0.        ]
 [ 0.83360239  0.         -0.55236497]]",Bend2_2R1,Bend,True,Bend,0.4,0.4,74.1592465442521
231,-55.69300392514349,0.0,29.484238050346292,-2.217594814235294,0.0,0.0,[-0.60263464  0.          0.79801723],[0. 1. 0.],[-0.79801723  0.         -0.60263464],[-55.69300393   0.          29.48423805],"[[-0.60263464  0.         -0.79801723]
 [ 0.          1.          0.        ]
 [ 0.79801723  0.         -0.60263464]]",[-55.69300393   0.          29.48423805],"[[-0.60263464  0.         -0.79801723]
 [ 0.          1.          0.        ]
 [ 0.79801723  0.         -0.60263464]]",Drarc..1098,DriftSlice,True,,0.20000000000000284,0.20000000000000284,74.5592465442521
232,-55.85260737060718,0.0,29.363711123080556,-2.217594814235294,0.0,0.0,[-0.60263464  0.          0.79801723],[0. 1. 0.],[-0.79801723  0.         -0.60263464],[-55.85260737   0.          29.36371112],"[[-0.60263464  0.         -0.79801723]
 [ 0.          1.          0.        ]
 [ 0.79801723  0.         -0.60263464]]",[-55.85260737   0.          29.36371112],"[[-0.60263464  0.         -0.79801723]
 [ 0.          1.          0.        ]
 [ 0.79801723  0.         -0.60263464]]",XF1arc_2R1,Sextupole,True,XF1arc,0.1,0.1,74.75924654425211
233,-55.932409093339025,0.0,29.303447659447688,-2.217594814235294,0.0,0.0,[-0.60263464  0.          0.79801723],[0. 1. 0.],[-0.79801723  0.         -0.60263464],[-55.93240909   0.          29.30344766],"[[-0.60263464  0.         -0.79801723]
 [ 0.          1.          0.        ]
 [ 0.79801723  0.         -0.60263464]]",[-55.93240909   0.          29.30344766],"[[-0.60263464  0.         -0.79801723]
 [ 0.          1.          0.        ]
 [ 0.79801723  0.         -0.60263464]]",Drarc..1100,DriftSlice,True,,0.20000000000000273,0.20000000000000273,74.8592465442521
234,-56.09201253880271,0.0,29.18292073218195,-2.217594814235294,0.0,0.0,[-0.60263464  0.          0.79801723],[0. 1. 0.],[-0.79801723  0.         -0.60263464],[-56.09201254   0.          29.18292073],"[[-0.60263464  0.         -0.79801723]
 [ 0.          1.          0.        ]
 [ 0.79801723  0.         -0.60263464]]",[-56.09201254   0.          29.18292073],"[[-0.60263464  0.         -0.79801723]
 [ 0.          1.          0.        ]
 [ 0.79801723  0.         -0.60263464]]",QFA_2R1,Quadrupole,True,QFarc,0.3,0.3,75.0592465442521
235,-56.331417706998245,0.0,29.002130341283348,-2.217594814235294,0.0,0.0,[-0.60263464  0.          0.79801723],[0. 1. 0.],[-0.79801723  0.         -0.60263464],[-56.33141771   0.          29.00213034],"[[-0.60263464  0.         -0.79801723]
 [ 0.          1.          0.        ]
 [ 0.79801723  0.         -0.60263464]]",[-56.33141771   0.          29.00213034],"[[-0.60263464  0.         -0.79801723]
 [ 0.          1.          0.        ]
 [ 0.79801723  0.         -0.60263464]]",Drarc::36,Drift,True,,0.4999999999999999,0.4999999999999999,75.3592465442521
236,-56.730426320657465,0.0,28.70081302311901,-2.217594814235294,0.0,0.0,[-0.60263464  0.          0.79801723],[0. 1. 0.],[-0.79801723  0.         -0.60263464],[-56.73042632   0.          28.70081302],"[[-0.60263464  0.         -0.79801723]
 [ 0.          1.          0.        ]
 [ 0.79801723  0.         -0.60263464]]",[-56.73042632   0.          28.70081302],"[[-0.60263464  0.         -0.79801723]
 [ 0.          1.          0.        ]
 [ 0.79801723  0.         -0.60263464]]",Bend1_2R2,Bend,True,Bend,0.4,0.4,75.8592465442521
237,-57.042009281918155,0.0,28.4500831470487,-2.2791946701862744,0.0,0.0,[-0.6506183   0.          0.75940492],[0. 1. 0.],[-0.75940492  0.         -0.6506183 ],[-57.04200928   0.          28.45008315],"[[-0.6506183   0.         -0.75940492]
 [ 0.          1.          0.        ]
 [ 0.75940492  0.         -0.6506183 ]]",[-57.04200928   0.          28.45008315],"[[-0.6506183   0.         -0.75940492]
 [ 0.          1.          0.        ]
 [ 0.75940492  0.         -0.6506183 ]]",Drarc..1074,DriftSlice,True,,0.19999999999998863,0.19999999999998863,76.25924654425211
238,-57.193890265257565,0.0,28.319959487017755,-2.2791946701862744,0.0,0.0,[-0.6506183   0.          0.75940492],[0. 1. 0.],[-0.75940492  0.         -0.6506183 ],[-57.19389027   0.          28.31995949],"[[-0.6506183   0.         -0.75940492]
 [ 0.          1.          0.        ]
 [ 0.75940492  0.         -0.6506183 ]]",[-57.19389027   0.          28.31995949],"[[-0.6506183   0.         -0.75940492]
 [ 0.          1.          0.        ]
 [ 0.75940492  0.         -0.6506183 ]]",XD2arc_2R2,Sextupole,True,XD2arc,0.1,0.1,76.4592465442521
239,-57.26983075692728,0.0,28.254897657002278,-2.2791946701862744,0.0,0.0,[-0.6506183   0.          0.75940492],[0. 1. 0.],[-0.75940492  0.         -0.6506183 ],[-57.26983076   0.          28.25489766],"[[-0.6506183   0.         -0.75940492]
 [ 0.          1.          0.        ]
 [ 0.75940492  0.         -0.6506183 ]]",[-57.26983076   0.          28.25489766],"[[-0.6506183   0.         -0.75940492]
 [ 0.          1.          0.        ]
 [ 0.75940492  0.         -0.6506183 ]]",Drarc..1076,DriftSlice,True,,0.20000000000001694,0.20000000000001694,76.55924654425209
240,-57.42171174026671,0.0,28.124773996971314,-2.2791946701862744,0.0,0.0,[-0.6506183   0.          0.75940492],[0. 1. 0.],[-0.75940492  0.         -0.6506183 ],[-57.42171174   0.          28.124774  ],"[[-0.6506183   0.         -0.75940492]
 [ 0.          1.          0.        ]
 [ 0.75940492  0.         -0.6506183 ]]",[-57.42171174   0.          28.124774  ],"[[-0.6506183   0.         -0.75940492]
 [ 0.          1.          0.        ]
 [ 0.75940492  0.         -0.6506183 ]]",QDA_2R2,Quadrupole,True,QDarc,0.3,0.3,76.75924654425211
241,-57.64953321527584,0.0,27.929588506924883,-2.2791946701862744,0.0,0.0,[-0.6506183   0.          0.75940492],[0. 1. 0.],[-0.75940492  0.         -0.6506183 ],[-57.64953322   0.          27.92958851],"[[-0.6506183   0.         -0.75940492]
 [ 0.          1.          0.        ]
 [ 0.75940492  0.         -0.6506183 ]]",[-57.64953322   0.          27.92958851],"[[-0.6506183   0.         -0.75940492]
 [ 0.          1.          0.        ]
 [ 0.75940492  0.         -0.6506183 ]]",Drarc::37,Drift,True,,0.4999999999999999,0.4999999999999999,77.0592465442521
242,-58.029235673624385,0.0,27.6042793568475,-2.2791946701862744,0.0,0.0,[-0.6506183   0.          0.75940492],[0. 1. 0.],[-0.75940492  0.         -0.6506183 ],[-58.02923567   0.          27.60427936],"[[-0.6506183   0.         -0.75940492]
 [ 0.          1.          0.        ]
 [ 0.75940492  0.         -0.6506183 ]]",[-58.02923567   0.          27.60427936],"[[-0.6506183   0.         -0.75940492]
 [ 0.          1.          0.        ]
 [ 0.75940492  0.         -0.6506183 ]]",Bend2_2R2,Bend,True,Bend,0.4,0.4,77.5592465442521
243,-58.32479250607116,0.0,27.334843703497313,-2.340794526137255,0.0,0.0,[-0.69613395  0.          0.71791192],[0. 1. 0.],[-0.71791192  0.         -0.69613395],[-58.32479251   0.          27.3348437 ],"[[-0.69613395  0.         -0.71791192]
 [ 0.          1.          0.        ]
 [ 0.71791192  0.         -0.69613395]]",[-58.32479251   0.          27.3348437 ],"[[-0.69613395  0.         -0.71791192]
 [ 0.          1.          0.        ]
 [ 0.71791192  0.         -0.69613395]]",Drarc..1116,DriftSlice,True,,0.19999999999998863,0.19999999999998863,77.95924654425211
244,-58.468374890693354,0.0,27.195616914314343,-2.340794526137255,0.0,0.0,[-0.69613395  0.          0.71791192],[0. 1. 0.],[-0.71791192  0.         -0.69613395],[-58.46837489   0.          27.19561691],"[[-0.69613395  0.         -0.71791192]
 [ 0.          1.          0.        ]
 [ 0.71791192  0.         -0.69613395]]",[-58.46837489   0.          27.19561691],"[[-0.69613395  0.         -0.71791192]
 [ 0.          1.          0.        ]
 [ 0.71791192  0.         -0.69613395]]",XF2arc_2R2,Sextupole,True,XF2arc,0.1,0.1,78.1592465442521
245,-58.54016608300446,0.0,27.126003519722854,-2.340794526137255,0.0,0.0,[-0.69613395  0.          0.71791192],[0. 1. 0.],[-0.71791192  0.         -0.69613395],[-58.54016608   0.          27.12600352],"[[-0.69613395  0.         -0.71791192]
 [ 0.          1.          0.        ]
 [ 0.71791192  0.         -0.69613395]]",[-58.54016608   0.          27.12600352],"[[-0.69613395  0.         -0.71791192]
 [ 0.          1.          0.        ]
 [ 0.71791192  0.         -0.69613395]]",Drarc..1118,DriftSlice,True,,0.20000000000001694,0.20000000000001694,78.2592465442521
246,-58.68374846762667,0.0,26.986776730539862,-2.340794526137255,0.0,0.0,[-0.69613395  0.          0.71791192],[0. 1. 0.],[-0.71791192  0.         -0.69613395],[-58.68374847   0.          26.98677673],"[[-0.69613395  0.         -0.71791192]
 [ 0.          1.          0.        ]
 [ 0.71791192  0.         -0.69613395]]",[-58.68374847   0.          26.98677673],"[[-0.69613395  0.         -0.71791192]
 [ 0.          1.          0.        ]
 [ 0.71791192  0.         -0.69613395]]",QFA_2R2,Quadrupole,True,QFarc,0.3,0.3,78.45924654425211
247,-58.899122044559974,0.0,26.777936546765392,-2.340794526137255,0.0,0.0,[-0.69613395  0.          0.71791192],[0. 1. 0.],[-0.71791192  0.         -0.69613395],[-58.89912204   0.          26.77793655],"[[-0.69613395  0.         -0.71791192]
 [ 0.          1.          0.        ]
 [ 0.71791192  0.         -0.69613395]]",[-58.89912204   0.          26.77793655],"[[-0.69613395  0.         -0.71791192]
 [ 0.          1.          0.        ]
 [ 0.71791192  0.         -0.69613395]]",Drarc::38,Drift,True,,0.4999999999999999,0.4999999999999999,78.75924654425211
248,-59.25807800611548,0.0,26.429869573807945,-2.340794526137255,0.0,0.0,[-0.69613395  0.          0.71791192],[0. 1. 0.],[-0.71791192  0.         -0.69613395],[-59.25807801   0.          26.42986957],"[[-0.69613395  0.         -0.71791192]
 [ 0.          1.          0.        ]
 [ 0.71791192  0.         -0.69613395]]",[-59.25807801   0.          26.42986957],"[[-0.69613395  0.         -0.71791192]
 [ 0.          1.          0.        ]
 [ 0.71791192  0.         -0.69613395]]",Bend1_2R3,Bend,True,Bend,0.4,0.4,79.25924654425211
249,-59.53648756144706,0.0,26.142750204899674,-2.4023943820882354,0.0,0.0,[-0.73900892  0.          0.67369564],[0. 1. 0.],[-0.67369564  0.         -0.73900892],[-59.53648756   0.          26.1427502 ],"[[-0.73900892  0.         -0.67369564]
 [ 0.          1.          0.        ]
 [ 0.67369564  0.         -0.73900892]]",[-59.53648756   0.          26.1427502 ],"[[-0.73900892  0.         -0.67369564]
 [ 0.          1.          0.        ]
 [ 0.67369564  0.         -0.73900892]]",Drarc..1053,DriftSlice,True,,0.20000000000000284,0.20000000000000284,79.65924654425211
250,-59.67122669018652,0.0,25.99494842146479,-2.4023943820882354,0.0,0.0,[-0.73900892  0.          0.67369564],[0. 1. 0.],[-0.67369564  0.         -0.73900892],[-59.67122669   0.          25.99494842],"[[-0.73900892  0.         -0.67369564]
 [ 0.          1.          0.        ]
 [ 0.67369564  0.         -0.73900892]]",[-59.67122669   0.          25.99494842],"[[-0.73900892  0.         -0.67369564]
 [ 0.          1.          0.        ]
 [ 0.67369564  0.         -0.73900892]]",XD1arc_2R3,Sextupole,True,XD1arc,0.1,0.1,79.85924654425212
251,-59.73859625455625,0.0,25.92104752974735,-2.4023943820882354,0.0,0.0,[-0.73900892  0.          0.67369564],[0. 1. 0.],[-0.67369564  0.         -0.73900892],[-59.73859625   0.          25.92104753],"[[-0.73900892  0.         -0.67369564]
 [ 0.          1.          0.        ]
 [ 0.67369564  0.         -0.73900892]]",[-59.73859625   0.          25.92104753],"[[-0.73900892  0.         -0.67369564]
 [ 0.          1.          0.        ]
 [ 0.67369564  0.         -0.73900892]]",Drarc..1055,DriftSlice,True,,0.20000000000000273,0.20000000000000273,79.95924654425211
252,-59.87333538329571,0.0,25.77324574631247,-2.4023943820882354,0.0,0.0,[-0.73900892  0.          0.67369564],[0. 1. 0.],[-0.67369564  0.         -0.73900892],[-59.87333538   0.          25.77324575],"[[-0.73900892  0.         -0.67369564]
 [ 0.          1.          0.        ]
 [ 0.67369564  0.         -0.73900892]]",[-59.87333538   0.          25.77324575],"[[-0.73900892  0.         -0.67369564]
 [ 0.          1.          0.        ]
 [ 0.67369564  0.         -0.73900892]]",QDA_2R3,Quadrupole,True,QDarc,0.3,0.3,80.15924654425211
253,-60.0754440764049,0.0,25.55154307116015,-2.4023943820882354,0.0,0.0,[-0.73900892  0.          0.67369564],[0. 1. 0.],[-0.67369564  0.         -0.73900892],[-60.07544408   0.          25.55154307],"[[-0.73900892  0.         -0.67369564]
 [ 0.          1.          0.        ]
 [ 0.67369564  0.         -0.73900892]]",[-60.07544408   0.          25.55154307],"[[-0.73900892  0.         -0.67369564]
 [ 0.          1.          0.        ]
 [ 0.67369564  0.         -0.73900892]]",Drarc::39,Drift,True,,0.4999999999999999,0.4999999999999999,80.45924654425211
254,-60.41229189825355,0.0,25.18203861257295,-2.4023943820882354,0.0,0.0,[-0.73900892  0.          0.67369564],[0. 1. 0.],[-0.67369564  0.         -0.73900892],[-60.4122919    0.          25.18203861],"[[-0.73900892  0.         -0.67369564]
 [ 0.          1.          0.        ]
 [ 0.67369564  0.         -0.73900892]]",[-60.4122919    0.          25.18203861],"[[-0.73900892  0.         -0.67369564]
 [ 0.          1.          0.        ]
 [ 0.67369564  0.         -0.73900892]]",Bend2_2R3,Bend,True,Bend,0.4,0.4,80.95924654425211
255,-60.67249807366414,0.0,24.87832467021862,-2.4639942380392155,0.0,0.0,[-0.77908057  0.          0.62692381],[0. 1. 0.],[-0.62692381  0.         -0.77908057],[-60.67249807   0.          24.87832467],"[[-0.77908057  0.         -0.62692381]
 [ 0.          1.          0.        ]
 [ 0.62692381  0.         -0.77908057]]",[-60.67249807   0.          24.87832467],"[[-0.77908057  0.         -0.62692381]
 [ 0.          1.          0.        ]
 [ 0.62692381  0.         -0.77908057]]",Drarc..1101,DriftSlice,True,,0.20000000000000284,0.20000000000000284,81.35924654425212
256,-60.79788283485394,0.0,24.722508555322314,-2.4639942380392155,0.0,0.0,[-0.77908057  0.          0.62692381],[0. 1. 0.],[-0.62692381  0.         -0.77908057],[-60.79788283   0.          24.72250856],"[[-0.77908057  0.         -0.62692381]
 [ 0.          1.          0.        ]
 [ 0.62692381  0.         -0.77908057]]",[-60.79788283   0.          24.72250856],"[[-0.77908057  0.         -0.62692381]
 [ 0.          1.          0.        ]
 [ 0.62692381  0.         -0.77908057]]",XF1arc_2R3,Sextupole,True,XF1arc,0.1,0.1,81.55924654425212
257,-60.86057521544883,0.0,24.644600497874162,-2.4639942380392155,0.0,0.0,[-0.77908057  0.          0.62692381],[0. 1. 0.],[-0.62692381  0.         -0.77908057],[-60.86057522   0.          24.6446005 ],"[[-0.77908057  0.         -0.62692381]
 [ 0.          1.          0.        ]
 [ 0.62692381  0.         -0.77908057]]",[-60.86057522   0.          24.6446005 ],"[[-0.77908057  0.         -0.62692381]
 [ 0.          1.          0.        ]
 [ 0.62692381  0.         -0.77908057]]",Drarc..1103,DriftSlice,True,,0.20000000000000273,0.20000000000000273,81.65924654425211
258,-60.98595997663863,0.0,24.488784382977855,-2.4639942380392155,0.0,0.0,[-0.77908057  0.          0.62692381],[0. 1. 0.],[-0.62692381  0.         -0.77908057],[-60.98595998   0.          24.48878438],"[[-0.77908057  0.         -0.62692381]
 [ 0.          1.          0.        ]
 [ 0.62692381  0.         -0.77908057]]",[-60.98595998   0.          24.48878438],"[[-0.77908057  0.         -0.62692381]
 [ 0.          1.          0.        ]
 [ 0.62692381  0.         -0.77908057]]",QFA_2R3,Quadrupole,True,QFarc,0.3,0.3,81.85924654425212
259,-61.17403711842333,0.0,24.2550602106334,-2.4639942380392155,0.0,0.0,[-0.77908057  0.          0.62692381],[0. 1. 0.],[-0.62692381  0.         -0.77908057],[-61.17403712   0.          24.25506021],"[[-0.77908057  0.         -0.62692381]
 [ 0.          1.          0.        ]
 [ 0.62692381  0.         -0.77908057]]",[-61.17403712   0.          24.25506021],"[[-0.77908057  0.         -0.62692381]
 [ 0.          1.          0.        ]
 [ 0.62692381  0.         -0.77908057]]",Drarc::40,Drift,True,,0.4999999999999999,0.4999999999999999,82.15924654425211
260,-61.48749902139782,0.0,23.86551992339264,-2.4639942380392155,0.0,0.0,[-0.77908057  0.          0.62692381],[0. 1. 0.],[-0.62692381  0.         -0.77908057],[-61.48749902   0.          23.86551992],"[[-0.77908057  0.         -0.62692381]
 [ 0.          1.          0.        ]
 [ 0.62692381  0.         -0.77908057]]",[-61.48749902   0.          23.86551992],"[[-0.77908057  0.         -0.62692381]
 [ 0.          1.          0.        ]
 [ 0.62692381  0.         -0.77908057]]",Bend1_2R4,Bend,True,Bend,0.4,0.4,82.65924654425211
261,-61.728514765736776,0.0,23.546363498605434,-2.525594093990196,0.0,0.0,[-0.81619691  0.          0.57777383],[0. 1. 0.],[-0.57777383  0.         -0.81619691],[-61.72851477   0.          23.5463635 ],"[[-0.81619691  0.         -0.57777383]
 [ 0.          1.          0.        ]
 [ 0.57777383  0.         -0.81619691]]",[-61.72851477   0.          23.5463635 ],"[[-0.81619691  0.         -0.57777383]
 [ 0.          1.          0.        ]
 [ 0.57777383  0.         -0.81619691]]",Drarc..1077,DriftSlice,True,,0.19999999999998863,0.19999999999998863,83.05924654425212
262,-61.844069532030204,0.0,23.38312411614254,-2.525594093990196,0.0,0.0,[-0.81619691  0.          0.57777383],[0. 1. 0.],[-0.57777383  0.         -0.81619691],[-61.84406953   0.          23.38312412],"[[-0.81619691  0.         -0.57777383]
 [ 0.          1.          0.        ]
 [ 0.57777383  0.         -0.81619691]]",[-61.84406953   0.          23.38312412],"[[-0.81619691  0.         -0.57777383]
 [ 0.          1.          0.        ]
 [ 0.57777383  0.         -0.81619691]]",XD2arc_2R4,Sextupole,True,XD2arc,0.1,0.1,83.25924654425211
263,-61.90184691517692,0.0,23.301504424911087,-2.525594093990196,0.0,0.0,[-0.81619691  0.          0.57777383],[0. 1. 0.],[-0.57777383  0.         -0.81619691],[-61.90184692   0.          23.30150442],"[[-0.81619691  0.         -0.57777383]
 [ 0.          1.          0.        ]
 [ 0.57777383  0.         -0.81619691]]",[-61.90184692   0.          23.30150442],"[[-0.81619691  0.         -0.57777383]
 [ 0.          1.          0.        ]
 [ 0.57777383  0.         -0.81619691]]",Drarc..1079,DriftSlice,True,,0.20000000000001694,0.20000000000001694,83.3592465442521
264,-62.01740168147036,0.0,23.13826504244817,-2.525594093990196,0.0,0.0,[-0.81619691  0.          0.57777383],[0. 1. 0.],[-0.57777383  0.         -0.81619691],[-62.01740168   0.          23.13826504],"[[-0.81619691  0.         -0.57777383]
 [ 0.          1.          0.        ]
 [ 0.57777383  0.         -0.81619691]]",[-62.01740168   0.          23.13826504],"[[-0.81619691  0.         -0.57777383]
 [ 0.          1.          0.        ]
 [ 0.57777383  0.         -0.81619691]]",QDA_2R4,Quadrupole,True,QDarc,0.3,0.3,83.55924654425212
265,-62.19073383091051,0.0,22.893405968753818,-2.525594093990196,0.0,0.0,[-0.81619691  0.          0.57777383],[0. 1. 0.],[-0.57777383  0.         -0.81619691],[-62.19073383   0.          22.89340597],"[[-0.81619691  0.         -0.57777383]
 [ 0.          1.          0.        ]
 [ 0.57777383  0.         -0.81619691]]",[-62.19073383   0.          22.89340597],"[[-0.81619691  0.         -0.57777383]
 [ 0.          1.          0.        ]
 [ 0.57777383  0.         -0.81619691]]",Drarc::41,Drift,True,,0.4999999999999999,0.4999999999999999,83.85924654425212
266,-62.479620746644095,0.0,22.48530751259656,-2.525594093990196,0.0,0.0,[-0.81619691  0.          0.57777383],[0. 1. 0.],[-0.57777383  0.         -0.81619691],[-62.47962075   0.          22.48530751],"[[-0.81619691  0.         -0.57777383]
 [ 0.          1.          0.        ]
 [ 0.57777383  0.         -0.81619691]]",[-62.47962075   0.          22.48530751],"[[-0.81619691  0.         -0.57777383]
 [ 0.          1.          0.        ]
 [ 0.57777383  0.         -0.81619691]]",Bend2_2R4,Bend,True,Bend,0.4,0.4,84.35924654425212
267,-62.70053180463906,0.0,22.151919275014972,-2.5871939499411765,0.0,0.0,[-0.85021714  0.          0.52643216],[0. 1. 0.],[-0.52643216  0.         -0.85021714],[-62.7005318    0.          22.15191928],"[[-0.85021714  0.         -0.52643216]
 [ 0.          1.          0.        ]
 [ 0.52643216  0.         -0.85021714]]",[-62.7005318    0.          22.15191928],"[[-0.85021714  0.         -0.52643216]
 [ 0.          1.          0.        ]
 [ 0.52643216  0.         -0.85021714]]",Drarc..1119,DriftSlice,True,,0.19999999999998863,0.19999999999998863,84.75924654425212
268,-62.8058182372271,0.0,21.981875847876843,-2.5871939499411765,0.0,0.0,[-0.85021714  0.          0.52643216],[0. 1. 0.],[-0.52643216  0.         -0.85021714],[-62.80581824   0.          21.98187585],"[[-0.85021714  0.         -0.52643216]
 [ 0.          1.          0.        ]
 [ 0.52643216  0.         -0.85021714]]",[-62.80581824   0.          21.98187585],"[[-0.85021714  0.         -0.52643216]
 [ 0.          1.          0.        ]
 [ 0.52643216  0.         -0.85021714]]",XF2arc_2R4,Sextupole,True,XF2arc,0.1,0.1,84.95924654425211
269,-62.85846145352112,0.0,21.896854134307773,-2.5871939499411765,0.0,0.0,[-0.85021714  0.          0.52643216],[0. 1. 0.],[-0.52643216  0.         -0.85021714],[-62.85846145   0.          21.89685413],"[[-0.85021714  0.         -0.52643216]
 [ 0.          1.          0.        ]
 [ 0.52643216  0.         -0.85021714]]",[-62.85846145   0.          21.89685413],"[[-0.85021714  0.         -0.52643216]
 [ 0.          1.          0.        ]
 [ 0.52643216  0.         -0.85021714]]",Drarc..1121,DriftSlice,True,,0.20000000000001694,0.20000000000001694,85.0592465442521
270,-62.963747886109175,0.0,21.726810707169623,-2.5871939499411765,0.0,0.0,[-0.85021714  0.          0.52643216],[0. 1. 0.],[-0.52643216  0.         -0.85021714],[-62.96374789   0.          21.72681071],"[[-0.85021714  0.         -0.52643216]
 [ 0.          1.          0.        ]
 [ 0.52643216  0.         -0.85021714]]",[-62.96374789   0.          21.72681071],"[[-0.85021714  0.         -0.52643216]
 [ 0.          1.          0.        ]
 [ 0.52643216  0.         -0.85021714]]",QFA_2R4,Quadrupole,True,QFarc,0.3,0.3,85.25924654425212
271,-63.12167753499124,0.0,21.471745566462417,-2.5871939499411765,0.0,0.0,[-0.85021714  0.          0.52643216],[0. 1. 0.],[-0.52643216  0.         -0.85021714],[-63.12167753   0.          21.47174557],"[[-0.85021714  0.         -0.52643216]
 [ 0.          1.          0.        ]
 [ 0.52643216  0.         -0.85021714]]",[-63.12167753   0.          21.47174557],"[[-0.85021714  0.         -0.52643216]
 [ 0.          1.          0.        ]
 [ 0.52643216  0.         -0.85021714]]",Drarc::42,Drift,True,,0.4999999999999999,0.4999999999999999,85.55924654425212
272,-63.384893616461355,0.0,21.046636998617075,-2.5871939499411765,0.0,0.0,[-0.85021714  0.          0.52643216],[0. 1. 0.],[-0.52643216  0.         -0.85021714],[-63.38489362   0.          21.046637  ],"[[-0.85021714  0.         -0.52643216]
 [ 0.          1.          0.        ]
 [ 0.52643216  0.         -0.85021714]]",[-63.38489362   0.          21.046637  ],"[[-0.85021714  0.         -0.52643216]
 [ 0.          1.          0.        ]
 [ 0.52643216  0.         -0.85021714]]",Bend1_2R5,Bend,True,Bend,0.4,0.4,86.05924654425212
273,-63.58486199680164,0.0,20.70028160402029,-2.648793805892157,0.0,0.0,[-0.88101219  0.          0.47309356],[0. 1. 0.],[-0.47309356  0.         -0.88101219],[-63.584862    0.         20.7002816],"[[-0.88101219  0.         -0.47309356]
 [ 0.          1.          0.        ]
 [ 0.47309356  0.         -0.88101219]]",[-63.584862    0.         20.7002816],"[[-0.88101219  0.         -0.47309356]
 [ 0.          1.          0.        ]
 [ 0.47309356  0.         -0.88101219]]",Drarc..1056,DriftSlice,True,,0.20000000000000284,0.20000000000000284,86.45924654425212
274,-63.67948070818218,0.0,20.524079165170296,-2.648793805892157,0.0,0.0,[-0.88101219  0.          0.47309356],[0. 1. 0.],[-0.47309356  0.         -0.88101219],[-63.67948071   0.          20.52407917],"[[-0.88101219  0.         -0.47309356]
 [ 0.          1.          0.        ]
 [ 0.47309356  0.         -0.88101219]]",[-63.67948071   0.          20.52407917],"[[-0.88101219  0.         -0.47309356]
 [ 0.          1.          0.        ]
 [ 0.47309356  0.         -0.88101219]]",XD1arc_2R5,Sextupole,True,XD1arc,0.1,0.1,86.65924654425213
275,-63.72679006387246,0.0,20.4359779457453,-2.648793805892157,0.0,0.0,[-0.88101219  0.          0.47309356],[0. 1. 0.],[-0.47309356  0.         -0.88101219],[-63.72679006   0.          20.43597795],"[[-0.88101219  0.         -0.47309356]
 [ 0.          1.          0.        ]
 [ 0.47309356  0.         -0.88101219]]",[-63.72679006   0.          20.43597795],"[[-0.88101219  0.         -0.47309356]
 [ 0.          1.          0.        ]
 [ 0.47309356  0.         -0.88101219]]",Drarc..1058,DriftSlice,True,,0.20000000000000273,0.20000000000000273,86.75924654425212
276,-63.821408775253,0.0,20.259775506895306,-2.648793805892157,0.0,0.0,[-0.88101219  0.          0.47309356],[0. 1. 0.],[-0.47309356  0.         -0.88101219],[-63.82140878   0.          20.25977551],"[[-0.88101219  0.         -0.47309356]
 [ 0.          1.          0.        ]
 [ 0.47309356  0.         -0.88101219]]",[-63.82140878   0.          20.25977551],"[[-0.88101219  0.         -0.47309356]
 [ 0.          1.          0.        ]
 [ 0.47309356  0.         -0.88101219]]",QDA_2R5,Quadrupole,True,QDarc,0.3,0.3,86.95924654425212
277,-63.96333684232381,0.0,19.995471848620316,-2.648793805892157,0.0,0.0,[-0.88101219  0.          0.47309356],[0. 1. 0.],[-0.47309356  0.         -0.88101219],[-63.96333684   0.          19.99547185],"[[-0.88101219  0.         -0.47309356]
 [ 0.          1.          0.        ]
 [ 0.47309356  0.         -0.88101219]]",[-63.96333684   0.          19.99547185],"[[-0.88101219  0.         -0.47309356]
 [ 0.          1.          0.        ]
 [ 0.47309356  0.         -0.88101219]]",Drarc::43,Drift,True,,0.4999999999999999,0.4999999999999999,87.25924654425212
278,-64.19988362077517,0.0,19.55496575149533,-2.648793805892157,0.0,0.0,[-0.88101219  0.          0.47309356],[0. 1. 0.],[-0.47309356  0.         -0.88101219],[-64.19988362   0.          19.55496575],"[[-0.88101219  0.         -0.47309356]
 [ 0.          1.          0.        ]
 [ 0.47309356  0.         -0.88101219]]",[-64.19988362   0.          19.55496575],"[[-0.88101219  0.         -0.47309356]
 [ 0.          1.          0.        ]
 [ 0.47309356  0.         -0.88101219]]",Bend2_2R5,Bend,True,Bend,0.4,0.4,87.75924654425212
279,-64.37815077489984,0.0,19.196957044530677,-2.710393661843137,0.0,0.0,[-0.90846527  0.          0.41796034],[0. 1. 0.],[-0.41796034  0.         -0.90846527],[-64.37815077   0.          19.19695704],"[[-0.90846527  0.         -0.41796034]
 [ 0.          1.          0.        ]
 [ 0.41796034  0.         -0.90846527]]",[-64.37815077   0.          19.19695704],"[[-0.90846527  0.         -0.41796034]
 [ 0.          1.          0.        ]
 [ 0.41796034  0.         -0.90846527]]",Drarc..1104,DriftSlice,True,,0.20000000000000284,0.20000000000000284,88.15924654425213
280,-64.46174284389127,0.0,19.015263990173246,-2.710393661843137,0.0,0.0,[-0.90846527  0.          0.41796034],[0. 1. 0.],[-0.41796034  0.         -0.90846527],[-64.46174284   0.          19.01526399],"[[-0.90846527  0.         -0.41796034]
 [ 0.          1.          0.        ]
 [ 0.41796034  0.         -0.90846527]]",[-64.46174284   0.          19.01526399],"[[-0.90846527  0.         -0.41796034]
 [ 0.          1.          0.        ]
 [ 0.41796034  0.         -0.90846527]]",XF1arc_2R5,Sextupole,True,XF1arc,0.1,0.1,88.35924654425213
281,-64.50353887838699,0.0,18.92441746299453,-2.710393661843137,0.0,0.0,[-0.90846527  0.          0.41796034],[0. 1. 0.],[-0.41796034  0.         -0.90846527],[-64.50353888   0.          18.92441746],"[[-0.90846527  0.         -0.41796034]
 [ 0.          1.          0.        ]
 [ 0.41796034  0.         -0.90846527]]",[-64.50353888   0.          18.92441746],"[[-0.90846527  0.         -0.41796034]
 [ 0.          1.          0.        ]
 [ 0.41796034  0.         -0.90846527]]",Drarc..1106,DriftSlice,True,,0.20000000000000273,0.20000000000000273,88.45924654425212
282,-64.58713094737843,0.0,18.7427244086371,-2.710393661843137,0.0,0.0,[-0.90846527  0.          0.41796034],[0. 1. 0.],[-0.41796034  0.         -0.90846527],[-64.58713095   0.          18.74272441],"[[-0.90846527  0.         -0.41796034]
 [ 0.          1.          0.        ]
 [ 0.41796034  0.         -0.90846527]]",[-64.58713095   0.          18.74272441],"[[-0.90846527  0.         -0.41796034]
 [ 0.          1.          0.        ]
 [ 0.41796034  0.         -0.90846527]]",QFA_2R5,Quadrupole,True,QFarc,0.3,0.3,88.65924654425213
283,-64.71251905086558,0.0,18.470184827100955,-2.710393661843137,0.0,0.0,[-0.90846527  0.          0.41796034],[0. 1. 0.],[-0.41796034  0.         -0.90846527],[-64.71251905   0.          18.47018483],"[[-0.90846527  0.         -0.41796034]
 [ 0.          1.          0.        ]
 [ 0.41796034  0.         -0.90846527]]",[-64.71251905   0.          18.47018483],"[[-0.90846527  0.         -0.41796034]
 [ 0.          1.          0.        ]
 [ 0.41796034  0.         -0.90846527]]",Drarc::44,Drift,True,,0.4999999999999999,0.4999999999999999,88.95924654425212
284,-64.92149922334416,0.0,18.015952191207383,-2.710393661843137,0.0,0.0,[-0.90846527  0.          0.41796034],[0. 1. 0.],[-0.41796034  0.         -0.90846527],[-64.92149922   0.          18.01595219],"[[-0.90846527  0.         -0.41796034]
 [ 0.          1.          0.        ]
 [ 0.41796034  0.         -0.90846527]]",[-64.92149922   0.          18.01595219],"[[-0.90846527  0.         -0.41796034]
 [ 0.          1.          0.        ]
 [ 0.41796034  0.         -0.90846527]]",Bend1_2R6,Bend,True,Bend,0.4,0.4,89.45924654425212
285,-65.07738892287654,0.0,17.647648221527557,-2.7719935177941175,0.0,0.0,[-0.93247223  0.          0.36124167],[0. 1. 0.],[-0.36124167  0.         -0.93247223],[-65.07738892   0.          17.64764822],"[[-0.93247223  0.         -0.36124167]
 [ 0.          1.          0.        ]
 [ 0.36124167  0.         -0.93247223]]",[-65.07738892   0.          17.64764822],"[[-0.93247223  0.         -0.36124167]
 [ 0.          1.          0.        ]
 [ 0.36124167  0.         -0.93247223]]",Drarc..1080,DriftSlice,True,,0.19999999999998863,0.19999999999998863,89.85924654425213
286,-65.14963725612874,0.0,17.46115377565242,-2.7719935177941175,0.0,0.0,[-0.93247223  0.          0.36124167],[0. 1. 0.],[-0.36124167  0.         -0.93247223],[-65.14963726   0.          17.46115378],"[[-0.93247223  0.         -0.36124167]
 [ 0.          1.          0.        ]
 [ 0.36124167  0.         -0.93247223]]",[-65.14963726   0.          17.46115378],"[[-0.93247223  0.         -0.36124167]
 [ 0.          1.          0.        ]
 [ 0.36124167  0.         -0.93247223]]",XD2arc_2R6,Sextupole,True,XD2arc,0.1,0.1,90.05924654425212
287,-65.18576142275485,0.0,17.367906552714846,-2.7719935177941175,0.0,0.0,[-0.93247223  0.          0.36124167],[0. 1. 0.],[-0.36124167  0.         -0.93247223],[-65.18576142   0.          17.36790655],"[[-0.93247223  0.         -0.36124167]
 [ 0.          1.          0.        ]
 [ 0.36124167  0.         -0.93247223]]",[-65.18576142   0.          17.36790655],"[[-0.93247223  0.         -0.36124167]
 [ 0.          1.          0.        ]
 [ 0.36124167  0.         -0.93247223]]",Drarc..1082,DriftSlice,True,,0.20000000000001694,0.20000000000001694,90.15924654425211
288,-65.25800975600707,0.0,17.181412106839684,-2.7719935177941175,0.0,0.0,[-0.93247223  0.          0.36124167],[0. 1. 0.],[-0.36124167  0.         -0.93247223],[-65.25800976   0.          17.18141211],"[[-0.93247223  0.         -0.36124167]
 [ 0.          1.          0.        ]
 [ 0.36124167  0.         -0.93247223]]",[-65.25800976   0.          17.18141211],"[[-0.93247223  0.         -0.36124167]
 [ 0.          1.          0.        ]
 [ 0.36124167  0.         -0.93247223]]",QDA_2R6,Quadrupole,True,QDarc,0.3,0.3,90.35924654425213
289,-65.36638225588538,0.0,16.90167043802696,-2.7719935177941175,0.0,0.0,[-0.93247223  0.          0.36124167],[0. 1. 0.],[-0.36124167  0.         -0.93247223],[-65.36638226   0.          16.90167044],"[[-0.93247223  0.         -0.36124167]
 [ 0.          1.          0.        ]
 [ 0.36124167  0.         -0.93247223]]",[-65.36638226   0.          16.90167044],"[[-0.93247223  0.         -0.36124167]
 [ 0.          1.          0.        ]
 [ 0.36124167  0.         -0.93247223]]",Drarc::45,Drift,True,,0.4999999999999999,0.4999999999999999,90.65924654425213
290,-65.5470030890159,0.0,16.435434323339095,-2.7719935177941175,0.0,0.0,[-0.93247223  0.          0.36124167],[0. 1. 0.],[-0.36124167  0.         -0.93247223],[-65.54700309   0.          16.43543432],"[[-0.93247223  0.         -0.36124167]
 [ 0.          1.          0.        ]
 [ 0.36124167  0.         -0.93247223]]",[-65.54700309   0.          16.43543432],"[[-0.93247223  0.         -0.36124167]
 [ 0.          1.          0.        ]
 [ 0.36124167  0.         -0.93247223]]",Bend2_2R6,Bend,True,Bend,0.4,0.4,91.15924654425213
291,-65.67992399092942,0.0,16.058232194054664,-2.833593373745098,0.0,0.0,[-0.952942    0.          0.30315267],[0. 1. 0.],[-0.30315267  0.         -0.952942  ],[-65.67992399   0.          16.05823219],"[[-0.952942    0.         -0.30315267]
 [ 0.          1.          0.        ]
 [ 0.30315267  0.         -0.952942  ]]",[-65.67992399   0.          16.05823219],"[[-0.952942    0.         -0.30315267]
 [ 0.          1.          0.        ]
 [ 0.30315267  0.         -0.952942  ]]",Drarc..1122,DriftSlice,True,,0.19999999999998863,0.19999999999998863,91.55924654425213
292,-65.74055452576746,0.0,15.867643793974153,-2.833593373745098,0.0,0.0,[-0.952942    0.          0.30315267],[0. 1. 0.],[-0.30315267  0.         -0.952942  ],[-65.74055453   0.          15.86764379],"[[-0.952942    0.         -0.30315267]
 [ 0.          1.          0.        ]
 [ 0.30315267  0.         -0.952942  ]]",[-65.74055453   0.          15.86764379],"[[-0.952942    0.         -0.30315267]
 [ 0.          1.          0.        ]
 [ 0.30315267  0.         -0.952942  ]]",XF2arc_2R6,Sextupole,True,XF2arc,0.1,0.1,91.75924654425212
293,-65.77086979318649,0.0,15.772349593933892,-2.833593373745098,0.0,0.0,[-0.952942    0.          0.30315267],[0. 1. 0.],[-0.30315267  0.         -0.952942  ],[-65.77086979   0.          15.77234959],"[[-0.952942    0.         -0.30315267]
 [ 0.          1.          0.        ]
 [ 0.30315267  0.         -0.952942  ]]",[-65.77086979   0.          15.77234959],"[[-0.952942    0.         -0.30315267]
 [ 0.          1.          0.        ]
 [ 0.30315267  0.         -0.952942  ]]",Drarc..1124,DriftSlice,True,,0.20000000000001694,0.20000000000001694,91.85924654425212
294,-65.83150032802455,0.0,15.581761193853355,-2.833593373745098,0.0,0.0,[-0.952942    0.          0.30315267],[0. 1. 0.],[-0.30315267  0.         -0.952942  ],[-65.83150033   0.          15.58176119],"[[-0.952942    0.         -0.30315267]
 [ 0.          1.          0.        ]
 [ 0.30315267  0.         -0.952942  ]]",[-65.83150033   0.          15.58176119],"[[-0.952942    0.         -0.30315267]
 [ 0.          1.          0.        ]
 [ 0.30315267  0.         -0.952942  ]]",QFA_2R6,Quadrupole,True,QFarc,0.3,0.3,92.05924654425213
295,-65.92244613028161,0.0,15.295878593732574,-2.833593373745098,0.0,0.0,[-0.952942    0.          0.30315267],[0. 1. 0.],[-0.30315267  0.         -0.952942  ],[-65.92244613   0.          15.29587859],"[[-0.952942    0.         -0.30315267]
 [ 0.          1.          0.        ]
 [ 0.30315267  0.         -0.952942  ]]",[-65.92244613   0.          15.29587859],"[[-0.952942    0.         -0.30315267]
 [ 0.          1.          0.        ]
 [ 0.30315267  0.         -0.952942  ]]",Drarc::46,Drift,True,,0.4999999999999999,0.4999999999999999,92.35924654425213
296,-66.07402246737672,0.0,14.819407593531272,-2.833593373745098,0.0,0.0,[-0.952942    0.          0.30315267],[0. 1. 0.],[-0.30315267  0.         -0.952942  ],[-66.07402247   0.          14.81940759],"[[-0.952942    0.         -0.30315267]
 [ 0.          1.          0.        ]
 [ 0.30315267  0.         -0.952942  ]]",[-66.07402247   0.          14.81940759],"[[-0.952942    0.         -0.30315267]
 [ 0.          1.          0.        ]
 [ 0.30315267  0.         -0.952942  ]]",Bend1_2R7,Bend,True,Bend,0.4,0.4,92.85924654425213
297,-66.18347035716162,0.0,14.434738161520038,-2.895193229696078,0.0,0.0,[-0.96979694  0.          0.24391372],[0. 1. 0.],[-0.24391372  0.         -0.96979694],[-66.18347036   0.          14.43473816],"[[-0.96979694  0.         -0.24391372]
 [ 0.          1.          0.        ]
 [ 0.24391372  0.         -0.96979694]]",[-66.18347036   0.          14.43473816],"[[-0.96979694  0.         -0.24391372]
 [ 0.          1.          0.        ]
 [ 0.24391372  0.         -0.96979694]]",Drarc..1059,DriftSlice,True,,0.20000000000000284,0.20000000000000284,93.25924654425214
298,-66.23225310119935,0.0,14.24077877431707,-2.895193229696078,0.0,0.0,[-0.96979694  0.          0.24391372],[0. 1. 0.],[-0.24391372  0.         -0.96979694],[-66.2322531    0.          14.24077877],"[[-0.96979694  0.         -0.24391372]
 [ 0.          1.          0.        ]
 [ 0.24391372  0.         -0.96979694]]",[-66.2322531    0.          14.24077877],"[[-0.96979694  0.         -0.24391372]
 [ 0.          1.          0.        ]
 [ 0.24391372  0.         -0.96979694]]",XD1arc_2R7,Sextupole,True,XD1arc,0.1,0.1,93.45924654425214
299,-66.25664447321822,0.0,14.143799080715587,-2.895193229696078,0.0,0.0,[-0.96979694  0.          0.24391372],[0. 1. 0.],[-0.24391372  0.         -0.96979694],[-66.25664447   0.          14.14379908],"[[-0.96979694  0.         -0.24391372]
 [ 0.          1.          0.        ]
 [ 0.24391372  0.         -0.96979694]]",[-66.25664447   0.          14.14379908],"[[-0.96979694  0.         -0.24391372]
 [ 0.          1.          0.        ]
 [ 0.24391372  0.         -0.96979694]]",Drarc..1061,DriftSlice,True,,0.20000000000000273,0.20000000000000273,93.55924654425213
300,-66.30542721725594,0.0,13.949839693512619,-2.895193229696078,0.0,0.0,[-0.96979694  0.          0.24391372],[0. 1. 0.],[-0.24391372  0.         -0.96979694],[-66.30542722   0.          13.94983969],"[[-0.96979694  0.         -0.24391372]
 [ 0.          1.          0.        ]
 [ 0.24391372  0.         -0.96979694]]",[-66.30542722   0.          13.94983969],"[[-0.96979694  0.         -0.24391372]
 [ 0.          1.          0.        ]
 [ 0.24391372  0.         -0.96979694]]",QDA_2R7,Quadrupole,True,QDarc,0.3,0.3,93.75924654425214
301,-66.37860133331253,0.0,13.658900612708171,-2.895193229696078,0.0,0.0,[-0.96979694  0.          0.24391372],[0. 1. 0.],[-0.24391372  0.         -0.96979694],[-66.37860133   0.          13.65890061],"[[-0.96979694  0.         -0.24391372]
 [ 0.          1.          0.        ]
 [ 0.24391372  0.         -0.96979694]]",[-66.37860133   0.          13.65890061],"[[-0.96979694  0.         -0.24391372]
 [ 0.          1.          0.        ]
 [ 0.24391372  0.         -0.96979694]]",Drarc::47,Drift,True,,0.4999999999999999,0.4999999999999999,94.05924654425213
302,-66.50055819340685,0.0,13.174002144700758,-2.895193229696078,0.0,0.0,[-0.96979694  0.          0.24391372],[0. 1. 0.],[-0.24391372  0.         -0.96979694],[-66.50055819   0.          13.17400214],"[[-0.96979694  0.         -0.24391372]
 [ 0.          1.          0.        ]
 [ 0.24391372  0.         -0.96979694]]",[-66.50055819   0.          13.17400214],"[[-0.96979694  0.         -0.24391372]
 [ 0.          1.          0.        ]
 [ 0.24391372  0.         -0.96979694]]",Bend2_2R7,Bend,True,Bend,0.4,0.4,94.55924654425213
303,-66.58611789772844,0.0,12.7833245928775,-2.9567930856470586,0.0,0.0,[-0.9829731   0.          0.18374952],[0. 1. 0.],[-0.18374952  0.         -0.9829731 ],[-66.5861179    0.          12.78332459],"[[-0.9829731   0.         -0.18374952]
 [ 0.          1.          0.        ]
 [ 0.18374952  0.         -0.9829731 ]]",[-66.5861179    0.          12.78332459],"[[-0.9829731   0.         -0.18374952]
 [ 0.          1.          0.        ]
 [ 0.18374952  0.         -0.9829731 ]]",Drarc..1134,DriftSlice,True,,0.20000000000000284,0.20000000000000284,94.95924654425214
304,-66.62286780130837,0.0,12.586729972943823,-2.9567930856470586,0.0,0.0,[-0.9829731   0.          0.18374952],[0. 1. 0.],[-0.18374952  0.         -0.9829731 ],[-66.6228678    0.          12.58672997],"[[-0.9829731   0.         -0.18374952]
 [ 0.          1.          0.        ]
 [ 0.18374952  0.         -0.9829731 ]]",[-66.6228678    0.          12.58672997],"[[-0.9829731   0.         -0.18374952]
 [ 0.          1.          0.        ]
 [ 0.18374952  0.         -0.9829731 ]]",XF1arc_2R7,Sextupole,True,XF1arc,0.1,0.1,95.15924654425214
305,-66.64124275309834,0.0,12.488432662976987,-2.9567930856470586,0.0,0.0,[-0.9829731   0.          0.18374952],[0. 1. 0.],[-0.18374952  0.         -0.9829731 ],[-66.64124275   0.          12.48843266],"[[-0.9829731   0.         -0.18374952]
 [ 0.          1.          0.        ]
 [ 0.18374952  0.         -0.9829731 ]]",[-66.64124275   0.          12.48843266],"[[-0.9829731   0.         -0.18374952]
 [ 0.          1.          0.        ]
 [ 0.18374952  0.         -0.9829731 ]]",Drarc..1136,DriftSlice,True,,0.20000000000000273,0.20000000000000273,95.25924654425214
306,-66.67799265667827,0.0,12.29183804304331,-2.9567930856470586,0.0,0.0,[-0.9829731   0.          0.18374952],[0. 1. 0.],[-0.18374952  0.         -0.9829731 ],[-66.67799266   0.          12.29183804],"[[-0.9829731   0.         -0.18374952]
 [ 0.          1.          0.        ]
 [ 0.18374952  0.         -0.9829731 ]]",[-66.67799266   0.          12.29183804],"[[-0.9829731   0.         -0.18374952]
 [ 0.          1.          0.        ]
 [ 0.18374952  0.         -0.9829731 ]]",QFA_M2R7,Quadrupole,True,QFarcM,0.3,0.3,95.45924654425214
307,-66.73311751204817,0.0,11.996946113142798,-2.9567930856470586,0.0,0.0,[-0.9829731   0.          0.18374952],[0. 1. 0.],[-0.18374952  0.         -0.9829731 ],[-66.73311751   0.          11.99694611],"[[-0.9829731   0.         -0.18374952]
 [ 0.          1.          0.        ]
 [ 0.18374952  0.         -0.9829731 ]]",[-66.73311751   0.          11.99694611],"[[-0.9829731   0.         -0.18374952]
 [ 0.          1.          0.        ]
 [ 0.18374952  0.         -0.9829731 ]]",Drarc::48,Drift,True,,0.4999999999999999,0.4999999999999999,95.75924654425214
308,-66.824992270998,0.0,11.50545956330861,-2.9567930856470586,0.0,0.0,[-0.9829731   0.          0.18374952],[0. 1. 0.],[-0.18374952  0.         -0.9829731 ],[-66.82499227   0.          11.50545956],"[[-0.9829731   0.         -0.18374952]
 [ 0.          1.          0.        ]
 [ 0.18374952  0.         -0.9829731 ]]",[-66.82499227   0.          11.50545956],"[[-0.9829731   0.         -0.18374952]
 [ 0.          1.          0.        ]
 [ 0.18374952  0.         -0.9829731 ]]",Bend1_2R8,Bend,True,Bend,0.4,0.4,96.25924654425214
309,-66.88633923259141,0.0,11.110255865444497,-3.018392941598039,0.0,0.0,[-0.99242051  0.          0.12288829],[0. 1. 0.],[-0.12288829  0.         -0.99242051],[-66.88633923   0.          11.11025587],"[[-0.99242051  0.         -0.12288829]
 [ 0.          1.          0.        ]
 [ 0.12288829  0.         -0.99242051]]",[-66.88633923   0.          11.11025587],"[[-0.99242051  0.         -0.12288829]
 [ 0.          1.          0.        ]
 [ 0.12288829  0.         -0.99242051]]",Drarc..1092,DriftSlice,True,,0.20000000000000284,0.20000000000000284,96.65924654425214
310,-66.91091689074148,0.0,10.911771763512228,-3.018392941598039,0.0,0.0,[-0.99242051  0.          0.12288829],[0. 1. 0.],[-0.12288829  0.         -0.99242051],[-66.91091689   0.          10.91177176],"[[-0.99242051  0.         -0.12288829]
 [ 0.          1.          0.        ]
 [ 0.12288829  0.         -0.99242051]]",[-66.91091689   0.          10.91177176],"[[-0.99242051  0.         -0.12288829]
 [ 0.          1.          0.        ]
 [ 0.12288829  0.         -0.99242051]]",XD2arc_2R8,Sextupole,True,XD2arc,0.1,0.1,96.85924654425214
311,-66.92320571981651,0.0,10.812529712546095,-3.018392941598039,0.0,0.0,[-0.99242051  0.          0.12288829],[0. 1. 0.],[-0.12288829  0.         -0.99242051],[-66.92320572   0.          10.81252971],"[[-0.99242051  0.         -0.12288829]
 [ 0.          1.          0.        ]
 [ 0.12288829  0.         -0.99242051]]",[-66.92320572   0.          10.81252971],"[[-0.99242051  0.         -0.12288829]
 [ 0.          1.          0.        ]
 [ 0.12288829  0.         -0.99242051]]",Drarc..1094,DriftSlice,True,,0.20000000000000273,0.20000000000000273,96.95924654425214
312,-66.94778337796657,0.0,10.614045610613825,-3.018392941598039,0.0,0.0,[-0.99242051  0.          0.12288829],[0. 1. 0.],[-0.12288829  0.         -0.99242051],[-66.94778338   0.          10.61404561],"[[-0.99242051  0.         -0.12288829]
 [ 0.          1.          0.        ]
 [ 0.12288829  0.         -0.99242051]]",[-66.94778338   0.          10.61404561],"[[-0.99242051  0.         -0.12288829]
 [ 0.          1.          0.        ]
 [ 0.12288829  0.         -0.99242051]]",QDA_M2R8,Quadrupole,True,QDarcM,0.3,0.3,97.15924654425214
313,-66.98464986519167,0.0,10.316319457715425,-3.018392941598039,0.0,0.0,[-0.99242051  0.          0.12288829],[0. 1. 0.],[-0.12288829  0.         -0.99242051],[-66.98464987   0.          10.31631946],"[[-0.99242051  0.         -0.12288829]
 [ 0.          1.          0.        ]
 [ 0.12288829  0.         -0.99242051]]",[-66.98464987   0.          10.31631946],"[[-0.99242051  0.         -0.12288829]
 [ 0.          1.          0.        ]
 [ 0.12288829  0.         -0.99242051]]",Drarc::49,Drift,True,,0.4999999999999999,0.4999999999999999,97.45924654425214
314,-67.04609401056683,0.0,9.820109202884758,-3.018392941598039,0.0,0.0,[-0.99242051  0.          0.12288829],[0. 1. 0.],[-0.12288829  0.         -0.99242051],[-67.04609401   0.           9.8201092 ],"[[-0.99242051  0.         -0.12288829]
 [ 0.          1.          0.        ]
 [ 0.12288829  0.         -0.99242051]]",[-67.04609401   0.           9.8201092 ],"[[-0.99242051  0.         -0.12288829]
 [ 0.          1.          0.        ]
 [ 0.12288829  0.         -0.99242051]]",Bend2_2R8,Bend,True,Bend,0.4,0.4,97.95924654425214
315,-67.08299551939382,0.0,9.421878501973207,-3.079992797549019,0.0,0.0,[-0.99810333  0.          0.06156091],[0. 1. 0.],[-0.06156091  0.         -0.99810333],[-67.08299552   0.           9.4218785 ],"[[-0.99810333  0.         -0.06156091]
 [ 0.          1.          0.        ]
 [ 0.06156091  0.         -0.99810333]]",[-67.08299552   0.           9.4218785 ],"[[-0.99810333  0.         -0.06156091]
 [ 0.          1.          0.        ]
 [ 0.06156091  0.         -0.99810333]]",DrarcS..36,DriftSlice,True,,0.20000000000000284,0.20000000000000284,98.35924654425214
316,-67.09530770063819,0.0,9.222257836226879,-3.079992797549019,0.0,0.0,[-0.99810333  0.          0.06156091],[0. 1. 0.],[-0.06156091  0.         -0.99810333],[-67.0953077    0.           9.22225784],"[[-0.99810333  0.         -0.06156091]
 [ 0.          1.          0.        ]
 [ 0.06156091  0.         -0.99810333]]",[-67.0953077    0.           9.22225784],"[[-0.99810333  0.         -0.06156091]
 [ 0.          1.          0.        ]
 [ 0.06156091  0.         -0.99810333]]",XF2arc_2R,Sextupole,True,XF2arc,0.1,0.1,98.55924654425215
317,-67.10146379126037,0.0,9.122447503353717,-3.079992797549019,0.0,0.0,[-0.99810333  0.          0.06156091],[0. 1. 0.],[-0.06156091  0.         -0.99810333],[-67.10146379   0.           9.1224475 ],"[[-0.99810333  0.         -0.06156091]
 [ 0.          1.          0.        ]
 [ 0.06156091  0.         -0.99810333]]",[-67.10146379   0.           9.1224475 ],"[[-0.99810333  0.         -0.06156091]
 [ 0.          1.          0.        ]
 [ 0.06156091  0.         -0.99810333]]",DrarcS..38,DriftSlice,True,,0.20000000000000273,0.20000000000000273,98.65924654425214
318,-67.11377597250474,0.0,8.92282683760739,-3.079992797549019,0.0,0.0,[-0.99810333  0.          0.06156091],[0. 1. 0.],[-0.06156091  0.         -0.99810333],[-67.11377597   0.           8.92282684],"[[-0.99810333  0.         -0.06156091]
 [ 0.          1.          0.        ]
 [ 0.06156091  0.         -0.99810333]]",[-67.11377597   0.           8.92282684],"[[-0.99810333  0.         -0.06156091]
 [ 0.          1.          0.        ]
 [ 0.06156091  0.         -0.99810333]]",QFDS_2R,Quadrupole,True,QFDS,0.3,0.3,98.85924654425214
319,-67.13224424437128,0.0,8.623395838987904,-3.079992797549019,0.0,0.0,[-0.99810333  0.          0.06156091],[0. 1. 0.],[-0.06156091  0.         -0.99810333],[-67.13224424   0.           8.62339584],"[[-0.99810333  0.         -0.06156091]
 [ 0.          1.          0.        ]
 [ 0.06156091  0.         -0.99810333]]",[-67.13224424   0.           8.62339584],"[[-0.99810333  0.         -0.06156091]
 [ 0.          1.          0.        ]
 [ 0.06156091  0.         -0.99810333]]",DrDSL..150,DriftSlice,True,,1.9650000000000034,1.9650000000000034,99.15924654425214
320,-67.25321142509713,0.0,6.662122798030257,-3.079992797549019,0.0,0.0,[-0.99810333  0.          0.06156091],[0. 1. 0.],[-0.06156091  0.         -0.99810333],[-67.25321143   0.           6.6621228 ],"[[-0.99810333  0.         -0.06156091]
 [ 0.          1.          0.        ]
 [ 0.06156091  0.         -0.99810333]]",[-67.25321143   0.           6.6621228 ],"[[-0.99810333  0.         -0.06156091]
 [ 0.          1.          0.        ]
 [ 0.06156091  0.         -0.99810333]]",QDDoubDS_2R,Quadrupole,True,,0.3,0.3,101.12424654425214
321,-67.27167969696367,0.0,6.3626917994107695,-3.079992797549019,0.0,0.0,[-0.99810333  0.          0.06156091],[0. 1. 0.],[-0.06156091  0.         -0.99810333],[-67.2716797   0.          6.3626918],"[[-0.99810333  0.         -0.06156091]
 [ 0.          1.          0.        ]
 [ 0.06156091  0.         -0.99810333]]",[-67.2716797   0.          6.3626918],"[[-0.99810333  0.         -0.06156091]
 [ 0.          1.          0.        ]
 [ 0.06156091  0.         -0.99810333]]",DrDSL..152,DriftSlice,True,,0.08499999999998487,0.08499999999998487,101.42424654425214
322,-67.27691237399253,0.0,6.277853016468597,-3.079992797549019,0.0,0.0,[-0.99810333  0.          0.06156091],[0. 1. 0.],[-0.06156091  0.         -0.99810333],[-67.27691237   0.           6.27785302],"[[-0.99810333  0.         -0.06156091]
 [ 0.          1.          0.        ]
 [ 0.06156091  0.         -0.99810333]]",[-67.27691237   0.           6.27785302],"[[-0.99810333  0.         -0.06156091]
 [ 0.          1.          0.        ]
 [ 0.06156091  0.         -0.99810333]]",QDDS_2R,Quadrupole,True,QDDS,0.3,0.3,101.50924654425212
323,-67.29538064585907,0.0,5.978422017849109,-3.079992797549019,0.0,0.0,[-0.99810333  0.          0.06156091],[0. 1. 0.],[-0.06156091  0.         -0.99810333],[-67.29538065   0.           5.97842202],"[[-0.99810333  0.         -0.06156091]
 [ 0.          1.          0.        ]
 [ 0.06156091  0.         -0.99810333]]",[-67.29538065   0.           5.97842202],"[[-0.99810333  0.         -0.06156091]
 [ 0.          1.          0.        ]
 [ 0.06156091  0.         -0.99810333]]",Drarc::50,Drift,True,,0.4999999999999999,0.4999999999999999,101.80924654425212
324,-67.32616109896998,0.0,5.479370353483296,-3.079992797549019,0.0,0.0,[-0.99810333  0.          0.06156091],[0. 1. 0.],[-0.06156091  0.         -0.99810333],[-67.3261611    0.           5.47937035],"[[-0.99810333  0.         -0.06156091]
 [ 0.          1.          0.        ]
 [ 0.06156091  0.         -0.99810333]]",[-67.3261611    0.           5.47937035],"[[-0.99810333  0.         -0.06156091]
 [ 0.          1.          0.        ]
 [ 0.06156091  0.         -0.99810333]]",BendDS_2R,Bend,True,BendDS,0.4,0.4,102.30924654425212
325,-67.33847717496785,0.0,5.079623274977114,-3.1415926534999996,0.0,0.0,[-1.00000000e+00  0.00000000e+00  8.97933454e-11],[0. 1. 0.],[-8.97935789e-11  0.00000000e+00 -1.00000000e+00],[-67.33847717   0.           5.07962327],"[[-1.00000000e+00  0.00000000e+00 -8.97935789e-11]
 [ 0.00000000e+00  1.00000000e+00  0.00000000e+00]
 [ 8.97933454e-11  0.00000000e+00 -1.00000000e+00]]",[-67.33847717   0.           5.07962327],"[[-1.00000000e+00  0.00000000e+00 -8.97935789e-11]
 [ 0.00000000e+00  1.00000000e+00  0.00000000e+00]
 [ 8.97933454e-11  0.00000000e+00 -1.00000000e+00]]",DrTrans::2,Drift,True,,0.7459011889636644,0.7459011889636644,102.70924654425212
326,-67.33847717503482,0.0,4.3337220860134495,-3.1415926534999996,0.0,0.0,[-1.00000000e+00  0.00000000e+00  8.97933454e-11],[0. 1. 0.],[-8.97935789e-11  0.00000000e+00 -1.00000000e+00],[-67.33847718   0.           4.33372209],"[[-1.00000000e+00  0.00000000e+00 -8.97935789e-11]
 [ 0.00000000e+00  1.00000000e+00  0.00000000e+00]
 [ 8.97933454e-11  0.00000000e+00 -1.00000000e+00]]",[-67.33847718   0.           4.33372209],"[[-1.00000000e+00  0.00000000e+00 -8.97935789e-11]
 [ 0.00000000e+00  1.00000000e+00  0.00000000e+00]
 [ 8.97933454e-11  0.00000000e+00 -1.00000000e+00]]",QFDoub_2R,Quadrupole,True,QFDoub,0.3,0.3,103.4551477332158
327,-67.33847717506177,0.0,4.03372208601345,-3.1415926534999996,0.0,0.0,[-1.00000000e+00  0.00000000e+00  8.97933454e-11],[0. 1. 0.],[-8.97935789e-11  0.00000000e+00 -1.00000000e+00],[-67.33847718   0.           4.03372209],"[[-1.00000000e+00  0.00000000e+00 -8.97935789e-11]
 [ 0.00000000e+00  1.00000000e+00  0.00000000e+00]
 [ 8.97933454e-11  0.00000000e+00 -1.00000000e+00]]",[-67.33847718   0.           4.03372209],"[[-1.00000000e+00  0.00000000e+00 -8.97935789e-11]
 [ 0.00000000e+00  1.00000000e+00  0.00000000e+00]
 [ 8.97933454e-11  0.00000000e+00 -1.00000000e+00]]",DrDoub::2,Drift,True,,0.0683955913414822,0.0683955913414822,103.7551477332158
328,-67.33847717506791,0.0,3.9653264946719675,-3.1415926534999996,0.0,0.0,[-1.00000000e+00  0.00000000e+00  8.97933454e-11],[0. 1. 0.],[-8.97935789e-11  0.00000000e+00 -1.00000000e+00],[-67.33847718   0.           3.96532649],"[[-1.00000000e+00  0.00000000e+00 -8.97935789e-11]
 [ 0.00000000e+00  1.00000000e+00  0.00000000e+00]
 [ 8.97933454e-11  0.00000000e+00 -1.00000000e+00]]",[-67.33847718   0.           3.96532649],"[[-1.00000000e+00  0.00000000e+00 -8.97935789e-11]
 [ 0.00000000e+00  1.00000000e+00  0.00000000e+00]
 [ 8.97933454e-11  0.00000000e+00 -1.00000000e+00]]",QDDoub_2R,Quadrupole,True,QDDoub,0.3,0.3,103.82354332455728
329,-67.33847717509485,0.0,3.6653264946719677,-3.1415926534999996,0.0,0.0,[-1.00000000e+00  0.00000000e+00  8.97933454e-11],[0. 1. 0.],[-8.97935789e-11  0.00000000e+00 -1.00000000e+00],[-67.33847718   0.           3.66532649],"[[-1.00000000e+00  0.00000000e+00 -8.97935789e-11]
 [ 0.00000000e+00  1.00000000e+00  0.00000000e+00]
 [ 8.97933454e-11  0.00000000e+00 -1.00000000e+00]]",[-67.33847718   0.           3.66532649],"[[-1.00000000e+00  0.00000000e+00 -8.97935789e-11]
 [ 0.00000000e+00  1.00000000e+00  0.00000000e+00]
 [ 8.97933454e-11  0.00000000e+00 -1.00000000e+00]]",DrTripl::1,Drift,True,,2.5,2.5,104.12354332455728
330,-67.33847717531934,0.0,1.1653264946719673,-3.1415926534999996,0.0,0.0,[-1.00000000e+00  0.00000000e+00  8.97933454e-11],[0. 1. 0.],[-8.97935789e-11  0.00000000e+00 -1.00000000e+00],[-67.33847718   0.           1.16532649],"[[-1.00000000e+00  0.00000000e+00 -8.97935789e-11]
 [ 0.00000000e+00  1.00000000e+00  0.00000000e+00]
 [ 8.97933454e-11  0.00000000e+00 -1.00000000e+00]]",[-67.33847718   0.           1.16532649],"[[-1.00000000e+00  0.00000000e+00 -8.97935789e-11]
 [ 0.00000000e+00  1.00000000e+00  0.00000000e+00]
 [ 8.97933454e-11  0.00000000e+00 -1.00000000e+00]]",QDTrip_2R1,Quadrupole,True,QDtr,0.3,0.3,106.62354332455728
331,-67.33847717534628,0.0,0.8653264946719672,-3.1415926534999996,0.0,0.0,[-1.00000000e+00  0.00000000e+00  8.97933454e-11],[0. 1. 0.],[-8.97935789e-11  0.00000000e+00 -1.00000000e+00],[-67.33847718   0.           0.86532649],"[[-1.00000000e+00  0.00000000e+00 -8.97935789e-11]
 [ 0.00000000e+00  1.00000000e+00  0.00000000e+00]
 [ 8.97933454e-11  0.00000000e+00 -1.00000000e+00]]",[-67.33847718   0.           0.86532649],"[[-1.00000000e+00  0.00000000e+00 -8.97935789e-11]
 [ 0.00000000e+00  1.00000000e+00  0.00000000e+00]
 [ 8.97933454e-11  0.00000000e+00 -1.00000000e+00]]",DrTrips::2,Drift,True,,0.5653264918208467,0.5653264918208467,106.92354332455727
332,-67.33847717539705,0.0,0.3000000028511204,-3.1415926534999996,0.0,0.0,[-1.00000000e+00  0.00000000e+00  8.97933454e-11],[0. 1. 0.],[-8.97935789e-11  0.00000000e+00 -1.00000000e+00],[-67.33847718   0.           0.3       ],"[[-1.00000000e+00  0.00000000e+00 -8.97935789e-11]
 [ 0.00000000e+00  1.00000000e+00  0.00000000e+00]
 [ 8.97933454e-11  0.00000000e+00 -1.00000000e+00]]",[-67.33847718   0.           0.3       ],"[[-1.00000000e+00  0.00000000e+00 -8.97935789e-11]
 [ 0.00000000e+00  1.00000000e+00  0.00000000e+00]
 [ 8.97933454e-11  0.00000000e+00 -1.00000000e+00]]",QFTripC_3L2,Quadrupole,True,QFtr,0.3,0.3,107.48886981637811
333,-67.33847717542399,0.0,2.8511203398196017e-09,-3.1415926534999996,0.0,0.0,[-1.00000000e+00  0.00000000e+00  8.97933454e-11],[0. 1. 0.],[-8.97935789e-11  0.00000000e+00 -1.00000000e+00],[-6.73384772e+01  0.00000000e+00  2.85112034e-09],"[[-1.00000000e+00  0.00000000e+00 -8.97935789e-11]
 [ 0.00000000e+00  1.00000000e+00  0.00000000e+00]
 [ 8.97933454e-11  0.00000000e+00 -1.00000000e+00]]",[-6.73384772e+01  0.00000000e+00  2.85112034e-09],"[[-1.00000000e+00  0.00000000e+00 -8.97935789e-11]
 [ 0.00000000e+00  1.00000000e+00  0.00000000e+00]
 [ 8.97933454e-11  0.00000000e+00 -1.00000000e+00]]",DrTrips::3,Drift,True,,0.5653264918208467,0.5653264918208467,107.78886981637811
334,-67.33847717547475,0.0,-0.5653264889697265,-3.1415926534999996,0.0,0.0,[-1.00000000e+00  0.00000000e+00  8.97933454e-11],[0. 1. 0.],[-8.97935789e-11  0.00000000e+00 -1.00000000e+00],[-67.33847718   0.          -0.56532649],"[[-1.00000000e+00  0.00000000e+00 -8.97935789e-11]
 [ 0.00000000e+00  1.00000000e+00  0.00000000e+00]
 [ 8.97933454e-11  0.00000000e+00 -1.00000000e+00]]",[-67.33847718   0.          -0.56532649],"[[-1.00000000e+00  0.00000000e+00 -8.97935789e-11]
 [ 0.00000000e+00  1.00000000e+00  0.00000000e+00]
 [ 8.97933454e-11  0.00000000e+00 -1.00000000e+00]]",QDTrip_3L1,Quadrupole,True,QDtr,0.3,0.3,108.35419630819895
335,-67.3384771755017,0.0,-0.8653264889697265,-3.1415926534999996,0.0,0.0,[-1.00000000e+00  0.00000000e+00  8.97933454e-11],[0. 1. 0.],[-8.97935789e-11  0.00000000e+00 -1.00000000e+00],[-67.33847718   0.          -0.86532649],"[[-1.00000000e+00  0.00000000e+00 -8.97935789e-11]
 [ 0.00000000e+00  1.00000000e+00  0.00000000e+00]
 [ 8.97933454e-11  0.00000000e+00 -1.00000000e+00]]",[-67.33847718   0.          -0.86532649],"[[-1.00000000e+00  0.00000000e+00 -8.97935789e-11]
 [ 0.00000000e+00  1.00000000e+00  0.00000000e+00]
 [ 8.97933454e-11  0.00000000e+00 -1.00000000e+00]]",DrTripl::2,Drift,True,,2.5,2.5,108.65419630819895
336,-67.33847717572618,0.0,-3.365326488969727,-3.1415926534999996,0.0,0.0,[-1.00000000e+00  0.00000000e+00  8.97933454e-11],[0. 1. 0.],[-8.97935789e-11  0.00000000e+00 -1.00000000e+00],[-67.33847718   0.          -3.36532649],"[[-1.00000000e+00  0.00000000e+00 -8.97935789e-11]
 [ 0.00000000e+00  1.00000000e+00  0.00000000e+00]
 [ 8.97933454e-11  0.00000000e+00 -1.00000000e+00]]",[-67.33847718   0.          -3.36532649],"[[-1.00000000e+00  0.00000000e+00 -8.97935789e-11]
 [ 0.00000000e+00  1.00000000e+00  0.00000000e+00]
 [ 8.97933454e-11  0.00000000e+00 -1.00000000e+00]]",QDDoub_3L,Quadrupole,True,QDDoub,0.3,0.3,111.15419630819895
337,-67.33847717575313,0.0,-3.6653264889697272,-3.1415926534999996,0.0,0.0,[-1.00000000e+00  0.00000000e+00  8.97933454e-11],[0. 1. 0.],[-8.97935789e-11  0.00000000e+00 -1.00000000e+00],[-67.33847718   0.          -3.66532649],"[[-1.00000000e+00  0.00000000e+00 -8.97935789e-11]
 [ 0.00000000e+00  1.00000000e+00  0.00000000e+00]
 [ 8.97933454e-11  0.00000000e+00 -1.00000000e+00]]",[-67.33847718   0.          -3.66532649],"[[-1.00000000e+00  0.00000000e+00 -8.97935789e-11]
 [ 0.00000000e+00  1.00000000e+00  0.00000000e+00]
 [ 8.97933454e-11  0.00000000e+00 -1.00000000e+00]]",DrDoub::3,Drift,True,,0.0683955913414822,0.0683955913414822,111.45419630819895
338,-67.33847717575927,0.0,-3.7337220803112094,-3.1415926534999996,0.0,0.0,[-1.00000000e+00  0.00000000e+00  8.97933454e-11],[0. 1. 0.],[-8.97935789e-11  0.00000000e+00 -1.00000000e+00],[-67.33847718   0.          -3.73372208],"[[-1.00000000e+00  0.00000000e+00 -8.97935789e-11]
 [ 0.00000000e+00  1.00000000e+00  0.00000000e+00]
 [ 8.97933454e-11  0.00000000e+00 -1.00000000e+00]]",[-67.33847718   0.          -3.73372208],"[[-1.00000000e+00  0.00000000e+00 -8.97935789e-11]
 [ 0.00000000e+00  1.00000000e+00  0.00000000e+00]
 [ 8.97933454e-11  0.00000000e+00 -1.00000000e+00]]",QFDoub_3L,Quadrupole,True,QFDoub,0.3,0.3,111.52259189954043
339,-67.33847717578621,0.0,-4.033722080311209,-3.1415926534999996,0.0,0.0,[-1.00000000e+00  0.00000000e+00  8.97933454e-11],[0. 1. 0.],[-8.97935789e-11  0.00000000e+00 -1.00000000e+00],[-67.33847718   0.          -4.03372208],"[[-1.00000000e+00  0.00000000e+00 -8.97935789e-11]
 [ 0.00000000e+00  1.00000000e+00  0.00000000e+00]
 [ 8.97933454e-11  0.00000000e+00 -1.00000000e+00]]",[-67.33847718   0.          -4.03372208],"[[-1.00000000e+00  0.00000000e+00 -8.97935789e-11]
 [ 0.00000000e+00  1.00000000e+00  0.00000000e+00]
 [ 8.97933454e-11  0.00000000e+00 -1.00000000e+00]]",DrTrans::3,Drift,True,,0.7459011889636644,0.7459011889636644,111.82259189954043
340,-67.33847717585319,0.0,-4.7796232692748735,-3.1415926534999996,0.0,0.0,[-1.00000000e+00  0.00000000e+00  8.97933454e-11],[0. 1. 0.],[-8.97935789e-11  0.00000000e+00 -1.00000000e+00],[-67.33847718   0.          -4.77962327],"[[-1.00000000e+00  0.00000000e+00 -8.97935789e-11]
 [ 0.00000000e+00  1.00000000e+00  0.00000000e+00]
 [ 8.97933454e-11  0.00000000e+00 -1.00000000e+00]]",[-67.33847718   0.          -4.77962327],"[[-1.00000000e+00  0.00000000e+00 -8.97935789e-11]
 [ 0.00000000e+00  1.00000000e+00  0.00000000e+00]
 [ 8.97933454e-11  0.00000000e+00 -1.00000000e+00]]",BendDS_3L,Bend,True,BendDS,0.4,0.4,112.5684930885041
341,-67.3261610999271,0.0,-5.1793703477832675,-3.2031925094509797,0.0,0.0,[-0.99810333  0.         -0.06156091],[0. 1. 0.],[ 0.06156091  0.         -0.99810333],[-67.3261611    0.          -5.17937035],"[[-0.99810333  0.          0.06156091]
 [ 0.          1.          0.        ]
 [-0.06156091  0.         -0.99810333]]",[-67.3261611    0.          -5.17937035],"[[-0.99810333  0.          0.06156091]
 [ 0.          1.          0.        ]
 [-0.06156091  0.         -0.99810333]]",Drarc::51,Drift,True,,0.4999999999999999,0.4999999999999999,112.9684930885041
342,-67.29538064690583,0.0,-5.678422012154607,-3.2031925094509797,0.0,0.0,[-0.99810333  0.         -0.06156091],[0. 1. 0.],[ 0.06156091  0.         -0.99810333],[-67.29538065   0.          -5.67842201],"[[-0.99810333  0.          0.06156091]
 [ 0.          1.          0.        ]
 [-0.06156091  0.         -0.99810333]]",[-67.29538065   0.          -5.67842201],"[[-0.99810333  0.          0.06156091]
 [ 0.          1.          0.        ]
 [-0.06156091  0.         -0.99810333]]",QDDS_3L,Quadrupole,True,QDDS,0.3,0.3,113.4684930885041
343,-67.27691237509306,0.0,-5.9778530107774115,-3.2031925094509797,0.0,0.0,[-0.99810333  0.         -0.06156091],[0. 1. 0.],[ 0.06156091  0.         -0.99810333],[-67.27691238   0.          -5.97785301],"[[-0.99810333  0.          0.06156091]
 [ 0.          1.          0.        ]
 [-0.06156091  0.         -0.99810333]]",[-67.27691238   0.          -5.97785301],"[[-0.99810333  0.          0.06156091]
 [ 0.          1.          0.        ]
 [-0.06156091  0.         -0.99810333]]",DrDSL..153,DriftSlice,True,,0.08499999999997954,0.08499999999997954,113.7684930885041
344,-67.27167969807944,0.0,-6.062691793720519,-3.2031925094509797,0.0,0.0,[-0.99810333  0.         -0.06156091],[0. 1. 0.],[ 0.06156091  0.         -0.99810333],[-67.2716797    0.          -6.06269179],"[[-0.99810333  0.          0.06156091]
 [ 0.          1.          0.        ]
 [-0.06156091  0.         -0.99810333]]",[-67.2716797    0.          -6.06269179],"[[-0.99810333  0.          0.06156091]
 [ 0.          1.          0.        ]
 [-0.06156091  0.         -0.99810333]]",QDDoubDS_3L,Quadrupole,True,,0.3,0.3,113.85349308850408
345,-67.25321142626667,0.0,-6.362122792343323,-3.2031925094509797,0.0,0.0,[-0.99810333  0.         -0.06156091],[0. 1. 0.],[ 0.06156091  0.         -0.99810333],[-67.25321143   0.          -6.36212279],"[[-0.99810333  0.          0.06156091]
 [ 0.          1.          0.        ]
 [-0.06156091  0.         -0.99810333]]",[-67.25321143   0.          -6.36212279],"[[-0.99810333  0.          0.06156091]
 [ 0.          1.          0.        ]
 [-0.06156091  0.         -0.99810333]]",DrDSL..155,DriftSlice,True,,1.9650000000000087,1.9650000000000087,114.15349308850408
346,-67.13224424589303,0.0,-8.3233958333227,-3.2031925094509797,0.0,0.0,[-0.99810333  0.         -0.06156091],[0. 1. 0.],[ 0.06156091  0.         -0.99810333],[-67.13224425   0.          -8.32339583],"[[-0.99810333  0.          0.06156091]
 [ 0.          1.          0.        ]
 [-0.06156091  0.         -0.99810333]]",[-67.13224425   0.          -8.32339583],"[[-0.99810333  0.          0.06156091]
 [ 0.          1.          0.        ]
 [-0.06156091  0.         -0.99810333]]",QFDS_3L,Quadrupole,True,QFDS,0.3,0.3,116.11849308850408
347,-67.11377597408027,0.0,-8.622826831945504,-3.2031925094509797,0.0,0.0,[-0.99810333  0.         -0.06156091],[0. 1. 0.],[ 0.06156091  0.         -0.99810333],[-67.11377597   0.          -8.62282683],"[[-0.99810333  0.          0.06156091]
 [ 0.          1.          0.        ]
 [-0.06156091  0.         -0.99810333]]",[-67.11377597   0.          -8.62282683],"[[-0.99810333  0.          0.06156091]
 [ 0.          1.          0.        ]
 [-0.06156091  0.         -0.99810333]]",DrarcS..45,DriftSlice,True,,0.20000000000000284,0.20000000000000284,116.41849308850408
348,-67.10146379287175,0.0,-8.822447497694043,-3.2031925094509797,0.0,0.0,[-0.99810333  0.         -0.06156091],[0. 1. 0.],[ 0.06156091  0.         -0.99810333],[-67.10146379   0.          -8.8224475 ],"[[-0.99810333  0.          0.06156091]
 [ 0.          1.          0.        ]
 [-0.06156091  0.         -0.99810333]]",[-67.10146379   0.          -8.8224475 ],"[[-0.99810333  0.          0.06156091]
 [ 0.          1.          0.        ]
 [-0.06156091  0.         -0.99810333]]",XF2arc_3L,Sextupole,True,XF2arc,0.1,0.1,116.61849308850408
349,-67.0953077022675,0.0,-8.922257830568311,-3.2031925094509797,0.0,0.0,[-0.99810333  0.         -0.06156091],[0. 1. 0.],[ 0.06156091  0.         -0.99810333],[-67.0953077    0.          -8.92225783],"[[-0.99810333  0.          0.06156091]
 [ 0.          1.          0.        ]
 [-0.06156091  0.         -0.99810333]]",[-67.0953077    0.          -8.92225783],"[[-0.99810333  0.          0.06156091]
 [ 0.          1.          0.        ]
 [-0.06156091  0.         -0.99810333]]",DrarcS..47,DriftSlice,True,,0.20000000000000273,0.20000000000000273,116.71849308850408
350,-67.08299552105899,0.0,-9.12187849631685,-3.2031925094509797,0.0,0.0,[-0.99810333  0.         -0.06156091],[0. 1. 0.],[ 0.06156091  0.         -0.99810333],[-67.08299552   0.          -9.1218785 ],"[[-0.99810333  0.          0.06156091]
 [ 0.          1.          0.        ]
 [-0.06156091  0.         -0.99810333]]",[-67.08299552   0.          -9.1218785 ],"[[-0.99810333  0.          0.06156091]
 [ 0.          1.          0.        ]
 [-0.06156091  0.         -0.99810333]]",Bend2_3L8,Bend,True,Bend,0.4,0.4,116.91849308850408
351,-67.04609401230351,0.0,-9.520109197235028,-3.26479236540196,0.0,0.0,[-0.99242051  0.         -0.12288829],[0. 1. 0.],[ 0.12288829  0.         -0.99242051],[-67.04609401   0.          -9.5201092 ],"[[-0.99242051  0.          0.12288829]
 [ 0.          1.          0.        ]
 [-0.12288829  0.         -0.99242051]]",[-67.04609401   0.          -9.5201092 ],"[[-0.99242051  0.          0.12288829]
 [ 0.          1.          0.        ]
 [-0.12288829  0.         -0.99242051]]",Drarc::52,Drift,True,,0.4999999999999999,0.4999999999999999,117.31849308850408
352,-66.98464986701745,0.0,-10.01631945207673,-3.26479236540196,0.0,0.0,[-0.99242051  0.         -0.12288829],[0. 1. 0.],[ 0.12288829  0.         -0.99242051],[-66.98464987   0.         -10.01631945],"[[-0.99242051  0.          0.12288829]
 [ 0.          1.          0.        ]
 [-0.12288829  0.         -0.99242051]]",[-66.98464987   0.         -10.01631945],"[[-0.99242051  0.          0.12288829]
 [ 0.          1.          0.        ]
 [-0.12288829  0.         -0.99242051]]",QDA_M3L8,Quadrupole,True,QDarcM,0.3,0.3,117.81849308850408
353,-66.94778337984582,0.0,-10.31404560498175,-3.26479236540196,0.0,0.0,[-0.99242051  0.         -0.12288829],[0. 1. 0.],[ 0.12288829  0.         -0.99242051],[-66.94778338   0.         -10.3140456 ],"[[-0.99242051  0.          0.12288829]
 [ 0.          1.          0.        ]
 [-0.12288829  0.         -0.99242051]]",[-66.94778338   0.         -10.3140456 ],"[[-0.99242051  0.          0.12288829]
 [ 0.          1.          0.        ]
 [-0.12288829  0.         -0.99242051]]",Drarc..1185,DriftSlice,True,,0.20000000000001705,0.20000000000001705,118.11849308850408
354,-66.92320572173139,0.0,-10.512529706918448,-3.26479236540196,0.0,0.0,[-0.99242051  0.         -0.12288829],[0. 1. 0.],[ 0.12288829  0.         -0.99242051],[-66.92320572   0.         -10.51252971],"[[-0.99242051  0.          0.12288829]
 [ 0.          1.          0.        ]
 [-0.12288829  0.         -0.99242051]]",[-66.92320572   0.         -10.51252971],"[[-0.99242051  0.          0.12288829]
 [ 0.          1.          0.        ]
 [-0.12288829  0.         -0.99242051]]",XD2arc_3L8,Sextupole,True,XD2arc,0.1,0.1,118.3184930885041
355,-66.91091689267418,0.0,-10.611771757886789,-3.26479236540196,0.0,0.0,[-0.99242051  0.         -0.12288829],[0. 1. 0.],[ 0.12288829  0.         -0.99242051],[-66.91091689   0.         -10.61177176],"[[-0.99242051  0.          0.12288829]
 [ 0.          1.          0.        ]
 [-0.12288829  0.         -0.99242051]]",[-66.91091689   0.         -10.61177176],"[[-0.99242051  0.          0.12288829]
 [ 0.          1.          0.        ]
 [-0.12288829  0.         -0.99242051]]",Drarc..1187,DriftSlice,True,,0.19999999999998852,0.19999999999998852,118.41849308850409
356,-66.88633923455976,0.0,-10.810255859823458,-3.26479236540196,0.0,0.0,[-0.99242051  0.         -0.12288829],[0. 1. 0.],[ 0.12288829  0.         -0.99242051],[-66.88633923   0.         -10.81025586],"[[-0.99242051  0.          0.12288829]
 [ 0.          1.          0.        ]
 [-0.12288829  0.         -0.99242051]]",[-66.88633923   0.         -10.81025586],"[[-0.99242051  0.          0.12288829]
 [ 0.          1.          0.        ]
 [-0.12288829  0.         -0.99242051]]",Bend1_3L8,Bend,True,Bend,0.4,0.4,118.61849308850408
357,-66.82499227303732,0.0,-11.205459557698589,-3.3263922213529407,0.0,0.0,[-0.9829731   0.         -0.18374952],[0. 1. 0.],[ 0.18374952  0.         -0.9829731 ],[-66.82499227   0.         -11.20545956],"[[-0.9829731   0.          0.18374952]
 [ 0.          1.          0.        ]
 [-0.18374952  0.         -0.9829731 ]]",[-66.82499227   0.         -11.20545956],"[[-0.9829731   0.          0.18374952]
 [ 0.          1.          0.        ]
 [-0.18374952  0.         -0.9829731 ]]",Drarc::53,Drift,True,,0.4999999999999999,0.4999999999999999,119.01849308850409
358,-66.73311751417577,0.0,-11.696946107549275,-3.3263922213529407,0.0,0.0,[-0.9829731   0.         -0.18374952],[0. 1. 0.],[ 0.18374952  0.         -0.9829731 ],[-66.73311751   0.         -11.69694611],"[[-0.9829731   0.          0.18374952]
 [ 0.          1.          0.        ]
 [-0.18374952  0.         -0.9829731 ]]",[-66.73311751   0.         -11.69694611],"[[-0.9829731   0.          0.18374952]
 [ 0.          1.          0.        ]
 [-0.18374952  0.         -0.9829731 ]]",QFA_M3L7,Quadrupole,True,QFarcM,0.3,0.3,119.51849308850409
359,-66.67799265885884,0.0,-11.991838037459686,-3.3263922213529407,0.0,0.0,[-0.9829731   0.         -0.18374952],[0. 1. 0.],[ 0.18374952  0.         -0.9829731 ],[-66.67799266   0.         -11.99183804],"[[-0.9829731   0.          0.18374952]
 [ 0.          1.          0.        ]
 [-0.18374952  0.         -0.9829731 ]]",[-66.67799266   0.         -11.99183804],"[[-0.9829731   0.          0.18374952]
 [ 0.          1.          0.        ]
 [-0.18374952  0.         -0.9829731 ]]",Drarc..1227,DriftSlice,True,,0.20000000000000284,0.20000000000000284,119.81849308850408
360,-66.64124275531422,0.0,-12.188432657399964,-3.3263922213529407,0.0,0.0,[-0.9829731   0.         -0.18374952],[0. 1. 0.],[ 0.18374952  0.         -0.9829731 ],[-66.64124276   0.         -12.18843266],"[[-0.9829731   0.          0.18374952]
 [ 0.          1.          0.        ]
 [-0.18374952  0.         -0.9829731 ]]",[-66.64124276   0.         -12.18843266],"[[-0.9829731   0.          0.18374952]
 [ 0.          1.          0.        ]
 [-0.18374952  0.         -0.9829731 ]]",XF1arc_3L7,Sextupole,True,XF1arc,0.1,0.1,120.01849308850409
361,-66.62286780354191,0.0,-12.286729967370102,-3.3263922213529407,0.0,0.0,[-0.9829731   0.         -0.18374952],[0. 1. 0.],[ 0.18374952  0.         -0.9829731 ],[-66.6228678    0.         -12.28672997],"[[-0.9829731   0.          0.18374952]
 [ 0.          1.          0.        ]
 [-0.18374952  0.         -0.9829731 ]]",[-66.6228678    0.         -12.28672997],"[[-0.9829731   0.          0.18374952]
 [ 0.          1.          0.        ]
 [-0.18374952  0.         -0.9829731 ]]",Drarc..1229,DriftSlice,True,,0.20000000000000273,0.20000000000000273,120.11849308850408
362,-66.58611789999729,0.0,-12.48332458731038,-3.3263922213529407,0.0,0.0,[-0.9829731   0.         -0.18374952],[0. 1. 0.],[ 0.18374952  0.         -0.9829731 ],[-66.5861179    0.         -12.48332459],"[[-0.9829731   0.          0.18374952]
 [ 0.          1.          0.        ]
 [-0.18374952  0.         -0.9829731 ]]",[-66.5861179    0.         -12.48332459],"[[-0.9829731   0.          0.18374952]
 [ 0.          1.          0.        ]
 [-0.18374952  0.         -0.9829731 ]]",Bend2_3L7,Bend,True,Bend,0.4,0.4,120.31849308850408
363,-66.50055819574585,0.0,-12.874002139149002,-3.3879920773039207,0.0,0.0,[-0.96979694  0.         -0.24391372],[0. 1. 0.],[ 0.24391372  0.         -0.96979694],[-66.5005582    0.         -12.87400214],"[[-0.96979694  0.          0.24391372]
 [ 0.          1.          0.        ]
 [-0.24391372  0.         -0.96979694]]",[-66.5005582    0.         -12.87400214],"[[-0.96979694  0.          0.24391372]
 [ 0.          1.          0.        ]
 [-0.24391372  0.         -0.96979694]]",Drarc::54,Drift,True,,0.4999999999999999,0.4999999999999999,120.71849308850409
364,-66.37860133573862,0.0,-13.358900607178317,-3.3879920773039207,0.0,0.0,[-0.96979694  0.         -0.24391372],[0. 1. 0.],[ 0.24391372  0.         -0.96979694],[-66.37860134   0.         -13.35890061],"[[-0.96979694  0.          0.24391372]
 [ 0.          1.          0.        ]
 [-0.24391372  0.         -0.96979694]]",[-66.37860134   0.         -13.35890061],"[[-0.96979694  0.          0.24391372]
 [ 0.          1.          0.        ]
 [-0.24391372  0.         -0.96979694]]",QDA_3L7,Quadrupole,True,QDarc,0.3,0.3,121.21849308850409
365,-66.30542721973428,0.0,-13.649839687995906,-3.3879920773039207,0.0,0.0,[-0.96979694  0.         -0.24391372],[0. 1. 0.],[ 0.24391372  0.         -0.96979694],[-66.30542722   0.         -13.64983969],"[[-0.96979694  0.          0.24391372]
 [ 0.          1.          0.        ]
 [-0.24391372  0.         -0.96979694]]",[-66.30542722   0.         -13.64983969],"[[-0.96979694  0.          0.24391372]
 [ 0.          1.          0.        ]
 [-0.24391372  0.         -0.96979694]]",Drarc..1161,DriftSlice,True,,0.20000000000001705,0.20000000000001705,121.51849308850409
366,-66.25664447573139,0.0,-13.843799075207649,-3.3879920773039207,0.0,0.0,[-0.96979694  0.         -0.24391372],[0. 1. 0.],[ 0.24391372  0.         -0.96979694],[-66.25664448   0.         -13.84379908],"[[-0.96979694  0.          0.24391372]
 [ 0.          1.          0.        ]
 [-0.24391372  0.         -0.96979694]]",[-66.25664448   0.         -13.84379908],"[[-0.96979694  0.          0.24391372]
 [ 0.          1.          0.        ]
 [-0.24391372  0.         -0.96979694]]",XD1arc_3L7,Sextupole,True,XD1arc,0.1,0.1,121.7184930885041
367,-66.23225310372995,0.0,-13.940778768813512,-3.3879920773039207,0.0,0.0,[-0.96979694  0.         -0.24391372],[0. 1. 0.],[ 0.24391372  0.         -0.96979694],[-66.2322531    0.         -13.94077877],"[[-0.96979694  0.          0.24391372]
 [ 0.          1.          0.        ]
 [-0.24391372  0.         -0.96979694]]",[-66.2322531    0.         -13.94077877],"[[-0.96979694  0.          0.24391372]
 [ 0.          1.          0.        ]
 [-0.24391372  0.         -0.96979694]]",Drarc..1163,DriftSlice,True,,0.19999999999998852,0.19999999999998852,121.8184930885041
368,-66.18347035972705,0.0,-14.134738156025227,-3.3879920773039207,0.0,0.0,[-0.96979694  0.         -0.24391372],[0. 1. 0.],[ 0.24391372  0.         -0.96979694],[-66.18347036   0.         -14.13473816],"[[-0.96979694  0.          0.24391372]
 [ 0.          1.          0.        ]
 [-0.24391372  0.         -0.96979694]]",[-66.18347036   0.         -14.13473816],"[[-0.96979694  0.          0.24391372]
 [ 0.          1.          0.        ]
 [-0.24391372  0.         -0.96979694]]",Bend1_3L7,Bend,True,Bend,0.4,0.4,122.01849308850409
369,-66.07402247001124,0.0,-14.519407588056117,-3.449591933254901,0.0,0.0,[-0.952942    0.         -0.30315267],[0. 1. 0.],[ 0.30315267  0.         -0.952942  ],[-66.07402247   0.         -14.51940759],"[[-0.952942    0.          0.30315267]
 [ 0.          1.          0.        ]
 [-0.30315267  0.         -0.952942  ]]",[-66.07402247   0.         -14.51940759],"[[-0.952942    0.          0.30315267]
 [ 0.          1.          0.        ]
 [-0.30315267  0.         -0.952942  ]]",Drarc::55,Drift,True,,0.4999999999999999,0.4999999999999999,122.41849308850409
370,-65.9224461330017,0.0,-14.99587858828464,-3.449591933254901,0.0,0.0,[-0.952942    0.         -0.30315267],[0. 1. 0.],[ 0.30315267  0.         -0.952942  ],[-65.92244613   0.         -14.99587859],"[[-0.952942    0.          0.30315267]
 [ 0.          1.          0.        ]
 [-0.30315267  0.         -0.952942  ]]",[-65.92244613   0.         -14.99587859],"[[-0.952942    0.          0.30315267]
 [ 0.          1.          0.        ]
 [-0.30315267  0.         -0.952942  ]]",QFA_3L6,Quadrupole,True,QFarc,0.3,0.3,122.91849308850409
371,-65.83150033079598,0.0,-15.281761188421754,-3.449591933254901,0.0,0.0,[-0.952942    0.         -0.30315267],[0. 1. 0.],[ 0.30315267  0.         -0.952942  ],[-65.83150033   0.         -15.28176119],"[[-0.952942    0.          0.30315267]
 [ 0.          1.          0.        ]
 [-0.30315267  0.         -0.952942  ]]",[-65.83150033   0.         -15.28176119],"[[-0.952942    0.          0.30315267]
 [ 0.          1.          0.        ]
 [-0.30315267  0.         -0.952942  ]]",Drarc..1221,DriftSlice,True,,0.20000000000000284,0.20000000000000284,123.21849308850409
372,-65.77086979599216,0.0,-15.472349588513167,-3.449591933254901,0.0,0.0,[-0.952942    0.         -0.30315267],[0. 1. 0.],[ 0.30315267  0.         -0.952942  ],[-65.7708698    0.         -15.47234959],"[[-0.952942    0.          0.30315267]
 [ 0.          1.          0.        ]
 [-0.30315267  0.         -0.952942  ]]",[-65.7708698    0.         -15.47234959],"[[-0.952942    0.          0.30315267]
 [ 0.          1.          0.        ]
 [-0.30315267  0.         -0.952942  ]]",XF2arc_3L6,Sextupole,True,XF2arc,0.1,0.1,123.41849308850409
373,-65.74055452859025,0.0,-15.567643788558872,-3.449591933254901,0.0,0.0,[-0.952942    0.         -0.30315267],[0. 1. 0.],[ 0.30315267  0.         -0.952942  ],[-65.74055453   0.         -15.56764379],"[[-0.952942    0.          0.30315267]
 [ 0.          1.          0.        ]
 [-0.30315267  0.         -0.952942  ]]",[-65.74055453   0.         -15.56764379],"[[-0.952942    0.          0.30315267]
 [ 0.          1.          0.        ]
 [-0.30315267  0.         -0.952942  ]]",Drarc..1223,DriftSlice,True,,0.20000000000000273,0.20000000000000273,123.51849308850409
374,-65.67992399378643,0.0,-15.758232188650284,-3.449591933254901,0.0,0.0,[-0.952942    0.         -0.30315267],[0. 1. 0.],[ 0.30315267  0.         -0.952942  ],[-65.67992399   0.         -15.75823219],"[[-0.952942    0.          0.30315267]
 [ 0.          1.          0.        ]
 [-0.30315267  0.         -0.952942  ]]",[-65.67992399   0.         -15.75823219],"[[-0.952942    0.          0.30315267]
 [ 0.          1.          0.        ]
 [-0.30315267  0.         -0.952942  ]]",Bend2_3L6,Bend,True,Bend,0.4,0.4,123.71849308850409
375,-65.54700309194064,0.0,-16.135434317958584,-3.5111917892058817,0.0,0.0,[-0.93247223  0.         -0.36124167],[0. 1. 0.],[ 0.36124167  0.         -0.93247223],[-65.54700309   0.         -16.13543432],"[[-0.93247223  0.          0.36124167]
 [ 0.          1.          0.        ]
 [-0.36124167  0.         -0.93247223]]",[-65.54700309   0.         -16.13543432],"[[-0.93247223  0.          0.36124167]
 [ 0.          1.          0.        ]
 [-0.36124167  0.         -0.93247223]]",Drarc::56,Drift,True,,0.4999999999999999,0.4999999999999999,124.1184930885041
376,-65.36638225889385,0.0,-16.601670432678887,-3.5111917892058817,0.0,0.0,[-0.93247223  0.         -0.36124167],[0. 1. 0.],[ 0.36124167  0.         -0.93247223],[-65.36638226   0.         -16.60167043],"[[-0.93247223  0.          0.36124167]
 [ 0.          1.          0.        ]
 [-0.36124167  0.         -0.93247223]]",[-65.36638226   0.         -16.60167043],"[[-0.93247223  0.          0.36124167]
 [ 0.          1.          0.        ]
 [-0.36124167  0.         -0.93247223]]",QDA_3L6,Quadrupole,True,QDarc,0.3,0.3,124.6184930885041
377,-65.25800975906577,0.0,-16.88141210151107,-3.5111917892058817,0.0,0.0,[-0.93247223  0.         -0.36124167],[0. 1. 0.],[ 0.36124167  0.         -0.93247223],[-65.25800976   0.         -16.8814121 ],"[[-0.93247223  0.          0.36124167]
 [ 0.          1.          0.        ]
 [-0.36124167  0.         -0.93247223]]",[-65.25800976   0.         -16.8814121 ],"[[-0.93247223  0.          0.36124167]
 [ 0.          1.          0.        ]
 [-0.36124167  0.         -0.93247223]]",Drarc..1179,DriftSlice,True,,0.20000000000001705,0.20000000000001705,124.91849308850409
378,-65.18576142584705,0.0,-17.067906547399208,-3.5111917892058817,0.0,0.0,[-0.93247223  0.         -0.36124167],[0. 1. 0.],[ 0.36124167  0.         -0.93247223],[-65.18576143   0.         -17.06790655],"[[-0.93247223  0.          0.36124167]
 [ 0.          1.          0.        ]
 [-0.36124167  0.         -0.93247223]]",[-65.18576143   0.         -17.06790655],"[[-0.93247223  0.          0.36124167]
 [ 0.          1.          0.        ]
 [-0.36124167  0.         -0.93247223]]",XD2arc_3L6,Sextupole,True,XD2arc,0.1,0.1,125.11849308850411
379,-65.14963725923769,0.0,-17.16115377034327,-3.5111917892058817,0.0,0.0,[-0.93247223  0.         -0.36124167],[0. 1. 0.],[ 0.36124167  0.         -0.93247223],[-65.14963726   0.         -17.16115377],"[[-0.93247223  0.          0.36124167]
 [ 0.          1.          0.        ]
 [-0.36124167  0.         -0.93247223]]",[-65.14963726   0.         -17.16115377],"[[-0.93247223  0.          0.36124167]
 [ 0.          1.          0.        ]
 [-0.36124167  0.         -0.93247223]]",Drarc..1181,DriftSlice,True,,0.19999999999998852,0.19999999999998852,125.2184930885041
380,-65.07738892601898,0.0,-17.34764821623138,-3.5111917892058817,0.0,0.0,[-0.93247223  0.         -0.36124167],[0. 1. 0.],[ 0.36124167  0.         -0.93247223],[-65.07738893   0.         -17.34764822],"[[-0.93247223  0.          0.36124167]
 [ 0.          1.          0.        ]
 [-0.36124167  0.         -0.93247223]]",[-65.07738893   0.         -17.34764822],"[[-0.93247223  0.          0.36124167]
 [ 0.          1.          0.        ]
 [-0.36124167  0.         -0.93247223]]",Bend1_3L6,Bend,True,Bend,0.4,0.4,125.41849308850409
381,-64.92149922655275,0.0,-17.7159521859392,-3.5727916451568618,0.0,0.0,[-0.90846527  0.         -0.41796034],[0. 1. 0.],[ 0.41796034  0.         -0.90846527],[-64.92149923   0.         -17.71595219],"[[-0.90846527  0.          0.41796034]
 [ 0.          1.          0.        ]
 [-0.41796034  0.         -0.90846527]]",[-64.92149923   0.         -17.71595219],"[[-0.90846527  0.          0.41796034]
 [ 0.          1.          0.        ]
 [-0.41796034  0.         -0.90846527]]",Drarc::57,Drift,True,,0.4999999999999999,0.4999999999999999,125.8184930885041
382,-64.71251905415575,0.0,-18.170184821870304,-3.5727916451568618,0.0,0.0,[-0.90846527  0.         -0.41796034],[0. 1. 0.],[ 0.41796034  0.         -0.90846527],[-64.71251905   0.         -18.17018482],"[[-0.90846527  0.          0.41796034]
 [ 0.          1.          0.        ]
 [-0.41796034  0.         -0.90846527]]",[-64.71251905   0.         -18.17018482],"[[-0.90846527  0.          0.41796034]
 [ 0.          1.          0.        ]
 [-0.41796034  0.         -0.90846527]]",QFA_3L5,Quadrupole,True,QFarc,0.3,0.3,126.3184930885041
383,-64.58713095071755,0.0,-18.442724403428965,-3.5727916451568618,0.0,0.0,[-0.90846527  0.         -0.41796034],[0. 1. 0.],[ 0.41796034  0.         -0.90846527],[-64.58713095   0.         -18.4427244 ],"[[-0.90846527  0.          0.41796034]
 [ 0.          1.          0.        ]
 [-0.41796034  0.         -0.90846527]]",[-64.58713095   0.         -18.4427244 ],"[[-0.90846527  0.          0.41796034]
 [ 0.          1.          0.        ]
 [-0.41796034  0.         -0.90846527]]",Drarc..1203,DriftSlice,True,,0.20000000000000284,0.20000000000000284,126.6184930885041
384,-64.50353888175874,0.0,-18.62441745780141,-3.5727916451568618,0.0,0.0,[-0.90846527  0.         -0.41796034],[0. 1. 0.],[ 0.41796034  0.         -0.90846527],[-64.50353888   0.         -18.62441746],"[[-0.90846527  0.          0.41796034]
 [ 0.          1.          0.        ]
 [-0.41796034  0.         -0.90846527]]",[-64.50353888   0.         -18.62441746],"[[-0.90846527  0.          0.41796034]
 [ 0.          1.          0.        ]
 [-0.41796034  0.         -0.90846527]]",XF1arc_3L5,Sextupole,True,XF1arc,0.1,0.1,126.8184930885041
385,-64.46174284727934,0.0,-18.71526398498763,-3.5727916451568618,0.0,0.0,[-0.90846527  0.         -0.41796034],[0. 1. 0.],[ 0.41796034  0.         -0.90846527],[-64.46174285   0.         -18.71526398],"[[-0.90846527  0.          0.41796034]
 [ 0.          1.          0.        ]
 [-0.41796034  0.         -0.90846527]]",[-64.46174285   0.         -18.71526398],"[[-0.90846527  0.          0.41796034]
 [ 0.          1.          0.        ]
 [-0.41796034  0.         -0.90846527]]",Drarc..1205,DriftSlice,True,,0.20000000000000273,0.20000000000000273,126.91849308850409
386,-64.37815077832053,0.0,-18.896957039360075,-3.5727916451568618,0.0,0.0,[-0.90846527  0.         -0.41796034],[0. 1. 0.],[ 0.41796034  0.         -0.90846527],[-64.37815078   0.         -18.89695704],"[[-0.90846527  0.          0.41796034]
 [ 0.          1.          0.        ]
 [-0.41796034  0.         -0.90846527]]",[-64.37815078   0.         -18.89695704],"[[-0.90846527  0.          0.41796034]
 [ 0.          1.          0.        ]
 [-0.41796034  0.         -0.90846527]]",Bend2_3L5,Bend,True,Bend,0.4,0.4,127.1184930885041
387,-64.19988362426015,0.0,-19.254965746356746,-3.6343915011078423,0.0,0.0,[-0.88101219  0.         -0.47309356],[0. 1. 0.],[ 0.47309356  0.         -0.88101219],[-64.19988362   0.         -19.25496575],"[[-0.88101219  0.          0.47309356]
 [ 0.          1.          0.        ]
 [-0.47309356  0.         -0.88101219]]",[-64.19988362   0.         -19.25496575],"[[-0.88101219  0.          0.47309356]
 [ 0.          1.          0.        ]
 [-0.47309356  0.         -0.88101219]]",Drarc::58,Drift,True,,0.4999999999999999,0.4999999999999999,127.5184930885041
388,-63.96333684588791,0.0,-19.69547184352421,-3.6343915011078423,0.0,0.0,[-0.88101219  0.         -0.47309356],[0. 1. 0.],[ 0.47309356  0.         -0.88101219],[-63.96333685   0.         -19.69547184],"[[-0.88101219  0.          0.47309356]
 [ 0.          1.          0.        ]
 [-0.47309356  0.         -0.88101219]]",[-63.96333685   0.         -19.69547184],"[[-0.88101219  0.          0.47309356]
 [ 0.          1.          0.        ]
 [-0.47309356  0.         -0.88101219]]",QDA_3L5,Quadrupole,True,QDarc,0.3,0.3,128.0184930885041
389,-63.82140877886456,0.0,-19.959775501824687,-3.6343915011078423,0.0,0.0,[-0.88101219  0.         -0.47309356],[0. 1. 0.],[ 0.47309356  0.         -0.88101219],[-63.82140878   0.         -19.9597755 ],"[[-0.88101219  0.          0.47309356]
 [ 0.          1.          0.        ]
 [-0.47309356  0.         -0.88101219]]",[-63.82140878   0.         -19.9597755 ],"[[-0.88101219  0.          0.47309356]
 [ 0.          1.          0.        ]
 [-0.47309356  0.         -0.88101219]]",Drarc..1158,DriftSlice,True,,0.19999999999998863,0.19999999999998863,128.3184930885041
390,-63.726790067515665,0.0,-20.135977940691664,-3.6343915011078423,0.0,0.0,[-0.88101219  0.         -0.47309356],[0. 1. 0.],[ 0.47309356  0.         -0.88101219],[-63.72679007   0.         -20.13597794],"[[-0.88101219  0.          0.47309356]
 [ 0.          1.          0.        ]
 [-0.47309356  0.         -0.88101219]]",[-63.72679007   0.         -20.13597794],"[[-0.88101219  0.          0.47309356]
 [ 0.          1.          0.        ]
 [-0.47309356  0.         -0.88101219]]",XD1arc_3L5,Sextupole,True,XD1arc,0.1,0.1,128.5184930885041
391,-63.679480711841215,0.0,-20.224079160125157,-3.6343915011078423,0.0,0.0,[-0.88101219  0.         -0.47309356],[0. 1. 0.],[ 0.47309356  0.         -0.88101219],[-63.67948071   0.         -20.22407916],"[[-0.88101219  0.          0.47309356]
 [ 0.          1.          0.        ]
 [-0.47309356  0.         -0.88101219]]",[-63.67948071   0.         -20.22407916],"[[-0.88101219  0.          0.47309356]
 [ 0.          1.          0.        ]
 [-0.47309356  0.         -0.88101219]]",Drarc..1160,DriftSlice,True,,0.20000000000001694,0.20000000000001694,128.6184930885041
392,-63.58486200049231,0.0,-20.40028159899216,-3.6343915011078423,0.0,0.0,[-0.88101219  0.         -0.47309356],[0. 1. 0.],[ 0.47309356  0.         -0.88101219],[-63.584862    0.        -20.4002816],"[[-0.88101219  0.          0.47309356]
 [ 0.          1.          0.        ]
 [-0.47309356  0.         -0.88101219]]",[-63.584862    0.        -20.4002816],"[[-0.88101219  0.          0.47309356]
 [ 0.          1.          0.        ]
 [-0.47309356  0.         -0.88101219]]",Bend1_3L5,Bend,True,Bend,0.4,0.4,128.8184930885041
393,-63.38489362021422,0.0,-20.746636993624854,-3.6959913570588228,0.0,0.0,[-0.85021714  0.         -0.52643216],[0. 1. 0.],[ 0.52643216  0.         -0.85021714],[-63.38489362   0.         -20.74663699],"[[-0.85021714  0.          0.52643216]
 [ 0.          1.          0.        ]
 [-0.52643216  0.         -0.85021714]]",[-63.38489362   0.         -20.74663699],"[[-0.85021714  0.          0.52643216]
 [ 0.          1.          0.        ]
 [-0.52643216  0.         -0.85021714]]",Drarc::59,Drift,True,,0.4999999999999999,0.4999999999999999,129.21849308850412
394,-63.12167753882045,0.0,-21.17174556151747,-3.6959913570588228,0.0,0.0,[-0.85021714  0.         -0.52643216],[0. 1. 0.],[ 0.52643216  0.         -0.85021714],[-63.12167754   0.         -21.17174556],"[[-0.85021714  0.          0.52643216]
 [ 0.          1.          0.        ]
 [-0.52643216  0.         -0.85021714]]",[-63.12167754   0.         -21.17174556],"[[-0.85021714  0.          0.52643216]
 [ 0.          1.          0.        ]
 [-0.52643216  0.         -0.85021714]]",QFA_3L4,Quadrupole,True,QFarc,0.3,0.3,129.71849308850412
395,-62.96374788998419,0.0,-21.426810702253036,-3.6959913570588228,0.0,0.0,[-0.85021714  0.         -0.52643216],[0. 1. 0.],[ 0.52643216  0.         -0.85021714],[-62.96374789   0.         -21.4268107 ],"[[-0.85021714  0.          0.52643216]
 [ 0.          1.          0.        ]
 [-0.52643216  0.         -0.85021714]]",[-62.96374789   0.         -21.4268107 ],"[[-0.85021714  0.          0.52643216]
 [ 0.          1.          0.        ]
 [-0.52643216  0.         -0.85021714]]",Drarc..1218,DriftSlice,True,,0.20000000000001705,0.20000000000001705,130.01849308850413
396,-62.85846145742667,0.0,-21.596854129410097,-3.6959913570588228,0.0,0.0,[-0.85021714  0.         -0.52643216],[0. 1. 0.],[ 0.52643216  0.         -0.85021714],[-62.85846146   0.         -21.59685413],"[[-0.85021714  0.          0.52643216]
 [ 0.          1.          0.        ]
 [-0.52643216  0.         -0.85021714]]",[-62.85846146   0.         -21.59685413],"[[-0.85021714  0.          0.52643216]
 [ 0.          1.          0.        ]
 [-0.52643216  0.         -0.85021714]]",XF2arc_3L4,Sextupole,True,XF2arc,0.1,0.1,130.21849308850415
397,-62.80581824114792,0.0,-21.68187584298862,-3.6959913570588228,0.0,0.0,[-0.85021714  0.         -0.52643216],[0. 1. 0.],[ 0.52643216  0.         -0.85021714],[-62.80581824   0.         -21.68187584],"[[-0.85021714  0.          0.52643216]
 [ 0.          1.          0.        ]
 [-0.52643216  0.         -0.85021714]]",[-62.80581824   0.         -21.68187584],"[[-0.85021714  0.          0.52643216]
 [ 0.          1.          0.        ]
 [-0.52643216  0.         -0.85021714]]",Drarc..1220,DriftSlice,True,,0.19999999999998852,0.19999999999998852,130.31849308850414
398,-62.70053180859042,0.0,-21.851919270145657,-3.6959913570588228,0.0,0.0,[-0.85021714  0.         -0.52643216],[0. 1. 0.],[ 0.52643216  0.         -0.85021714],[-62.70053181   0.         -21.85191927],"[[-0.85021714  0.          0.52643216]
 [ 0.          1.          0.        ]
 [-0.52643216  0.         -0.85021714]]",[-62.70053181   0.         -21.85191927],"[[-0.85021714  0.          0.52643216]
 [ 0.          1.          0.        ]
 [-0.52643216  0.         -0.85021714]]",Bend2_3L4,Bend,True,Bend,0.4,0.4,130.51849308850413
399,-62.47962075065532,0.0,-22.185307507766918,-3.7575912130098033,0.0,0.0,[-0.81619691  0.         -0.57777383],[0. 1. 0.],[ 0.57777383  0.         -0.81619691],[-62.47962075   0.         -22.18530751],"[[-0.81619691  0.          0.57777383]
 [ 0.          1.          0.        ]
 [-0.57777383  0.         -0.81619691]]",[-62.47962075   0.         -22.18530751],"[[-0.81619691  0.          0.57777383]
 [ 0.          1.          0.        ]
 [-0.57777383  0.         -0.81619691]]",Drarc::60,Drift,True,,0.4999999999999999,0.4999999999999999,130.91849308850414
400,-62.19073383499503,0.0,-22.593405963976057,-3.7575912130098033,0.0,0.0,[-0.81619691  0.         -0.57777383],[0. 1. 0.],[ 0.57777383  0.         -0.81619691],[-62.19073383   0.         -22.59340596],"[[-0.81619691  0.          0.57777383]
 [ 0.          1.          0.        ]
 [-0.57777383  0.         -0.81619691]]",[-62.19073383   0.         -22.59340596],"[[-0.81619691  0.          0.57777383]
 [ 0.          1.          0.        ]
 [-0.57777383  0.         -0.81619691]]",QDA_3L4,Quadrupole,True,QDarc,0.3,0.3,131.41849308850414
401,-62.017401685598855,0.0,-22.83826503770154,-3.7575912130098033,0.0,0.0,[-0.81619691  0.         -0.57777383],[0. 1. 0.],[ 0.57777383  0.         -0.81619691],[-62.01740169   0.         -22.83826504],"[[-0.81619691  0.          0.57777383]
 [ 0.          1.          0.        ]
 [-0.57777383  0.         -0.81619691]]",[-62.01740169   0.         -22.83826504],"[[-0.81619691  0.          0.57777383]
 [ 0.          1.          0.        ]
 [-0.57777383  0.         -0.81619691]]",Drarc..1176,DriftSlice,True,,0.19999999999998863,0.19999999999998863,131.71849308850415
402,-61.901846919334744,0.0,-23.001504420185185,-3.7575912130098033,0.0,0.0,[-0.81619691  0.         -0.57777383],[0. 1. 0.],[ 0.57777383  0.         -0.81619691],[-61.90184692   0.         -23.00150442],"[[-0.81619691  0.          0.57777383]
 [ 0.          1.          0.        ]
 [-0.57777383  0.         -0.81619691]]",[-61.90184692   0.         -23.00150442],"[[-0.81619691  0.          0.57777383]
 [ 0.          1.          0.        ]
 [-0.57777383  0.         -0.81619691]]",XD2arc_3L4,Sextupole,True,XD2arc,0.1,0.1,131.91849308850414
403,-61.84406953620269,0.0,-23.08312411142701,-3.7575912130098033,0.0,0.0,[-0.81619691  0.         -0.57777383],[0. 1. 0.],[ 0.57777383  0.         -0.81619691],[-61.84406954   0.         -23.08312411],"[[-0.81619691  0.          0.57777383]
 [ 0.          1.          0.        ]
 [-0.57777383  0.         -0.81619691]]",[-61.84406954   0.         -23.08312411],"[[-0.81619691  0.          0.57777383]
 [ 0.          1.          0.        ]
 [-0.57777383  0.         -0.81619691]]",Drarc..1178,DriftSlice,True,,0.20000000000001694,0.20000000000001694,132.01849308850413
404,-61.72851476993856,0.0,-23.246363493910682,-3.7575912130098033,0.0,0.0,[-0.81619691  0.         -0.57777383],[0. 1. 0.],[ 0.57777383  0.         -0.81619691],[-61.72851477   0.         -23.24636349],"[[-0.81619691  0.          0.57777383]
 [ 0.          1.          0.        ]
 [-0.57777383  0.         -0.81619691]]",[-61.72851477   0.         -23.24636349],"[[-0.81619691  0.          0.57777383]
 [ 0.          1.          0.        ]
 [-0.57777383  0.         -0.81619691]]",Bend1_3L4,Bend,True,Bend,0.4,0.4,132.21849308850415
405,-61.48749902565692,0.0,-23.56551991874117,-3.8191910689607833,0.0,0.0,[-0.77908057  0.         -0.62692381],[0. 1. 0.],[ 0.62692381  0.         -0.77908057],[-61.48749903   0.         -23.56551992],"[[-0.77908057  0.          0.62692381]
 [ 0.          1.          0.        ]
 [-0.62692381  0.         -0.77908057]]",[-61.48749903   0.         -23.56551992],"[[-0.77908057  0.          0.62692381]
 [ 0.          1.          0.        ]
 [-0.62692381  0.         -0.77908057]]",Drarc::61,Drift,True,,0.4999999999999999,0.4999999999999999,132.61849308850415
406,-61.174037122752395,0.0,-23.955060206038223,-3.8191910689607833,0.0,0.0,[-0.77908057  0.         -0.62692381],[0. 1. 0.],[ 0.62692381  0.         -0.77908057],[-61.17403712   0.         -23.95506021],"[[-0.77908057  0.          0.62692381]
 [ 0.          1.          0.        ]
 [-0.62692381  0.         -0.77908057]]",[-61.17403712   0.         -23.95506021],"[[-0.77908057  0.          0.62692381]
 [ 0.          1.          0.        ]
 [-0.62692381  0.         -0.77908057]]",QFA_3L3,Quadrupole,True,QFarc,0.3,0.3,133.11849308850415
407,-60.98595998100968,0.0,-24.188784378416454,-3.8191910689607833,0.0,0.0,[-0.77908057  0.         -0.62692381],[0. 1. 0.],[ 0.62692381  0.         -0.77908057],[-60.98595998   0.         -24.18878438],"[[-0.77908057  0.          0.62692381]
 [ 0.          1.          0.        ]
 [-0.62692381  0.         -0.77908057]]",[-60.98595998   0.         -24.18878438],"[[-0.77908057  0.          0.62692381]
 [ 0.          1.          0.        ]
 [-0.62692381  0.         -0.77908057]]",Drarc..1200,DriftSlice,True,,0.20000000000001705,0.20000000000001705,133.41849308850416
408,-60.86057521984785,0.0,-24.34460049333529,-3.8191910689607833,0.0,0.0,[-0.77908057  0.         -0.62692381],[0. 1. 0.],[ 0.62692381  0.         -0.77908057],[-60.86057522   0.         -24.34460049],"[[-0.77908057  0.          0.62692381]
 [ 0.          1.          0.        ]
 [-0.62692381  0.         -0.77908057]]",[-60.86057522   0.         -24.34460049],"[[-0.77908057  0.          0.62692381]
 [ 0.          1.          0.        ]
 [-0.62692381  0.         -0.77908057]]",XF1arc_3L3,Sextupole,True,XF1arc,0.1,0.1,133.61849308850418
409,-60.79788283926695,0.0,-24.4225085507947,-3.8191910689607833,0.0,0.0,[-0.77908057  0.         -0.62692381],[0. 1. 0.],[ 0.62692381  0.         -0.77908057],[-60.79788284   0.         -24.42250855],"[[-0.77908057  0.          0.62692381]
 [ 0.          1.          0.        ]
 [-0.62692381  0.         -0.77908057]]",[-60.79788284   0.         -24.42250855],"[[-0.77908057  0.          0.62692381]
 [ 0.          1.          0.        ]
 [-0.62692381  0.         -0.77908057]]",Drarc..1202,DriftSlice,True,,0.19999999999998852,0.19999999999998852,133.71849308850418
410,-60.67249807810514,0.0,-24.578324665713513,-3.8191910689607833,0.0,0.0,[-0.77908057  0.         -0.62692381],[0. 1. 0.],[ 0.62692381  0.         -0.77908057],[-60.67249808   0.         -24.57832467],"[[-0.77908057  0.          0.62692381]
 [ 0.          1.          0.        ]
 [-0.62692381  0.         -0.77908057]]",[-60.67249808   0.         -24.57832467],"[[-0.77908057  0.          0.62692381]
 [ 0.          1.          0.        ]
 [-0.62692381  0.         -0.77908057]]",Bend2_3L3,Bend,True,Bend,0.4,0.4,133.91849308850416
411,-60.4122919027491,0.0,-24.88203860811457,-3.880790924911764,0.0,0.0,[-0.73900892  0.         -0.67369564],[0. 1. 0.],[ 0.67369564  0.         -0.73900892],[-60.4122919    0.         -24.88203861],"[[-0.73900892  0.          0.67369564]
 [ 0.          1.          0.        ]
 [-0.67369564  0.         -0.73900892]]",[-60.4122919    0.         -24.88203861],"[[-0.73900892  0.          0.67369564]
 [ 0.          1.          0.        ]
 [-0.67369564  0.         -0.73900892]]",Drarc::62,Drift,True,,0.4999999999999999,0.4999999999999999,134.31849308850417
412,-60.075444080966804,0.0,-25.251543066762263,-3.880790924911764,0.0,0.0,[-0.73900892  0.         -0.67369564],[0. 1. 0.],[ 0.67369564  0.         -0.73900892],[-60.07544408   0.         -25.25154307],"[[-0.73900892  0.          0.67369564]
 [ 0.          1.          0.        ]
 [-0.67369564  0.         -0.73900892]]",[-60.07544408   0.         -25.25154307],"[[-0.73900892  0.          0.67369564]
 [ 0.          1.          0.        ]
 [-0.67369564  0.         -0.73900892]]",QDA_3L3,Quadrupole,True,QDarc,0.3,0.3,134.81849308850417
413,-59.87333538789743,0.0,-25.47324574195088,-3.880790924911764,0.0,0.0,[-0.73900892  0.         -0.67369564],[0. 1. 0.],[ 0.67369564  0.         -0.73900892],[-59.87333539   0.         -25.47324574],"[[-0.73900892  0.          0.67369564]
 [ 0.          1.          0.        ]
 [-0.67369564  0.         -0.73900892]]",[-59.87333539   0.         -25.47324574],"[[-0.73900892  0.          0.67369564]
 [ 0.          1.          0.        ]
 [-0.67369564  0.         -0.73900892]]",Drarc..1155,DriftSlice,True,,0.19999999999998863,0.19999999999998863,135.11849308850418
414,-59.73859625918452,0.0,-25.62104752540995,-3.880790924911764,0.0,0.0,[-0.73900892  0.         -0.67369564],[0. 1. 0.],[ 0.67369564  0.         -0.73900892],[-59.73859626   0.         -25.62104753],"[[-0.73900892  0.          0.67369564]
 [ 0.          1.          0.        ]
 [-0.67369564  0.         -0.73900892]]",[-59.73859626   0.         -25.62104753],"[[-0.73900892  0.          0.67369564]
 [ 0.          1.          0.        ]
 [-0.67369564  0.         -0.73900892]]",XD1arc_3L3,Sextupole,True,XD1arc,0.1,0.1,135.31849308850417
415,-59.67122669482806,0.0,-25.69494841713949,-3.880790924911764,0.0,0.0,[-0.73900892  0.         -0.67369564],[0. 1. 0.],[ 0.67369564  0.         -0.73900892],[-59.67122669   0.         -25.69494842],"[[-0.73900892  0.          0.67369564]
 [ 0.          1.          0.        ]
 [-0.67369564  0.         -0.73900892]]",[-59.67122669   0.         -25.69494842],"[[-0.73900892  0.          0.67369564]
 [ 0.          1.          0.        ]
 [-0.67369564  0.         -0.73900892]]",Drarc..1157,DriftSlice,True,,0.20000000000001694,0.20000000000001694,135.41849308850416
416,-59.53648756611513,0.0,-25.84275020059858,-3.880790924911764,0.0,0.0,[-0.73900892  0.         -0.67369564],[0. 1. 0.],[ 0.67369564  0.         -0.73900892],[-59.53648757   0.         -25.8427502 ],"[[-0.73900892  0.          0.67369564]
 [ 0.          1.          0.        ]
 [-0.67369564  0.         -0.73900892]]",[-59.53648757   0.         -25.8427502 ],"[[-0.73900892  0.          0.67369564]
 [ 0.          1.          0.        ]
 [-0.67369564  0.         -0.73900892]]",Bend1_3L3,Bend,True,Bend,0.4,0.4,135.61849308850418
417,-59.258078010835106,0.0,-26.129869569556853,-3.9423907808627443,0.0,0.0,[-0.69613395  0.         -0.71791192],[0. 1. 0.],[ 0.71791192  0.         -0.69613395],[-59.25807801   0.         -26.12986957],"[[-0.69613395  0.          0.71791192]
 [ 0.          1.          0.        ]
 [-0.71791192  0.         -0.69613395]]",[-59.25807801   0.         -26.12986957],"[[-0.69613395  0.          0.71791192]
 [ 0.          1.          0.        ]
 [-0.71791192  0.         -0.69613395]]",Drarc::63,Drift,True,,0.4999999999999999,0.4999999999999999,136.0184930885042
418,-58.899122049342104,0.0,-26.477936542578764,-3.9423907808627443,0.0,0.0,[-0.69613395  0.         -0.71791192],[0. 1. 0.],[ 0.71791192  0.         -0.69613395],[-58.89912205   0.         -26.47793654],"[[-0.69613395  0.          0.71791192]
 [ 0.          1.          0.        ]
 [-0.71791192  0.         -0.69613395]]",[-58.89912205   0.         -26.47793654],"[[-0.69613395  0.          0.71791192]
 [ 0.          1.          0.        ]
 [-0.71791192  0.         -0.69613395]]",QFA_3L2,Quadrupole,True,QFarc,0.3,0.3,136.5184930885042
419,-58.683748472446304,0.0,-26.686776726391912,-3.9423907808627443,0.0,0.0,[-0.69613395  0.         -0.71791192],[0. 1. 0.],[ 0.71791192  0.         -0.69613395],[-58.68374847   0.         -26.68677673],"[[-0.69613395  0.          0.71791192]
 [ 0.          1.          0.        ]
 [-0.71791192  0.         -0.69613395]]",[-58.68374847   0.         -26.68677673],"[[-0.69613395  0.          0.71791192]
 [ 0.          1.          0.        ]
 [-0.71791192  0.         -0.69613395]]",Drarc..1215,DriftSlice,True,,0.20000000000001705,0.20000000000001705,136.8184930885042
420,-58.540166087849094,0.0,-26.82600351560069,-3.9423907808627443,0.0,0.0,[-0.69613395  0.         -0.71791192],[0. 1. 0.],[ 0.71791192  0.         -0.69613395],[-58.54016609   0.         -26.82600352],"[[-0.69613395  0.          0.71791192]
 [ 0.          1.          0.        ]
 [-0.71791192  0.         -0.69613395]]",[-58.54016609   0.         -26.82600352],"[[-0.69613395  0.          0.71791192]
 [ 0.          1.          0.        ]
 [-0.71791192  0.         -0.69613395]]",XF2arc_3L2,Sextupole,True,XF2arc,0.1,0.1,137.01849308850421
421,-58.4683748955505,0.0,-26.89561691020507,-3.9423907808627443,0.0,0.0,[-0.69613395  0.         -0.71791192],[0. 1. 0.],[ 0.71791192  0.         -0.69613395],[-58.4683749    0.         -26.89561691],"[[-0.69613395  0.          0.71791192]
 [ 0.          1.          0.        ]
 [-0.71791192  0.         -0.69613395]]",[-58.4683749    0.         -26.89561691],"[[-0.69613395  0.          0.71791192]
 [ 0.          1.          0.        ]
 [-0.71791192  0.         -0.69613395]]",Drarc..1217,DriftSlice,True,,0.19999999999998852,0.19999999999998852,137.1184930885042
422,-58.3247925109533,0.0,-27.034843699413827,-3.9423907808627443,0.0,0.0,[-0.69613395  0.         -0.71791192],[0. 1. 0.],[ 0.71791192  0.         -0.69613395],[-58.32479251   0.         -27.0348437 ],"[[-0.69613395  0.          0.71791192]
 [ 0.          1.          0.        ]
 [-0.71791192  0.         -0.69613395]]",[-58.32479251   0.         -27.0348437 ],"[[-0.69613395  0.          0.71791192]
 [ 0.          1.          0.        ]
 [-0.71791192  0.         -0.69613395]]",Bend2_3L2,Bend,True,Bend,0.4,0.4,137.3184930885042
423,-58.02923567855491,0.0,-27.30427935281709,-4.003990636813725,0.0,0.0,[-0.6506183   0.         -0.75940492],[0. 1. 0.],[ 0.75940492  0.         -0.6506183 ],[-58.02923568   0.         -27.30427935],"[[-0.6506183   0.          0.75940492]
 [ 0.          1.          0.        ]
 [-0.75940492  0.         -0.6506183 ]]",[-58.02923568   0.         -27.30427935],"[[-0.6506183   0.          0.75940492]
 [ 0.          1.          0.        ]
 [-0.75940492  0.         -0.6506183 ]]",Drarc::64,Drift,True,,0.4999999999999999,0.4999999999999999,137.7184930885042
424,-57.649533220264786,0.0,-27.629588502962665,-4.003990636813725,0.0,0.0,[-0.6506183   0.         -0.75940492],[0. 1. 0.],[ 0.75940492  0.         -0.6506183 ],[-57.64953322   0.         -27.6295885 ],"[[-0.6506183   0.          0.75940492]
 [ 0.          1.          0.        ]
 [-0.75940492  0.         -0.6506183 ]]",[-57.64953322   0.         -27.6295885 ],"[[-0.6506183   0.          0.75940492]
 [ 0.          1.          0.        ]
 [-0.75940492  0.         -0.6506183 ]]",QDA_3L2,Quadrupole,True,QDarc,0.3,0.3,138.2184930885042
425,-57.421711745290715,0.0,-27.82477399305001,-4.003990636813725,0.0,0.0,[-0.6506183   0.         -0.75940492],[0. 1. 0.],[ 0.75940492  0.         -0.6506183 ],[-57.42171175   0.         -27.82477399],"[[-0.6506183   0.          0.75940492]
 [ 0.          1.          0.        ]
 [-0.75940492  0.         -0.6506183 ]]",[-57.42171175   0.         -27.82477399],"[[-0.6506183   0.          0.75940492]
 [ 0.          1.          0.        ]
 [-0.75940492  0.         -0.6506183 ]]",Drarc..1173,DriftSlice,True,,0.19999999999998863,0.19999999999998863,138.51849308850421
426,-57.269830761974674,0.0,-27.954897653108233,-4.003990636813725,0.0,0.0,[-0.6506183   0.         -0.75940492],[0. 1. 0.],[ 0.75940492  0.         -0.6506183 ],[-57.26983076   0.         -27.95489765],"[[-0.6506183   0.          0.75940492]
 [ 0.          1.          0.        ]
 [-0.75940492  0.         -0.6506183 ]]",[-57.26983076   0.         -27.95489765],"[[-0.6506183   0.          0.75940492]
 [ 0.          1.          0.        ]
 [-0.75940492  0.         -0.6506183 ]]",XD2arc_3L2,Sextupole,True,XD2arc,0.1,0.1,138.7184930885042
427,-57.19389027031665,0.0,-28.01995948313735,-4.003990636813725,0.0,0.0,[-0.6506183   0.         -0.75940492],[0. 1. 0.],[ 0.75940492  0.         -0.6506183 ],[-57.19389027   0.         -28.01995948],"[[-0.6506183   0.          0.75940492]
 [ 0.          1.          0.        ]
 [-0.75940492  0.         -0.6506183 ]]",[-57.19389027   0.         -28.01995948],"[[-0.6506183   0.          0.75940492]
 [ 0.          1.          0.        ]
 [-0.75940492  0.         -0.6506183 ]]",Drarc..1175,DriftSlice,True,,0.20000000000001694,0.20000000000001694,138.8184930885042
428,-57.04200928700059,0.0,-28.15008314319559,-4.003990636813725,0.0,0.0,[-0.6506183   0.         -0.75940492],[0. 1. 0.],[ 0.75940492  0.         -0.6506183 ],[-57.04200929   0.         -28.15008314],"[[-0.6506183   0.          0.75940492]
 [ 0.          1.          0.        ]
 [-0.75940492  0.         -0.6506183 ]]",[-57.04200929   0.         -28.15008314],"[[-0.6506183   0.          0.75940492]
 [ 0.          1.          0.        ]
 [-0.75940492  0.         -0.6506183 ]]",Bend1_3L2,Bend,True,Bend,0.4,0.4,139.01849308850421
429,-56.730426325784926,0.0,-28.400813019321856,-4.065590492764706,0.0,0.0,[-0.60263464  0.         -0.79801723],[0. 1. 0.],[ 0.79801723  0.         -0.60263464],[-56.73042633   0.         -28.40081302],"[[-0.60263464  0.          0.79801723]
 [ 0.          1.          0.        ]
 [-0.79801723  0.         -0.60263464]]",[-56.73042633   0.         -28.40081302],"[[-0.60263464  0.          0.79801723]
 [ 0.          1.          0.        ]
 [-0.79801723  0.         -0.60263464]]",Drarc::65,Drift,True,,0.4999999999999999,0.4999999999999999,139.41849308850422
430,-56.33141771217982,0.0,-28.70213033755785,-4.065590492764706,0.0,0.0,[-0.60263464  0.         -0.79801723],[0. 1. 0.],[ 0.79801723  0.         -0.60263464],[-56.33141771   0.         -28.70213034],"[[-0.60263464  0.          0.79801723]
 [ 0.          1.          0.        ]
 [-0.79801723  0.         -0.60263464]]",[-56.33141771   0.         -28.70213034],"[[-0.60263464  0.          0.79801723]
 [ 0.          1.          0.        ]
 [-0.79801723  0.         -0.60263464]]",QFA_3L1,Quadrupole,True,QFarc,0.3,0.3,139.91849308850422
431,-56.09201254401676,0.0,-28.882920728499446,-4.065590492764706,0.0,0.0,[-0.60263464  0.         -0.79801723],[0. 1. 0.],[ 0.79801723  0.         -0.60263464],[-56.09201254   0.         -28.88292073],"[[-0.60263464  0.          0.79801723]
 [ 0.          1.          0.        ]
 [-0.79801723  0.         -0.60263464]]",[-56.09201254   0.         -28.88292073],"[[-0.60263464  0.          0.79801723]
 [ 0.          1.          0.        ]
 [-0.79801723  0.         -0.60263464]]",Drarc..1197,DriftSlice,True,,0.20000000000001705,0.20000000000001705,140.21849308850423
432,-55.9324090985747,0.0,-29.003447655793853,-4.065590492764706,0.0,0.0,[-0.60263464  0.         -0.79801723],[0. 1. 0.],[ 0.79801723  0.         -0.60263464],[-55.9324091    0.         -29.00344766],"[[-0.60263464  0.          0.79801723]
 [ 0.          1.          0.        ]
 [-0.79801723  0.         -0.60263464]]",[-55.9324091    0.         -29.00344766],"[[-0.60263464  0.          0.79801723]
 [ 0.          1.          0.        ]
 [-0.79801723  0.         -0.60263464]]",XF1arc_3L1,Sextupole,True,XF1arc,0.1,0.1,140.41849308850425
433,-55.85260737585368,0.0,-29.063711119441052,-4.065590492764706,0.0,0.0,[-0.60263464  0.         -0.79801723],[0. 1. 0.],[ 0.79801723  0.         -0.60263464],[-55.85260738   0.         -29.06371112],"[[-0.60263464  0.          0.79801723]
 [ 0.          1.          0.        ]
 [-0.79801723  0.         -0.60263464]]",[-55.85260738   0.         -29.06371112],"[[-0.60263464  0.          0.79801723]
 [ 0.          1.          0.        ]
 [-0.79801723  0.         -0.60263464]]",Drarc..1199,DriftSlice,True,,0.19999999999998852,0.19999999999998852,140.51849308850424
434,-55.69300393041165,0.0,-29.184238046735445,-4.065590492764706,0.0,0.0,[-0.60263464  0.         -0.79801723],[0. 1. 0.],[ 0.79801723  0.         -0.60263464],[-55.69300393   0.         -29.18423805],"[[-0.60263464  0.          0.79801723]
 [ 0.          1.          0.        ]
 [-0.79801723  0.         -0.60263464]]",[-55.69300393   0.         -29.18423805],"[[-0.60263464  0.          0.79801723]
 [ 0.          1.          0.        ]
 [-0.79801723  0.         -0.60263464]]",Bend2_3L1,Bend,True,Bend,0.4,0.4,140.71849308850423
435,-55.366576781275775,0.0,-29.41531104128314,-4.127190348715685,0.0,0.0,[-0.55236497  0.         -0.83360239],[0. 1. 0.],[ 0.83360239  0.         -0.55236497],[-55.36657678   0.         -29.41531104],"[[-0.55236497  0.          0.83360239]
 [ 0.          1.          0.        ]
 [-0.83360239  0.         -0.55236497]]",[-55.36657678   0.         -29.41531104],"[[-0.55236497  0.          0.83360239]
 [ 0.          1.          0.        ]
 [-0.83360239  0.         -0.55236497]]",Drarc::66,Drift,True,,0.4999999999999999,0.4999999999999999,141.11849308850424
436,-54.9497755886978,0.0,-29.69149352781256,-4.127190348715685,0.0,0.0,[-0.55236497  0.         -0.83360239],[0. 1. 0.],[ 0.83360239  0.         -0.55236497],[-54.94977559   0.         -29.69149353],"[[-0.55236497  0.          0.83360239]
 [ 0.          1.          0.        ]
 [-0.83360239  0.         -0.55236497]]",[-54.94977559   0.         -29.69149353],"[[-0.55236497  0.          0.83360239]
 [ 0.          1.          0.        ]
 [-0.83360239  0.         -0.55236497]]",QDA_3L1,Quadrupole,True,QDarc,0.3,0.3,141.61849308850424
437,-54.69969487315101,0.0,-29.857203019730214,-4.127190348715685,0.0,0.0,[-0.55236497  0.         -0.83360239],[0. 1. 0.],[ 0.83360239  0.         -0.55236497],[-54.69969487   0.         -29.85720302],"[[-0.55236497  0.          0.83360239]
 [ 0.          1.          0.        ]
 [-0.83360239  0.         -0.55236497]]",[-54.69969487   0.         -29.85720302],"[[-0.55236497  0.          0.83360239]
 [ 0.          1.          0.        ]
 [-0.83360239  0.         -0.55236497]]",Drarc..1152,DriftSlice,True,,0.19999999999998863,0.19999999999998863,141.91849308850425
438,-54.532974396119826,0.0,-29.967676014341976,-4.127190348715685,0.0,0.0,[-0.55236497  0.         -0.83360239],[0. 1. 0.],[ 0.83360239  0.         -0.55236497],[-54.5329744    0.         -29.96767601],"[[-0.55236497  0.          0.83360239]
 [ 0.          1.          0.        ]
 [-0.83360239  0.         -0.55236497]]",[-54.5329744    0.         -29.96767601],"[[-0.55236497  0.          0.83360239]
 [ 0.          1.          0.        ]
 [-0.83360239  0.         -0.55236497]]",XD1arc_3L1,Sextupole,True,XD1arc,0.1,0.1,142.11849308850424
439,-54.44961415760423,0.0,-30.02291251164786,-4.127190348715685,0.0,0.0,[-0.55236497  0.         -0.83360239],[0. 1. 0.],[ 0.83360239  0.         -0.55236497],[-54.44961416   0.         -30.02291251],"[[-0.55236497  0.          0.83360239]
 [ 0.          1.          0.        ]
 [-0.83360239  0.         -0.55236497]]",[-54.44961416   0.         -30.02291251],"[[-0.55236497  0.          0.83360239]
 [ 0.          1.          0.        ]
 [-0.83360239  0.         -0.55236497]]",Drarc..1154,DriftSlice,True,,0.20000000000001694,0.20000000000001694,142.21849308850423
440,-54.282893680573025,0.0,-30.13338550625964,-4.127190348715685,0.0,0.0,[-0.55236497  0.         -0.83360239],[0. 1. 0.],[ 0.83360239  0.         -0.55236497],[-54.28289368   0.         -30.13338551],"[[-0.55236497  0.          0.83360239]
 [ 0.          1.          0.        ]
 [-0.83360239  0.         -0.55236497]]",[-54.28289368   0.         -30.13338551],"[[-0.55236497  0.          0.83360239]
 [ 0.          1.          0.        ]
 [-0.83360239  0.         -0.55236497]]",Bend1_3L1,Bend,True,Bend,0.4,0.4,142.41849308850425
441,-53.9428605935033,0.0,-30.343925080212003,-4.188790204666666,0.0,0.0,[-0.5        0.        -0.8660254],[0. 1. 0.],[ 0.8660254  0.        -0.5      ],[-53.94286059   0.         -30.34392508],"[[-0.5        0.         0.8660254]
 [ 0.         1.         0.       ]
 [-0.8660254  0.        -0.5      ]]",[-53.94286059   0.         -30.34392508],"[[-0.5        0.         0.8660254]
 [ 0.         1.         0.       ]
 [-0.8660254  0.        -0.5      ]]",Drarc::67,Drift,True,,0.4999999999999999,0.4999999999999999,142.81849308850425
442,-53.50984789164101,0.0,-30.593925080263844,-4.188790204666666,0.0,0.0,[-0.5        0.        -0.8660254],[0. 1. 0.],[ 0.8660254  0.        -0.5      ],[-53.50984789   0.         -30.59392508],"[[-0.5        0.         0.8660254]
 [ 0.         1.         0.       ]
 [-0.8660254  0.        -0.5      ]]",[-53.50984789   0.         -30.59392508],"[[-0.5        0.         0.8660254]
 [ 0.         1.         0.       ]
 [-0.8660254  0.        -0.5      ]]",QFA_3RC,Quadrupole,True,QFarc,0.3,0.3,143.31849308850425
443,-53.250040270523634,0.0,-30.74392508029495,-4.188790204666666,0.0,0.0,[-0.5        0.        -0.8660254],[0. 1. 0.],[ 0.8660254  0.        -0.5      ],[-53.25004027   0.         -30.74392508],"[[-0.5        0.         0.8660254]
 [ 0.         1.         0.       ]
 [-0.8660254  0.        -0.5      ]]",[-53.25004027   0.         -30.74392508],"[[-0.5        0.         0.8660254]
 [ 0.         1.         0.       ]
 [-0.8660254  0.        -0.5      ]]",Drarc::68,Drift,True,,0.4999999999999999,0.4999999999999999,143.61849308850427
444,-52.817027568661345,0.0,-30.99392508034679,-4.188790204666666,0.0,0.0,[-0.5        0.        -0.8660254],[0. 1. 0.],[ 0.8660254  0.        -0.5      ],[-52.81702757   0.         -30.99392508],"[[-0.5        0.         0.8660254]
 [ 0.         1.         0.       ]
 [-0.8660254  0.        -0.5      ]]",[-52.81702757   0.         -30.99392508],"[[-0.5        0.         0.8660254]
 [ 0.         1.         0.       ]
 [-0.8660254  0.        -0.5      ]]",Bend1_3R1,Bend,True,Bend,0.4,0.4,144.11849308850427
445,-52.46467840562708,0.0,-31.183132584984612,-4.250390060617646,0.0,0.0,[-0.44573836  0.         -0.89516329],[0. 1. 0.],[ 0.89516329  0.         -0.44573836],[-52.46467841   0.         -31.18313258],"[[-0.44573836  0.          0.89516329]
 [ 0.          1.          0.        ]
 [-0.89516329  0.         -0.44573836]]",[-52.46467841   0.         -31.18313258],"[[-0.44573836  0.          0.89516329]
 [ 0.          1.          0.        ]
 [-0.89516329  0.         -0.44573836]]",Drarc..1140,DriftSlice,True,,0.19999999999998863,0.19999999999998863,144.51849308850427
446,-52.285645747366914,0.0,-31.272280256161665,-4.250390060617646,0.0,0.0,[-0.44573836  0.         -0.89516329],[0. 1. 0.],[ 0.89516329  0.         -0.44573836],[-52.28564575   0.         -31.27228026],"[[-0.44573836  0.          0.89516329]
 [ 0.          1.          0.        ]
 [-0.89516329  0.         -0.44573836]]",[-52.28564575   0.         -31.27228026],"[[-0.44573836  0.          0.89516329]
 [ 0.          1.          0.        ]
 [-0.89516329  0.         -0.44573836]]",XD1arc_3R1,Sextupole,True,XD1arc,0.1,0.1,144.71849308850426
447,-52.19612941823682,0.0,-31.316854091750194,-4.250390060617646,0.0,0.0,[-0.44573836  0.         -0.89516329],[0. 1. 0.],[ 0.89516329  0.         -0.44573836],[-52.19612942   0.         -31.31685409],"[[-0.44573836  0.          0.89516329]
 [ 0.          1.          0.        ]
 [-0.89516329  0.         -0.44573836]]",[-52.19612942   0.         -31.31685409],"[[-0.44573836  0.          0.89516329]
 [ 0.          1.          0.        ]
 [-0.89516329  0.         -0.44573836]]",Drarc..1142,DriftSlice,True,,0.20000000000001694,0.20000000000001694,144.81849308850425
448,-52.017096759976624,0.0,-31.40600176292726,-4.250390060617646,0.0,0.0,[-0.44573836  0.         -0.89516329],[0. 1. 0.],[ 0.89516329  0.         -0.44573836],[-52.01709676   0.         -31.40600176],"[[-0.44573836  0.          0.89516329]
 [ 0.          1.          0.        ]
 [-0.89516329  0.         -0.44573836]]",[-52.01709676   0.         -31.40600176],"[[-0.44573836  0.          0.89516329]
 [ 0.          1.          0.        ]
 [-0.89516329  0.         -0.44573836]]",QDA_3R1,Quadrupole,True,QDarc,0.3,0.3,145.01849308850427
449,-51.74854777258635,0.0,-31.539723269692846,-4.250390060617646,0.0,0.0,[-0.44573836  0.         -0.89516329],[0. 1. 0.],[ 0.89516329  0.         -0.44573836],[-51.74854777   0.         -31.53972327],"[[-0.44573836  0.          0.89516329]
 [ 0.          1.          0.        ]
 [-0.89516329  0.         -0.44573836]]",[-51.74854777   0.         -31.53972327],"[[-0.44573836  0.          0.89516329]
 [ 0.          1.          0.        ]
 [-0.89516329  0.         -0.44573836]]",Drarc::69,Drift,True,,0.4999999999999999,0.4999999999999999,145.31849308850428
450,-51.30096612693589,0.0,-31.76259244763549,-4.250390060617646,0.0,0.0,[-0.44573836  0.         -0.89516329],[0. 1. 0.],[ 0.89516329  0.         -0.44573836],[-51.30096613   0.         -31.76259245],"[[-0.44573836  0.          0.89516329]
 [ 0.          1.          0.        ]
 [-0.89516329  0.         -0.44573836]]",[-51.30096613   0.         -31.76259245],"[[-0.44573836  0.          0.89516329]
 [ 0.          1.          0.        ]
 [-0.89516329  0.         -0.44573836]]",Bend2_3R1,Bend,True,Bend,0.4,0.4,145.81849308850428
451,-50.93763746900113,0.0,-31.929750154085244,-4.311989916568627,0.0,0.0,[-0.38978587  0.         -0.92090552],[0. 1. 0.],[ 0.92090552  0.         -0.38978587],[-50.93763747   0.         -31.92975015],"[[-0.38978587  0.          0.92090552]
 [ 0.          1.          0.        ]
 [-0.92090552  0.         -0.38978587]]",[-50.93763747   0.         -31.92975015],"[[-0.38978587  0.          0.92090552]
 [ 0.          1.          0.        ]
 [-0.92090552  0.         -0.38978587]]",Drarc..1188,DriftSlice,True,,0.20000000000001705,0.20000000000001705,146.2184930885043
452,-50.753456365421734,0.0,-32.007707328766486,-4.311989916568627,0.0,0.0,[-0.38978587  0.         -0.92090552],[0. 1. 0.],[ 0.92090552  0.         -0.38978587],[-50.75345637   0.         -32.00770733],"[[-0.38978587  0.          0.92090552]
 [ 0.          1.          0.        ]
 [-0.92090552  0.         -0.38978587]]",[-50.75345637   0.         -32.00770733],"[[-0.38978587  0.          0.92090552]
 [ 0.          1.          0.        ]
 [-0.92090552  0.         -0.38978587]]",XF1arc_3R1,Sextupole,True,XF1arc,0.1,0.1,146.4184930885043
453,-50.661365813632045,0.0,-32.0466859161071,-4.311989916568627,0.0,0.0,[-0.38978587  0.         -0.92090552],[0. 1. 0.],[ 0.92090552  0.         -0.38978587],[-50.66136581   0.         -32.04668592],"[[-0.38978587  0.          0.92090552]
 [ 0.          1.          0.        ]
 [-0.92090552  0.         -0.38978587]]",[-50.66136581   0.         -32.04668592],"[[-0.38978587  0.          0.92090552]
 [ 0.          1.          0.        ]
 [-0.92090552  0.         -0.38978587]]",Drarc..1190,DriftSlice,True,,0.19999999999998852,0.19999999999998852,146.5184930885043
454,-50.477184710052676,0.0,-32.12464309078833,-4.311989916568627,0.0,0.0,[-0.38978587  0.         -0.92090552],[0. 1. 0.],[ 0.92090552  0.         -0.38978587],[-50.47718471   0.         -32.12464309],"[[-0.38978587  0.          0.92090552]
 [ 0.          1.          0.        ]
 [-0.92090552  0.         -0.38978587]]",[-50.47718471   0.         -32.12464309],"[[-0.38978587  0.          0.92090552]
 [ 0.          1.          0.        ]
 [-0.92090552  0.         -0.38978587]]",QFA_3R1,Quadrupole,True,QFarc,0.3,0.3,146.7184930885043
455,-50.2009130546836,0.0,-32.241578852810186,-4.311989916568627,0.0,0.0,[-0.38978587  0.         -0.92090552],[0. 1. 0.],[ 0.92090552  0.         -0.38978587],[-50.20091305   0.         -32.24157885],"[[-0.38978587  0.          0.92090552]
 [ 0.          1.          0.        ]
 [-0.92090552  0.         -0.38978587]]",[-50.20091305   0.         -32.24157885],"[[-0.38978587  0.          0.92090552]
 [ 0.          1.          0.        ]
 [-0.92090552  0.         -0.38978587]]",Drarc::70,Drift,True,,0.4999999999999999,0.4999999999999999,147.0184930885043
456,-49.74046029573515,0.0,-32.43647178951328,-4.311989916568627,0.0,0.0,[-0.38978587  0.         -0.92090552],[0. 1. 0.],[ 0.92090552  0.         -0.38978587],[-49.7404603    0.         -32.43647179],"[[-0.38978587  0.          0.92090552]
 [ 0.          1.          0.        ]
 [-0.92090552  0.         -0.38978587]]",[-49.7404603    0.         -32.43647179],"[[-0.38978587  0.          0.92090552]
 [ 0.          1.          0.        ]
 [-0.92090552  0.         -0.38978587]]",Bend1_3R2,Bend,True,Bend,0.4,0.4,147.5184930885043
457,-49.36753037294884,0.0,-32.580945611338585,-4.373589772519607,0.0,0.0,[-0.3323548   0.         -0.94315443],[0. 1. 0.],[ 0.94315443  0.         -0.3323548 ],[-49.36753037   0.         -32.58094561],"[[-0.3323548   0.          0.94315443]
 [ 0.          1.          0.        ]
 [-0.94315443  0.         -0.3323548 ]]",[-49.36753037   0.         -32.58094561],"[[-0.3323548   0.          0.94315443]
 [ 0.          1.          0.        ]
 [-0.94315443  0.         -0.3323548 ]]",Drarc..1164,DriftSlice,True,,0.19999999999998863,0.19999999999998863,147.9184930885043
458,-49.1788994860629,0.0,-32.64741657125809,-4.373589772519607,0.0,0.0,[-0.3323548   0.         -0.94315443],[0. 1. 0.],[ 0.94315443  0.         -0.3323548 ],[-49.17889949   0.         -32.64741657],"[[-0.3323548   0.          0.94315443]
 [ 0.          1.          0.        ]
 [-0.94315443  0.         -0.3323548 ]]",[-49.17889949   0.         -32.64741657],"[[-0.3323548   0.          0.94315443]
 [ 0.          1.          0.        ]
 [-0.94315443  0.         -0.3323548 ]]",XD2arc_3R2,Sextupole,True,XD2arc,0.1,0.1,148.1184930885043
459,-49.08458404261993,0.0,-32.68065205121785,-4.373589772519607,0.0,0.0,[-0.3323548   0.         -0.94315443],[0. 1. 0.],[ 0.94315443  0.         -0.3323548 ],[-49.08458404   0.         -32.68065205],"[[-0.3323548   0.          0.94315443]
 [ 0.          1.          0.        ]
 [-0.94315443  0.         -0.3323548 ]]",[-49.08458404   0.         -32.68065205],"[[-0.3323548   0.          0.94315443]
 [ 0.          1.          0.        ]
 [-0.94315443  0.         -0.3323548 ]]",Drarc..1166,DriftSlice,True,,0.20000000000001694,0.20000000000001694,148.2184930885043
460,-48.89595315573397,0.0,-32.74712301113737,-4.373589772519607,0.0,0.0,[-0.3323548   0.         -0.94315443],[0. 1. 0.],[ 0.94315443  0.         -0.3323548 ],[-48.89595316   0.         -32.74712301],"[[-0.3323548   0.          0.94315443]
 [ 0.          1.          0.        ]
 [-0.94315443  0.         -0.3323548 ]]",[-48.89595316   0.         -32.74712301],"[[-0.3323548   0.          0.94315443]
 [ 0.          1.          0.        ]
 [-0.94315443  0.         -0.3323548 ]]",QDA_3R2,Quadrupole,True,QDarc,0.3,0.3,148.4184930885043
461,-48.61300682540505,0.0,-32.84682945101664,-4.373589772519607,0.0,0.0,[-0.3323548   0.         -0.94315443],[0. 1. 0.],[ 0.94315443  0.         -0.3323548 ],[-48.61300683   0.         -32.84682945],"[[-0.3323548   0.          0.94315443]
 [ 0.          1.          0.        ]
 [-0.94315443  0.         -0.3323548 ]]",[-48.61300683   0.         -32.84682945],"[[-0.3323548   0.          0.94315443]
 [ 0.          1.          0.        ]
 [-0.94315443  0.         -0.3323548 ]]",Drarc::71,Drift,True,,0.4999999999999999,0.4999999999999999,148.71849308850432
462,-48.14142960819019,0.0,-33.013006850815415,-4.373589772519607,0.0,0.0,[-0.3323548   0.         -0.94315443],[0. 1. 0.],[ 0.94315443  0.         -0.3323548 ],[-48.14142961   0.         -33.01300685],"[[-0.3323548   0.          0.94315443]
 [ 0.          1.          0.        ]
 [-0.94315443  0.         -0.3323548 ]]",[-48.14142961   0.         -33.01300685],"[[-0.3323548   0.          0.94315443]
 [ 0.          1.          0.        ]
 [-0.94315443  0.         -0.3323548 ]]",Bend2_3R2,Bend,True,Bend,0.4,0.4,149.21849308850432
463,-47.76031307148754,0.0,-33.13424874932411,-4.435189628470588,0.0,0.0,[-0.27366299  0.         -0.96182564],[0. 1. 0.],[ 0.96182564  0.         -0.27366299],[-47.76031307   0.         -33.13424875],"[[-0.27366299  0.          0.96182564]
 [ 0.          1.          0.        ]
 [-0.96182564  0.         -0.27366299]]",[-47.76031307   0.         -33.13424875],"[[-0.27366299  0.          0.96182564]
 [ 0.          1.          0.        ]
 [-0.96182564  0.         -0.27366299]]",Drarc..1206,DriftSlice,True,,0.20000000000001705,0.20000000000001705,149.61849308850432
464,-47.567947942859895,0.0,-33.18898134736291,-4.435189628470588,0.0,0.0,[-0.27366299  0.         -0.96182564],[0. 1. 0.],[ 0.96182564  0.         -0.27366299],[-47.56794794   0.         -33.18898135],"[[-0.27366299  0.          0.96182564]
 [ 0.          1.          0.        ]
 [-0.96182564  0.         -0.27366299]]",[-47.56794794   0.         -33.18898135],"[[-0.27366299  0.          0.96182564]
 [ 0.          1.          0.        ]
 [-0.96182564  0.         -0.27366299]]",XF2arc_3R2,Sextupole,True,XF2arc,0.1,0.1,149.81849308850434
465,-47.47176537854608,0.0,-33.21634764638231,-4.435189628470588,0.0,0.0,[-0.27366299  0.         -0.96182564],[0. 1. 0.],[ 0.96182564  0.         -0.27366299],[-47.47176538   0.         -33.21634765],"[[-0.27366299  0.          0.96182564]
 [ 0.          1.          0.        ]
 [-0.96182564  0.         -0.27366299]]",[-47.47176538   0.         -33.21634765],"[[-0.27366299  0.          0.96182564]
 [ 0.          1.          0.        ]
 [-0.96182564  0.         -0.27366299]]",Drarc..1208,DriftSlice,True,,0.19999999999998852,0.19999999999998852,149.91849308850433
466,-47.27940024991847,0.0,-33.27108024442111,-4.435189628470588,0.0,0.0,[-0.27366299  0.         -0.96182564],[0. 1. 0.],[ 0.96182564  0.         -0.27366299],[-47.27940025   0.         -33.27108024],"[[-0.27366299  0.          0.96182564]
 [ 0.          1.          0.        ]
 [-0.96182564  0.         -0.27366299]]",[-47.27940025   0.         -33.27108024],"[[-0.27366299  0.          0.96182564]
 [ 0.          1.          0.        ]
 [-0.96182564  0.         -0.27366299]]",QFA_3R2,Quadrupole,True,QFarc,0.3,0.3,150.11849308850432
467,-46.99085255697703,0.0,-33.35317914147931,-4.435189628470588,0.0,0.0,[-0.27366299  0.         -0.96182564],[0. 1. 0.],[ 0.96182564  0.         -0.27366299],[-46.99085256   0.         -33.35317914],"[[-0.27366299  0.          0.96182564]
 [ 0.          1.          0.        ]
 [-0.96182564  0.         -0.27366299]]",[-46.99085256   0.         -33.35317914],"[[-0.27366299  0.          0.96182564]
 [ 0.          1.          0.        ]
 [-0.96182564  0.         -0.27366299]]",Drarc::72,Drift,True,,0.4999999999999999,0.4999999999999999,150.41849308850433
468,-46.50993973540797,0.0,-33.490010636576315,-4.435189628470588,0.0,0.0,[-0.27366299  0.         -0.96182564],[0. 1. 0.],[ 0.96182564  0.         -0.27366299],[-46.50993974   0.         -33.49001064],"[[-0.27366299  0.          0.96182564]
 [ 0.          1.          0.        ]
 [-0.96182564  0.         -0.27366299]]",[-46.50993974   0.         -33.49001064],"[[-0.27366299  0.          0.96182564]
 [ 0.          1.          0.        ]
 [-0.96182564  0.         -0.27366299]]",Bend1_3R3,Bend,True,Bend,0.4,0.4,150.91849308850433
469,-46.122082290354896,0.0,-33.58756069971887,-4.4967894844215675,0.0,0.0,[-0.21393308  0.         -0.97684832],[0. 1. 0.],[ 0.97684832  0.         -0.21393308],[-46.12208229   0.         -33.5875607 ],"[[-0.21393308  0.          0.97684832]
 [ 0.          1.          0.        ]
 [-0.97684832  0.         -0.21393308]]",[-46.12208229   0.         -33.5875607 ],"[[-0.21393308  0.          0.97684832]
 [ 0.          1.          0.        ]
 [-0.97684832  0.         -0.21393308]]",Drarc..1143,DriftSlice,True,,0.19999999999998863,0.19999999999998863,151.31849308850434
470,-45.92671262680849,0.0,-33.630347316385276,-4.4967894844215675,0.0,0.0,[-0.21393308  0.         -0.97684832],[0. 1. 0.],[ 0.97684832  0.         -0.21393308],[-45.92671263   0.         -33.63034732],"[[-0.21393308  0.          0.97684832]
 [ 0.          1.          0.        ]
 [-0.97684832  0.         -0.21393308]]",[-45.92671263   0.         -33.63034732],"[[-0.21393308  0.          0.97684832]
 [ 0.          1.          0.        ]
 [-0.97684832  0.         -0.21393308]]",XD1arc_3R3,Sextupole,True,XD1arc,0.1,0.1,151.51849308850433
471,-45.82902779503528,0.0,-33.65174062471848,-4.4967894844215675,0.0,0.0,[-0.21393308  0.         -0.97684832],[0. 1. 0.],[ 0.97684832  0.         -0.21393308],[-45.8290278    0.         -33.65174062],"[[-0.21393308  0.          0.97684832]
 [ 0.          1.          0.        ]
 [-0.97684832  0.         -0.21393308]]",[-45.8290278    0.         -33.65174062],"[[-0.21393308  0.          0.97684832]
 [ 0.          1.          0.        ]
 [-0.97684832  0.         -0.21393308]]",Drarc..1145,DriftSlice,True,,0.20000000000001694,0.20000000000001694,151.61849308850432
472,-45.63365813148884,0.0,-33.69452724138489,-4.4967894844215675,0.0,0.0,[-0.21393308  0.         -0.97684832],[0. 1. 0.],[ 0.97684832  0.         -0.21393308],[-45.63365813   0.         -33.69452724],"[[-0.21393308  0.          0.97684832]
 [ 0.          1.          0.        ]
 [-0.97684832  0.         -0.21393308]]",[-45.63365813   0.         -33.69452724],"[[-0.21393308  0.          0.97684832]
 [ 0.          1.          0.        ]
 [-0.97684832  0.         -0.21393308]]",QDA_3R3,Quadrupole,True,QDarc,0.3,0.3,151.81849308850434
473,-45.34060363616921,0.0,-33.758707166384504,-4.4967894844215675,0.0,0.0,[-0.21393308  0.         -0.97684832],[0. 1. 0.],[ 0.97684832  0.         -0.21393308],[-45.34060364   0.         -33.75870717],"[[-0.21393308  0.          0.97684832]
 [ 0.          1.          0.        ]
 [-0.97684832  0.         -0.21393308]]",[-45.34060364   0.         -33.75870717],"[[-0.21393308  0.          0.97684832]
 [ 0.          1.          0.        ]
 [-0.97684832  0.         -0.21393308]]",Drarc::73,Drift,True,,0.4999999999999999,0.4999999999999999,152.11849308850435
474,-44.85217947730316,0.0,-33.86567370805053,-4.4967894844215675,0.0,0.0,[-0.21393308  0.         -0.97684832],[0. 1. 0.],[ 0.97684832  0.         -0.21393308],[-44.85217948   0.         -33.86567371],"[[-0.21393308  0.          0.97684832]
 [ 0.          1.          0.        ]
 [-0.97684832  0.         -0.21393308]]",[-44.85217948   0.         -33.86567371],"[[-0.21393308  0.          0.97684832]
 [ 0.          1.          0.        ]
 [-0.97684832  0.         -0.21393308]]",Bend2_3R3,Bend,True,Bend,0.4,0.4,152.61849308850435
475,-44.459052400039894,0.0,-33.93916189502406,-4.558389340372548,0.0,0.0,[-0.15339166  0.         -0.98816547],[0. 1. 0.],[ 0.98816547  0.         -0.15339166],[-44.4590524   0.        -33.9391619],"[[-0.15339166  0.          0.98816547]
 [ 0.          1.          0.        ]
 [-0.98816547  0.         -0.15339166]]",[-44.4590524   0.        -33.9391619],"[[-0.15339166  0.          0.98816547]
 [ 0.          1.          0.        ]
 [-0.98816547  0.         -0.15339166]]",Drarc..1191,DriftSlice,True,,0.20000000000001705,0.20000000000001705,153.01849308850436
476,-44.26141930562762,0.0,-33.969840226025546,-4.558389340372548,0.0,0.0,[-0.15339166  0.         -0.98816547],[0. 1. 0.],[ 0.98816547  0.         -0.15339166],[-44.26141931   0.         -33.96984023],"[[-0.15339166  0.          0.98816547]
 [ 0.          1.          0.        ]
 [-0.98816547  0.         -0.15339166]]",[-44.26141931   0.         -33.96984023],"[[-0.15339166  0.          0.98816547]
 [ 0.          1.          0.        ]
 [-0.98816547  0.         -0.15339166]]",XF1arc_3R3,Sextupole,True,XF1arc,0.1,0.1,153.21849308850437
477,-44.16260275842149,0.0,-33.98517939152629,-4.558389340372548,0.0,0.0,[-0.15339166  0.         -0.98816547],[0. 1. 0.],[ 0.98816547  0.         -0.15339166],[-44.16260276   0.         -33.98517939],"[[-0.15339166  0.          0.98816547]
 [ 0.          1.          0.        ]
 [-0.98816547  0.         -0.15339166]]",[-44.16260276   0.         -33.98517939],"[[-0.15339166  0.          0.98816547]
 [ 0.          1.          0.        ]
 [-0.98816547  0.         -0.15339166]]",Drarc..1193,DriftSlice,True,,0.19999999999998852,0.19999999999998852,153.31849308850437
478,-43.964969664009246,0.0,-34.01585772252777,-4.558389340372548,0.0,0.0,[-0.15339166  0.         -0.98816547],[0. 1. 0.],[ 0.98816547  0.         -0.15339166],[-43.96496966   0.         -34.01585772],"[[-0.15339166  0.          0.98816547]
 [ 0.          1.          0.        ]
 [-0.98816547  0.         -0.15339166]]",[-43.96496966   0.         -34.01585772],"[[-0.15339166  0.          0.98816547]
 [ 0.          1.          0.        ]
 [-0.98816547  0.         -0.15339166]]",QFA_3R3,Quadrupole,True,QFarc,0.3,0.3,153.51849308850436
479,-43.668520022390865,0.0,-34.06187521903,-4.558389340372548,0.0,0.0,[-0.15339166  0.         -0.98816547],[0. 1. 0.],[ 0.98816547  0.         -0.15339166],[-43.66852002   0.         -34.06187522],"[[-0.15339166  0.          0.98816547]
 [ 0.          1.          0.        ]
 [-0.98816547  0.         -0.15339166]]",[-43.66852002   0.         -34.06187522],"[[-0.15339166  0.          0.98816547]
 [ 0.          1.          0.        ]
 [-0.98816547  0.         -0.15339166]]",Drarc::74,Drift,True,,0.4999999999999999,0.4999999999999999,153.81849308850437
480,-43.17443728636023,0.0,-34.13857104653371,-4.558389340372548,0.0,0.0,[-0.15339166  0.         -0.98816547],[0. 1. 0.],[ 0.98816547  0.         -0.15339166],[-43.17443729   0.         -34.13857105],"[[-0.15339166  0.          0.98816547]
 [ 0.          1.          0.        ]
 [-0.98816547  0.         -0.15339166]]",[-43.17443729   0.         -34.13857105],"[[-0.15339166  0.          0.98816547]
 [ 0.          1.          0.        ]
 [-0.98816547  0.         -0.15339166]]",Bend1_3R4,Bend,True,Bend,0.4,0.4,154.31849308850437
481,-42.777531842546956,0.0,-34.18771859147343,-4.6199891963235284,0.0,0.0,[-0.09226836  0.         -0.99573418],[0. 1. 0.],[ 0.99573418  0.         -0.09226836],[-42.77753184   0.         -34.18771859],"[[-0.09226836  0.          0.99573418]
 [ 0.          1.          0.        ]
 [-0.99573418  0.         -0.09226836]]",[-42.77753184   0.         -34.18771859],"[[-0.09226836  0.          0.99573418]
 [ 0.          1.          0.        ]
 [-0.99573418  0.         -0.09226836]]",Drarc..1167,DriftSlice,True,,0.19999999999998863,0.19999999999998863,154.71849308850437
482,-42.5783850072904,0.0,-34.20617226339238,-4.6199891963235284,0.0,0.0,[-0.09226836  0.         -0.99573418],[0. 1. 0.],[ 0.99573418  0.         -0.09226836],[-42.57838501   0.         -34.20617226],"[[-0.09226836  0.          0.99573418]
 [ 0.          1.          0.        ]
 [-0.99573418  0.         -0.09226836]]",[-42.57838501   0.         -34.20617226],"[[-0.09226836  0.          0.99573418]
 [ 0.          1.          0.        ]
 [-0.99573418  0.         -0.09226836]]",XD2arc_3R4,Sextupole,True,XD2arc,0.1,0.1,154.91849308850436
483,-42.478811589662115,0.0,-34.21539909935186,-4.6199891963235284,0.0,0.0,[-0.09226836  0.         -0.99573418],[0. 1. 0.],[ 0.99573418  0.         -0.09226836],[-42.47881159   0.         -34.2153991 ],"[[-0.09226836  0.          0.99573418]
 [ 0.          1.          0.        ]
 [-0.99573418  0.         -0.09226836]]",[-42.47881159   0.         -34.2153991 ],"[[-0.09226836  0.          0.99573418]
 [ 0.          1.          0.        ]
 [-0.99573418  0.         -0.09226836]]",Drarc..1169,DriftSlice,True,,0.20000000000001694,0.20000000000001694,155.01849308850436
484,-42.27966475440553,0.0,-34.233852771270826,-4.6199891963235284,0.0,0.0,[-0.09226836  0.         -0.99573418],[0. 1. 0.],[ 0.99573418  0.         -0.09226836],[-42.27966475   0.         -34.23385277],"[[-0.09226836  0.          0.99573418]
 [ 0.          1.          0.        ]
 [-0.99573418  0.         -0.09226836]]",[-42.27966475   0.         -34.23385277],"[[-0.09226836  0.          0.99573418]
 [ 0.          1.          0.        ]
 [-0.99573418  0.         -0.09226836]]",QDA_3R4,Quadrupole,True,QDarc,0.3,0.3,155.21849308850437
485,-41.980944501520675,0.0,-34.26153327914926,-4.6199891963235284,0.0,0.0,[-0.09226836  0.         -0.99573418],[0. 1. 0.],[ 0.99573418  0.         -0.09226836],[-41.9809445    0.         -34.26153328],"[[-0.09226836  0.          0.99573418]
 [ 0.          1.          0.        ]
 [-0.99573418  0.         -0.09226836]]",[-41.9809445    0.         -34.26153328],"[[-0.09226836  0.          0.99573418]
 [ 0.          1.          0.        ]
 [-0.99573418  0.         -0.09226836]]",Drarc::75,Drift,True,,0.4999999999999999,0.4999999999999999,155.51849308850439
486,-41.48307741337925,0.0,-34.30766745894665,-4.6199891963235284,0.0,0.0,[-0.09226836  0.         -0.99573418],[0. 1. 0.],[ 0.99573418  0.         -0.09226836],[-41.48307741   0.         -34.30766746],"[[-0.09226836  0.          0.99573418]
 [ 0.          1.          0.        ]
 [-0.99573418  0.         -0.09226836]]",[-41.48307741   0.         -34.30766746],"[[-0.09226836  0.          0.99573418]
 [ 0.          1.          0.        ]
 [-0.99573418  0.         -0.09226836]]",Bend2_3R4,Bend,True,Bend,0.4,0.4,156.01849308850439
487,-41.083899201314665,0.0,-34.332287928380296,-4.681589052274509,0.0,0.0,[-0.03079506  0.         -0.99952572],[0. 1. 0.],[ 0.99952572  0.         -0.03079506],[-41.0838992    0.         -34.33228793],"[[-0.03079506  0.          0.99952572]
 [ 0.          1.          0.        ]
 [-0.99952572  0.         -0.03079506]]",[-41.0838992    0.         -34.33228793],"[[-0.03079506  0.          0.99952572]
 [ 0.          1.          0.        ]
 [-0.99952572  0.         -0.03079506]]",Drarc..1209,DriftSlice,True,,0.20000000000001705,0.20000000000001705,156.4184930885044
488,-40.883994057372796,0.0,-34.33844694011828,-4.681589052274509,0.0,0.0,[-0.03079506  0.         -0.99952572],[0. 1. 0.],[ 0.99952572  0.         -0.03079506],[-40.88399406   0.         -34.33844694],"[[-0.03079506  0.          0.99952572]
 [ 0.          1.          0.        ]
 [-0.99952572  0.         -0.03079506]]",[-40.88399406   0.         -34.33844694],"[[-0.03079506  0.          0.99952572]
 [ 0.          1.          0.        ]
 [-0.99952572  0.         -0.03079506]]",XF2arc_3R4,Sextupole,True,XF2arc,0.1,0.1,156.6184930885044
489,-40.78404148540187,0.0,-34.34152644598727,-4.681589052274509,0.0,0.0,[-0.03079506  0.         -0.99952572],[0. 1. 0.],[ 0.99952572  0.         -0.03079506],[-40.78404149   0.         -34.34152645],"[[-0.03079506  0.          0.99952572]
 [ 0.          1.          0.        ]
 [-0.99952572  0.         -0.03079506]]",[-40.78404149   0.         -34.34152645],"[[-0.03079506  0.          0.99952572]
 [ 0.          1.          0.        ]
 [-0.99952572  0.         -0.03079506]]",Drarc..1211,DriftSlice,True,,0.19999999999998852,0.19999999999998852,156.7184930885044
490,-40.58413634146003,0.0,-34.347685457725255,-4.681589052274509,0.0,0.0,[-0.03079506  0.         -0.99952572],[0. 1. 0.],[ 0.99952572  0.         -0.03079506],[-40.58413634   0.         -34.34768546],"[[-0.03079506  0.          0.99952572]
 [ 0.          1.          0.        ]
 [-0.99952572  0.         -0.03079506]]",[-40.58413634   0.         -34.34768546],"[[-0.03079506  0.          0.99952572]
 [ 0.          1.          0.        ]
 [-0.99952572  0.         -0.03079506]]",QFA_3R4,Quadrupole,True,QFarc,0.3,0.3,156.9184930885044
491,-40.28427862554726,0.0,-34.35692397533223,-4.681589052274509,0.0,0.0,[-0.03079506  0.         -0.99952572],[0. 1. 0.],[ 0.99952572  0.         -0.03079506],[-40.28427863   0.         -34.35692398],"[[-0.03079506  0.          0.99952572]
 [ 0.          1.          0.        ]
 [-0.99952572  0.         -0.03079506]]",[-40.28427863   0.         -34.35692398],"[[-0.03079506  0.          0.99952572]
 [ 0.          1.          0.        ]
 [-0.99952572  0.         -0.03079506]]",Drarc::76,Drift,True,,0.4999999999999999,0.4999999999999999,157.2184930885044
492,-39.78451576569264,0.0,-34.37232150467719,-4.681589052274509,0.0,0.0,[-0.03079506  0.         -0.99952572],[0. 1. 0.],[ 0.99952572  0.         -0.03079506],[-39.78451577   0.         -34.3723215 ],"[[-0.03079506  0.          0.99952572]
 [ 0.          1.          0.        ]
 [-0.99952572  0.         -0.03079506]]",[-39.78451577   0.         -34.3723215 ],"[[-0.03079506  0.          0.99952572]
 [ 0.          1.          0.        ]
 [-0.99952572  0.         -0.03079506]]",Bend1_3R5,Bend,True,Bend,0.4,0.4,157.7184930885044
493,-39.3845790050639,0.0,-34.372321504731055,-4.743188908225489,0.0,0.0,[ 0.03079506  0.         -0.99952572],[0. 1. 0.],[0.99952572 0.         0.03079506],[-39.38457901   0.         -34.3723215 ],"[[ 0.03079506  0.          0.99952572]
 [ 0.          1.          0.        ]
 [-0.99952572  0.          0.03079506]]",[-39.38457901   0.         -34.3723215 ],"[[ 0.03079506  0.          0.99952572]
 [ 0.          1.          0.        ]
 [-0.99952572  0.          0.03079506]]",Drarc..1146,DriftSlice,True,,0.19999999999998863,0.19999999999998863,158.1184930885044
494,-39.1846738611204,0.0,-34.36616249304692,-4.743188908225489,0.0,0.0,[ 0.03079506  0.         -0.99952572],[0. 1. 0.],[0.99952572 0.         0.03079506],[-39.18467386   0.         -34.36616249],"[[ 0.03079506  0.          0.99952572]
 [ 0.          1.          0.        ]
 [-0.99952572  0.          0.03079506]]",[-39.18467386   0.         -34.36616249],"[[ 0.03079506  0.          0.99952572]
 [ 0.          1.          0.        ]
 [-0.99952572  0.          0.03079506]]",XD1arc_3R5,Sextupole,True,XD1arc,0.1,0.1,158.3184930885044
495,-39.084721289148646,0.0,-34.363082987204855,-4.743188908225489,0.0,0.0,[ 0.03079506  0.         -0.99952572],[0. 1. 0.],[0.99952572 0.         0.03079506],[-39.08472129   0.         -34.36308299],"[[ 0.03079506  0.          0.99952572]
 [ 0.          1.          0.        ]
 [-0.99952572  0.          0.03079506]]",[-39.08472129   0.         -34.36308299],"[[ 0.03079506  0.          0.99952572]
 [ 0.          1.          0.        ]
 [-0.99952572  0.          0.03079506]]",Drarc..1148,DriftSlice,True,,0.20000000000001694,0.20000000000001694,158.4184930885044
496,-38.88481614520512,0.0,-34.35692397552072,-4.743188908225489,0.0,0.0,[ 0.03079506  0.         -0.99952572],[0. 1. 0.],[0.99952572 0.         0.03079506],[-38.88481615   0.         -34.35692398],"[[ 0.03079506  0.          0.99952572]
 [ 0.          1.          0.        ]
 [-0.99952572  0.          0.03079506]]",[-38.88481615   0.         -34.35692398],"[[ 0.03079506  0.          0.99952572]
 [ 0.          1.          0.        ]
 [-0.99952572  0.          0.03079506]]",QDA_3R5,Quadrupole,True,QDarc,0.3,0.3,158.6184930885044
497,-38.58495842928986,0.0,-34.34768545799452,-4.743188908225489,0.0,0.0,[ 0.03079506  0.         -0.99952572],[0. 1. 0.],[0.99952572 0.         0.03079506],[-38.58495843   0.         -34.34768546],"[[ 0.03079506  0.          0.99952572]
 [ 0.          1.          0.        ]
 [-0.99952572  0.          0.03079506]]",[-38.58495843   0.         -34.34768546],"[[ 0.03079506  0.          0.99952572]
 [ 0.          1.          0.        ]
 [-0.99952572  0.          0.03079506]]",Drarc::77,Drift,True,,0.4999999999999999,0.4999999999999999,158.91849308850442
498,-38.08519556943109,0.0,-34.33228792878419,-4.743188908225489,0.0,0.0,[ 0.03079506  0.         -0.99952572],[0. 1. 0.],[0.99952572 0.         0.03079506],[-38.08519557   0.         -34.33228793],"[[ 0.03079506  0.          0.99952572]
 [ 0.          1.          0.        ]
 [-0.99952572  0.          0.03079506]]",[-38.08519557   0.         -34.33228793],"[[ 0.03079506  0.          0.99952572]
 [ 0.          1.          0.        ]
 [-0.99952572  0.          0.03079506]]",Bend2_3R5,Bend,True,Bend,0.4,0.4,159.41849308850442
499,-37.68601735735987,0.0,-34.30766745945808,-4.80478876417647,0.0,0.0,[ 0.09226836  0.         -0.99573418],[0. 1. 0.],[0.99573418 0.         0.09226836],[-37.68601736   0.         -34.30766746],"[[ 0.09226836  0.          0.99573418]
 [ 0.          1.          0.        ]
 [-0.99573418  0.          0.09226836]]",[-37.68601736   0.         -34.30766746],"[[ 0.09226836  0.          0.99573418]
 [ 0.          1.          0.        ]
 [-0.99573418  0.          0.09226836]]",Drarc..1194,DriftSlice,True,,0.20000000000001705,0.20000000000001705,159.81849308850443
500,-37.486870522098314,0.0,-34.289213787592765,-4.80478876417647,0.0,0.0,[ 0.09226836  0.         -0.99573418],[0. 1. 0.],[0.99573418 0.         0.09226836],[-37.48687052   0.         -34.28921379],"[[ 0.09226836  0.          0.99573418]
 [ 0.          1.          0.        ]
 [-0.99573418  0.          0.09226836]]",[-37.48687052   0.         -34.28921379],"[[ 0.09226836  0.          0.99573418]
 [ 0.          1.          0.        ]
 [-0.99573418  0.          0.09226836]]",XF1arc_3R5,Sextupole,True,XF1arc,0.1,0.1,160.01849308850444
501,-37.38729710446754,0.0,-34.279986951660106,-4.80478876417647,0.0,0.0,[ 0.09226836  0.         -0.99573418],[0. 1. 0.],[0.99573418 0.         0.09226836],[-37.3872971    0.         -34.27998695],"[[ 0.09226836  0.          0.99573418]
 [ 0.          1.          0.        ]
 [-0.99573418  0.          0.09226836]]",[-37.3872971    0.         -34.27998695],"[[ 0.09226836  0.          0.99573418]
 [ 0.          1.          0.        ]
 [-0.99573418  0.          0.09226836]]",Drarc..1196,DriftSlice,True,,0.19999999999998852,0.19999999999998852,160.11849308850444
502,-37.18815026920601,0.0,-34.2615332797948,-4.80478876417647,0.0,0.0,[ 0.09226836  0.         -0.99573418],[0. 1. 0.],[0.99573418 0.         0.09226836],[-37.18815027   0.         -34.26153328],"[[ 0.09226836  0.          0.99573418]
 [ 0.          1.          0.        ]
 [-0.99573418  0.          0.09226836]]",[-37.18815027   0.         -34.26153328],"[[ 0.09226836  0.          0.99573418]
 [ 0.          1.          0.        ]
 [-0.99573418  0.          0.09226836]]",QFA_3R5,Quadrupole,True,QFarc,0.3,0.3,160.31849308850443
503,-36.8894300163137,0.0,-34.23385277199683,-4.80478876417647,0.0,0.0,[ 0.09226836  0.         -0.99573418],[0. 1. 0.],[0.99573418 0.         0.09226836],[-36.88943002   0.         -34.23385277],"[[ 0.09226836  0.          0.99573418]
 [ 0.          1.          0.        ]
 [-0.99573418  0.          0.09226836]]",[-36.88943002   0.         -34.23385277],"[[ 0.09226836  0.          0.99573418]
 [ 0.          1.          0.        ]
 [-0.99573418  0.          0.09226836]]",Drarc::78,Drift,True,,0.4999999999999999,0.4999999999999999,160.61849308850444
504,-36.39156292815985,0.0,-34.18771859233355,-4.80478876417647,0.0,0.0,[ 0.09226836  0.         -0.99573418],[0. 1. 0.],[0.99573418 0.         0.09226836],[-36.39156293   0.         -34.18771859],"[[ 0.09226836  0.          0.99573418]
 [ 0.          1.          0.        ]
 [-0.99573418  0.          0.09226836]]",[-36.39156293   0.         -34.18771859],"[[ 0.09226836  0.          0.99573418]
 [ 0.          1.          0.        ]
 [-0.99573418  0.          0.09226836]]",Bend1_3R6,Bend,True,Bend,0.4,0.4,161.11849308850444
505,-35.99465748433334,0.0,-34.13857104750076,-4.86638862012745,0.0,0.0,[ 0.15339165  0.         -0.98816547],[0. 1. 0.],[0.98816547 0.         0.15339165],[-35.99465748   0.         -34.13857105],"[[ 0.15339165  0.          0.98816547]
 [ 0.          1.          0.        ]
 [-0.98816547  0.          0.15339165]]",[-35.99465748   0.         -34.13857105],"[[ 0.15339165  0.          0.98816547]
 [ 0.          1.          0.        ]
 [-0.98816547  0.          0.15339165]]",Drarc..1170,DriftSlice,True,,0.19999999999998863,0.19999999999998863,161.51849308850444
506,-35.79702438991283,0.0,-34.10789271655251,-4.86638862012745,0.0,0.0,[ 0.15339165  0.         -0.98816547],[0. 1. 0.],[0.98816547 0.         0.15339165],[-35.79702439   0.         -34.10789272],"[[ 0.15339165  0.          0.98816547]
 [ 0.          1.          0.        ]
 [-0.98816547  0.          0.15339165]]",[-35.79702439   0.         -34.10789272],"[[ 0.15339165  0.          0.98816547]
 [ 0.          1.          0.        ]
 [-0.98816547  0.          0.15339165]]",XD2arc_3R6,Sextupole,True,XD2arc,0.1,0.1,161.71849308850443
507,-35.698207842702566,0.0,-34.09255355107839,-4.86638862012745,0.0,0.0,[ 0.15339165  0.         -0.98816547],[0. 1. 0.],[0.98816547 0.         0.15339165],[-35.69820784   0.         -34.09255355],"[[ 0.15339165  0.          0.98816547]
 [ 0.          1.          0.        ]
 [-0.98816547  0.          0.15339165]]",[-35.69820784   0.         -34.09255355],"[[ 0.15339165  0.          0.98816547]
 [ 0.          1.          0.        ]
 [-0.98816547  0.          0.15339165]]",Drarc..1172,DriftSlice,True,,0.20000000000001694,0.20000000000001694,161.81849308850443
508,-35.50057474828203,0.0,-34.06187522013014,-4.86638862012745,0.0,0.0,[ 0.15339165  0.         -0.98816547],[0. 1. 0.],[0.98816547 0.         0.15339165],[-35.50057475   0.         -34.06187522],"[[ 0.15339165  0.          0.98816547]
 [ 0.          1.          0.        ]
 [-0.98816547  0.          0.15339165]]",[-35.50057475   0.         -34.06187522],"[[ 0.15339165  0.          0.98816547]
 [ 0.          1.          0.        ]
 [-0.98816547  0.          0.15339165]]",QDA_3R6,Quadrupole,True,QDarc,0.3,0.3,162.01849308850444
509,-35.20412510665125,0.0,-34.01585772370777,-4.86638862012745,0.0,0.0,[ 0.15339165  0.         -0.98816547],[0. 1. 0.],[0.98816547 0.         0.15339165],[-35.20412511   0.         -34.01585772],"[[ 0.15339165  0.          0.98816547]
 [ 0.          1.          0.        ]
 [-0.98816547  0.          0.15339165]]",[-35.20412511   0.         -34.01585772],"[[ 0.15339165  0.          0.98816547]
 [ 0.          1.          0.        ]
 [-0.98816547  0.          0.15339165]]",Drarc::79,Drift,True,,0.4999999999999999,0.4999999999999999,162.31849308850445
510,-34.71004237059995,0.0,-33.93916189633715,-4.86638862012745,0.0,0.0,[ 0.15339165  0.         -0.98816547],[0. 1. 0.],[0.98816547 0.         0.15339165],[-34.71004237   0.         -33.9391619 ],"[[ 0.15339165  0.          0.98816547]
 [ 0.          1.          0.        ]
 [-0.98816547  0.          0.15339165]]",[-34.71004237   0.         -33.9391619 ],"[[ 0.15339165  0.          0.98816547]
 [ 0.          1.          0.        ]
 [-0.98816547  0.          0.15339165]]",Bend2_3R6,Bend,True,Bend,0.4,0.4,162.81849308850445
511,-34.31691529331689,0.0,-33.86567370946952,-4.927988476078431,0.0,0.0,[ 0.21393308  0.         -0.97684832],[0. 1. 0.],[0.97684832 0.         0.21393308],[-34.31691529   0.         -33.86567371],"[[ 0.21393308  0.          0.97684832]
 [ 0.          1.          0.        ]
 [-0.97684832  0.          0.21393308]]",[-34.31691529   0.         -33.86567371],"[[ 0.21393308  0.          0.97684832]
 [ 0.          1.          0.        ]
 [-0.97684832  0.          0.21393308]]",Drarc..1212,DriftSlice,True,,0.20000000000001705,0.20000000000001705,163.21849308850446
512,-34.12154562975893,0.0,-33.82288709285574,-4.927988476078431,0.0,0.0,[ 0.21393308  0.         -0.97684832],[0. 1. 0.],[0.97684832 0.         0.21393308],[-34.12154563   0.         -33.82288709],"[[ 0.21393308  0.          0.97684832]
 [ 0.          1.          0.        ]
 [-0.97684832  0.          0.21393308]]",[-34.12154563   0.         -33.82288709],"[[ 0.21393308  0.          0.97684832]
 [ 0.          1.          0.        ]
 [-0.97684832  0.          0.21393308]]",XF2arc_3R6,Sextupole,True,XF2arc,0.1,0.1,163.41849308850448
513,-34.02386079797996,0.0,-33.801493784548846,-4.927988476078431,0.0,0.0,[ 0.21393308  0.         -0.97684832],[0. 1. 0.],[0.97684832 0.         0.21393308],[-34.0238608    0.         -33.80149378],"[[ 0.21393308  0.          0.97684832]
 [ 0.          1.          0.        ]
 [-0.97684832  0.          0.21393308]]",[-34.0238608    0.         -33.80149378],"[[ 0.21393308  0.          0.97684832]
 [ 0.          1.          0.        ]
 [-0.97684832  0.          0.21393308]]",Drarc..1214,DriftSlice,True,,0.19999999999998852,0.19999999999998852,163.51849308850447
514,-33.82849113442202,0.0,-33.758707167935064,-4.927988476078431,0.0,0.0,[ 0.21393308  0.         -0.97684832],[0. 1. 0.],[0.97684832 0.         0.21393308],[-33.82849113   0.         -33.75870717],"[[ 0.21393308  0.          0.97684832]
 [ 0.          1.          0.        ]
 [-0.97684832  0.          0.21393308]]",[-33.82849113   0.         -33.75870717],"[[ 0.21393308  0.          0.97684832]
 [ 0.          1.          0.        ]
 [-0.97684832  0.          0.21393308]]",QFA_3R6,Quadrupole,True,QFarc,0.3,0.3,163.71849308850446
515,-33.535436639085106,0.0,-33.69452724301439,-4.927988476078431,0.0,0.0,[ 0.21393308  0.         -0.97684832],[0. 1. 0.],[0.97684832 0.         0.21393308],[-33.53543664   0.         -33.69452724],"[[ 0.21393308  0.          0.97684832]
 [ 0.          1.          0.        ]
 [-0.97684832  0.          0.21393308]]",[-33.53543664   0.         -33.69452724],"[[ 0.21393308  0.          0.97684832]
 [ 0.          1.          0.        ]
 [-0.97684832  0.          0.21393308]]",Drarc::80,Drift,True,,0.4999999999999999,0.4999999999999999,164.01849308850447
516,-33.04701248019024,0.0,-33.58756070147994,-4.927988476078431,0.0,0.0,[ 0.21393308  0.         -0.97684832],[0. 1. 0.],[0.97684832 0.         0.21393308],[-33.04701248   0.         -33.5875607 ],"[[ 0.21393308  0.          0.97684832]
 [ 0.          1.          0.        ]
 [-0.97684832  0.          0.21393308]]",[-33.04701248   0.         -33.5875607 ],"[[ 0.21393308  0.          0.97684832]
 [ 0.          1.          0.        ]
 [-0.97684832  0.          0.21393308]]",Bend1_3R7,Bend,True,Bend,0.4,0.4,164.51849308850447
517,-32.65915503511089,0.0,-33.49001063844186,-4.989588332029411,0.0,0.0,[ 0.27366299  0.         -0.96182564],[0. 1. 0.],[0.96182564 0.         0.27366299],[-32.65915504   0.         -33.49001064],"[[ 0.27366299  0.          0.96182564]
 [ 0.          1.          0.        ]
 [-0.96182564  0.          0.27366299]]",[-32.65915504   0.         -33.49001064],"[[ 0.27366299  0.          0.96182564]
 [ 0.          1.          0.        ]
 [-0.96182564  0.          0.27366299]]",Drarc..1149,DriftSlice,True,,0.19999999999998863,0.19999999999998863,164.91849308850448
518,-32.466789906468534,0.0,-33.43527804045488,-4.989588332029411,0.0,0.0,[ 0.27366299  0.         -0.96182564],[0. 1. 0.],[0.96182564 0.         0.27366299],[-32.46678991   0.         -33.43527804],"[[ 0.27366299  0.          0.96182564]
 [ 0.          1.          0.        ]
 [-0.96182564  0.          0.27366299]]",[-32.46678991   0.         -33.43527804],"[[ 0.27366299  0.          0.96182564]
 [ 0.          1.          0.        ]
 [-0.96182564  0.          0.27366299]]",XD1arc_3R7,Sextupole,True,XD1arc,0.1,0.1,165.11849308850447
519,-32.37060734214735,0.0,-33.40791174146139,-4.989588332029411,0.0,0.0,[ 0.27366299  0.         -0.96182564],[0. 1. 0.],[0.96182564 0.         0.27366299],[-32.37060734   0.         -33.40791174],"[[ 0.27366299  0.          0.96182564]
 [ 0.          1.          0.        ]
 [-0.96182564  0.          0.27366299]]",[-32.37060734   0.         -33.40791174],"[[ 0.27366299  0.          0.96182564]
 [ 0.          1.          0.        ]
 [-0.96182564  0.          0.27366299]]",Drarc..1151,DriftSlice,True,,0.20000000000001694,0.20000000000001694,165.21849308850446
520,-32.178242213504966,0.0,-33.35317914347441,-4.989588332029411,0.0,0.0,[ 0.27366299  0.         -0.96182564],[0. 1. 0.],[0.96182564 0.         0.27366299],[-32.17824221   0.         -33.35317914],"[[ 0.27366299  0.          0.96182564]
 [ 0.          1.          0.        ]
 [-0.96182564  0.          0.27366299]]",[-32.17824221   0.         -33.35317914],"[[ 0.27366299  0.          0.96182564]
 [ 0.          1.          0.        ]
 [-0.96182564  0.          0.27366299]]",QDA_3R7,Quadrupole,True,QDarc,0.3,0.3,165.41849308850448
521,-31.88969452054141,0.0,-33.27108024649393,-4.989588332029411,0.0,0.0,[ 0.27366299  0.         -0.96182564],[0. 1. 0.],[0.96182564 0.         0.27366299],[-31.88969452   0.         -33.27108025],"[[ 0.27366299  0.          0.96182564]
 [ 0.          1.          0.        ]
 [-0.96182564  0.          0.27366299]]",[-31.88969452   0.         -33.27108025],"[[ 0.27366299  0.          0.96182564]
 [ 0.          1.          0.        ]
 [-0.96182564  0.          0.27366299]]",Drarc::81,Drift,True,,0.4999999999999999,0.4999999999999999,165.7184930885045
522,-31.40878169893549,0.0,-33.13424875152647,-4.989588332029411,0.0,0.0,[ 0.27366299  0.         -0.96182564],[0. 1. 0.],[0.96182564 0.         0.27366299],[-31.4087817    0.         -33.13424875],"[[ 0.27366299  0.          0.96182564]
 [ 0.          1.          0.        ]
 [-0.96182564  0.          0.27366299]]",[-31.4087817    0.         -33.13424875],"[[ 0.27366299  0.          0.96182564]
 [ 0.          1.          0.        ]
 [-0.96182564  0.          0.27366299]]",Bend2_3R7,Bend,True,Bend,0.4,0.4,166.2184930885045
523,-31.02766516220018,0.0,-33.013006853120444,-5.051188187980392,0.0,0.0,[ 0.3323548   0.         -0.94315443],[0. 1. 0.],[0.94315443 0.         0.3323548 ],[-31.02766516   0.         -33.01300685],"[[ 0.3323548   0.          0.94315443]
 [ 0.          1.          0.        ]
 [-0.94315443  0.          0.3323548 ]]",[-31.02766516   0.         -33.01300685],"[[ 0.3323548   0.          0.94315443]
 [ 0.          1.          0.        ]
 [-0.94315443  0.          0.3323548 ]]",Drarc..1224,DriftSlice,True,,0.20000000000001705,0.20000000000001705,166.6184930885045
524,-30.83903427529631,0.0,-32.94653589325174,-5.051188187980392,0.0,0.0,[ 0.3323548   0.         -0.94315443],[0. 1. 0.],[0.94315443 0.         0.3323548 ],[-30.83903428   0.         -32.94653589],"[[ 0.3323548   0.          0.94315443]
 [ 0.          1.          0.        ]
 [-0.94315443  0.          0.3323548 ]]",[-30.83903428   0.         -32.94653589],"[[ 0.3323548   0.          0.94315443]
 [ 0.          1.          0.        ]
 [-0.94315443  0.          0.3323548 ]]",XF1arc_3R7,Sextupole,True,XF1arc,0.1,0.1,166.8184930885045
525,-30.744718831844384,0.0,-32.913300413317394,-5.051188187980392,0.0,0.0,[ 0.3323548   0.         -0.94315443],[0. 1. 0.],[0.94315443 0.         0.3323548 ],[-30.74471883   0.         -32.91330041],"[[ 0.3323548   0.          0.94315443]
 [ 0.          1.          0.        ]
 [-0.94315443  0.          0.3323548 ]]",[-30.74471883   0.         -32.91330041],"[[ 0.3323548   0.          0.94315443]
 [ 0.          1.          0.        ]
 [-0.94315443  0.          0.3323548 ]]",Drarc..1226,DriftSlice,True,,0.19999999999998852,0.19999999999998852,166.9184930885045
526,-30.556087944940543,0.0,-32.8468294534487,-5.051188187980392,0.0,0.0,[ 0.3323548   0.         -0.94315443],[0. 1. 0.],[0.94315443 0.         0.3323548 ],[-30.55608794   0.         -32.84682945],"[[ 0.3323548   0.          0.94315443]
 [ 0.          1.          0.        ]
 [-0.94315443  0.          0.3323548 ]]",[-30.55608794   0.         -32.84682945],"[[ 0.3323548   0.          0.94315443]
 [ 0.          1.          0.        ]
 [-0.94315443  0.          0.3323548 ]]",QFA_M3R7,Quadrupole,True,QFarcM,0.3,0.3,167.1184930885045
527,-30.273141614584766,0.0,-32.74712301364565,-5.051188187980392,0.0,0.0,[ 0.3323548   0.         -0.94315443],[0. 1. 0.],[0.94315443 0.         0.3323548 ],[-30.27314161   0.         -32.74712301],"[[ 0.3323548   0.          0.94315443]
 [ 0.          1.          0.        ]
 [-0.94315443  0.          0.3323548 ]]",[-30.27314161   0.         -32.74712301],"[[ 0.3323548   0.          0.94315443]
 [ 0.          1.          0.        ]
 [-0.94315443  0.          0.3323548 ]]",Drarc::82,Drift,True,,0.4999999999999999,0.4999999999999999,167.4184930885045
528,-29.801564397325137,0.0,-32.5809456139739,-5.051188187980392,0.0,0.0,[ 0.3323548   0.         -0.94315443],[0. 1. 0.],[0.94315443 0.         0.3323548 ],[-29.8015644    0.         -32.58094561],"[[ 0.3323548   0.          0.94315443]
 [ 0.          1.          0.        ]
 [-0.94315443  0.          0.3323548 ]]",[-29.8015644    0.         -32.58094561],"[[ 0.3323548   0.          0.94315443]
 [ 0.          1.          0.        ]
 [-0.94315443  0.          0.3323548 ]]",Bend1_3R8,Bend,True,Bend,0.4,0.4,167.9184930885045
529,-29.428634474499912,0.0,-32.43647179224905,-5.112788043931372,0.0,0.0,[ 0.38978587  0.         -0.92090552],[0. 1. 0.],[0.92090552 0.         0.38978587],[-29.42863447   0.         -32.43647179],"[[ 0.38978587  0.          0.92090552]
 [ 0.          1.          0.        ]
 [-0.92090552  0.          0.38978587]]",[-29.42863447   0.         -32.43647179],"[[ 0.38978587  0.          0.92090552]
 [ 0.          1.          0.        ]
 [-0.92090552  0.          0.38978587]]",Drarc..1182,DriftSlice,True,,0.19999999999998863,0.19999999999998863,168.3184930885045
530,-29.24445337089954,0.0,-32.35851461761744,-5.112788043931372,0.0,0.0,[ 0.38978587  0.         -0.92090552],[0. 1. 0.],[0.92090552 0.         0.38978587],[-29.24445337   0.         -32.35851462],"[[ 0.38978587  0.          0.92090552]
 [ 0.          1.          0.        ]
 [-0.92090552  0.          0.38978587]]",[-29.24445337   0.         -32.35851462],"[[ 0.38978587  0.          0.92090552]
 [ 0.          1.          0.        ]
 [-0.92090552  0.          0.38978587]]",XD2arc_3R8,Sextupole,True,XD2arc,0.1,0.1,168.5184930885045
531,-29.15236281909935,0.0,-32.31953603030163,-5.112788043931372,0.0,0.0,[ 0.38978587  0.         -0.92090552],[0. 1. 0.],[0.92090552 0.         0.38978587],[-29.15236282   0.         -32.31953603],"[[ 0.38978587  0.          0.92090552]
 [ 0.          1.          0.        ]
 [-0.92090552  0.          0.38978587]]",[-29.15236282   0.         -32.31953603],"[[ 0.38978587  0.          0.92090552]
 [ 0.          1.          0.        ]
 [-0.92090552  0.          0.38978587]]",Drarc..1184,DriftSlice,True,,0.20000000000001694,0.20000000000001694,168.6184930885045
532,-28.96818171549895,0.0,-32.24157885567,-5.112788043931372,0.0,0.0,[ 0.38978587  0.         -0.92090552],[0. 1. 0.],[0.92090552 0.         0.38978587],[-28.96818172   0.         -32.24157886],"[[ 0.38978587  0.          0.92090552]
 [ 0.          1.          0.        ]
 [-0.92090552  0.          0.38978587]]",[-28.96818172   0.         -32.24157886],"[[ 0.38978587  0.          0.92090552]
 [ 0.          1.          0.        ]
 [-0.92090552  0.          0.38978587]]",QDA_M3R8,Quadrupole,True,QDarcM,0.3,0.3,168.8184930885045
533,-28.691910060098376,0.0,-32.12464309372257,-5.112788043931372,0.0,0.0,[ 0.38978587  0.         -0.92090552],[0. 1. 0.],[0.92090552 0.         0.38978587],[-28.69191006   0.         -32.12464309],"[[ 0.38978587  0.          0.92090552]
 [ 0.          1.          0.        ]
 [-0.92090552  0.          0.38978587]]",[-28.69191006   0.         -32.12464309],"[[ 0.38978587  0.          0.92090552]
 [ 0.          1.          0.        ]
 [-0.92090552  0.          0.38978587]]",Drarc::83,Drift,True,,0.4999999999999999,0.4999999999999999,169.11849308850452
534,-28.231457301097418,0.0,-31.929750157143516,-5.112788043931372,0.0,0.0,[ 0.38978587  0.         -0.92090552],[0. 1. 0.],[0.92090552 0.         0.38978587],[-28.2314573    0.         -31.92975016],"[[ 0.38978587  0.          0.92090552]
 [ 0.          1.          0.        ]
 [-0.92090552  0.          0.38978587]]",[-28.2314573    0.         -31.92975016],"[[ 0.38978587  0.          0.92090552]
 [ 0.          1.          0.        ]
 [-0.92090552  0.          0.38978587]]",Bend2_3R8,Bend,True,Bend,0.4,0.4,169.61849308850452
535,-27.868128643117632,0.0,-31.762592450791637,-5.174387899882353,0.0,0.0,[ 0.44573836  0.         -0.89516329],[0. 1. 0.],[0.89516329 0.         0.44573836],[-27.86812864   0.         -31.76259245],"[[ 0.44573836  0.          0.89516329]
 [ 0.          1.          0.        ]
 [-0.89516329  0.          0.44573836]]",[-27.86812864   0.         -31.76259245],"[[ 0.44573836  0.          0.89516329]
 [ 0.          1.          0.        ]
 [-0.89516329  0.          0.44573836]]",DrarcS..42,DriftSlice,True,,0.20000000000001705,0.20000000000001705,170.01849308850453
536,-27.689095984833422,0.0,-31.6734447796628,-5.174387899882353,0.0,0.0,[ 0.44573836  0.         -0.89516329],[0. 1. 0.],[0.89516329 0.         0.44573836],[-27.68909598   0.         -31.67344478],"[[ 0.44573836  0.          0.89516329]
 [ 0.          1.          0.        ]
 [-0.89516329  0.          0.44573836]]",[-27.68909598   0.         -31.67344478],"[[ 0.44573836  0.          0.89516329]
 [ 0.          1.          0.        ]
 [-0.89516329  0.          0.44573836]]",XF2arc_3R,Sextupole,True,XF2arc,0.1,0.1,170.21849308850454
537,-27.599579655691322,0.0,-31.628870944098384,-5.174387899882353,0.0,0.0,[ 0.44573836  0.         -0.89516329],[0. 1. 0.],[0.89516329 0.         0.44573836],[-27.59957966   0.         -31.62887094],"[[ 0.44573836  0.          0.89516329]
 [ 0.          1.          0.        ]
 [-0.89516329  0.          0.44573836]]",[-27.59957966   0.         -31.62887094],"[[ 0.44573836  0.          0.89516329]
 [ 0.          1.          0.        ]
 [-0.89516329  0.          0.44573836]]",DrarcS..44,DriftSlice,True,,0.19999999999998852,0.19999999999998852,170.31849308850454
538,-27.420546997407136,0.0,-31.53972327296956,-5.174387899882353,0.0,0.0,[ 0.44573836  0.         -0.89516329],[0. 1. 0.],[0.89516329 0.         0.44573836],[-27.420547     0.         -31.53972327],"[[ 0.44573836  0.          0.89516329]
 [ 0.          1.          0.        ]
 [-0.89516329  0.          0.44573836]]",[-27.420547     0.         -31.53972327],"[[ 0.44573836  0.          0.89516329]
 [ 0.          1.          0.        ]
 [-0.89516329  0.          0.44573836]]",QFDS_3R,Quadrupole,True,QFDS,0.3,0.3,170.51849308850453
539,-27.15199800998084,0.0,-31.406001766276315,-5.174387899882353,0.0,0.0,[ 0.44573836  0.         -0.89516329],[0. 1. 0.],[0.89516329 0.         0.44573836],[-27.15199801   0.         -31.40600177],"[[ 0.44573836  0.          0.89516329]
 [ 0.          1.          0.        ]
 [-0.89516329  0.          0.44573836]]",[-27.15199801   0.         -31.40600177],"[[ 0.44573836  0.          0.89516329]
 [ 0.          1.          0.        ]
 [-0.89516329  0.          0.44573836]]",DrDSL..156,DriftSlice,True,,1.964999999999975,1.964999999999975,170.81849308850454
540,-25.393002142338627,0.0,-30.530125897435575,-5.174387899882353,0.0,0.0,[ 0.44573836  0.         -0.89516329],[0. 1. 0.],[0.89516329 0.         0.44573836],[-25.39300214   0.         -30.5301259 ],"[[ 0.44573836  0.          0.89516329]
 [ 0.          1.          0.        ]
 [-0.89516329  0.          0.44573836]]",[-25.39300214   0.         -30.5301259 ],"[[ 0.44573836  0.          0.89516329]
 [ 0.          1.          0.        ]
 [-0.89516329  0.          0.44573836]]",QDDoubDS_3R,Quadrupole,True,,0.3,0.3,172.7834930885045
541,-25.12445315491233,0.0,-30.39640439074233,-5.174387899882353,0.0,0.0,[ 0.44573836  0.         -0.89516329],[0. 1. 0.],[0.89516329 0.         0.44573836],[-25.12445315   0.         -30.39640439],"[[ 0.44573836  0.          0.89516329]
 [ 0.          1.          0.        ]
 [-0.89516329  0.          0.44573836]]",[-25.12445315   0.         -30.39640439],"[[ 0.44573836  0.          0.89516329]
 [ 0.          1.          0.        ]
 [-0.89516329  0.          0.44573836]]",DrDSL..158,DriftSlice,True,,0.08500000000001329,0.08500000000001329,173.08349308850453
542,-25.048364275141534,0.0,-30.35851663051257,-5.174387899882353,0.0,0.0,[ 0.44573836  0.         -0.89516329],[0. 1. 0.],[0.89516329 0.         0.44573836],[-25.04836428   0.         -30.35851663],"[[ 0.44573836  0.          0.89516329]
 [ 0.          1.          0.        ]
 [-0.89516329  0.          0.44573836]]",[-25.04836428   0.         -30.35851663],"[[ 0.44573836  0.          0.89516329]
 [ 0.          1.          0.        ]
 [-0.89516329  0.          0.44573836]]",QDDS_3R,Quadrupole,True,QDDS,0.3,0.3,173.16849308850453
543,-24.779815287715238,0.0,-30.224795123819327,-5.174387899882353,0.0,0.0,[ 0.44573836  0.         -0.89516329],[0. 1. 0.],[0.89516329 0.         0.44573836],[-24.77981529   0.         -30.22479512],"[[ 0.44573836  0.          0.89516329]
 [ 0.          1.          0.        ]
 [-0.89516329  0.          0.44573836]]",[-24.77981529   0.         -30.22479512],"[[ 0.44573836  0.          0.89516329]
 [ 0.          1.          0.        ]
 [-0.89516329  0.          0.44573836]]",Drarc::84,Drift,True,,0.4999999999999999,0.4999999999999999,173.46849308850454
544,-24.332233642004745,0.0,-30.001925945997254,-5.174387899882353,0.0,0.0,[ 0.44573836  0.         -0.89516329],[0. 1. 0.],[0.89516329 0.         0.44573836],[-24.33223364   0.         -30.00192595],"[[ 0.44573836  0.          0.89516329]
 [ 0.          1.          0.        ]
 [-0.89516329  0.          0.44573836]]",[-24.33223364   0.         -30.00192595],"[[ 0.44573836  0.          0.89516329]
 [ 0.          1.          0.        ]
 [-0.89516329  0.          0.44573836]]",BendDS_3R,Bend,True,BendDS,0.4,0.4,173.96849308850454
545,-23.979884478919516,0.0,-29.81271844145435,-5.235987755833333,0.0,0.0,[ 0.5        0.        -0.8660254],[0. 1. 0.],[0.8660254 0.        0.5      ],[-23.97988448   0.         -29.81271844],"[[ 0.5        0.         0.8660254]
 [ 0.         1.         0.       ]
 [-0.8660254  0.         0.5      ]]",[-23.97988448   0.         -29.81271844],"[[ 0.5        0.         0.8660254]
 [ 0.         1.         0.       ]
 [-0.8660254  0.         0.5      ]]",DrTrans::4,Drift,True,,0.7459011889636644,0.7459011889636644,174.36849308850455
546,-23.33391510050815,0.0,-29.43976784706919,-5.235987755833333,0.0,0.0,[ 0.5        0.        -0.8660254],[0. 1. 0.],[0.8660254 0.        0.5      ],[-23.3339151    0.         -29.43976785],"[[ 0.5        0.         0.8660254]
 [ 0.         1.         0.       ]
 [-0.8660254  0.         0.5      ]]",[-23.3339151    0.         -29.43976785],"[[ 0.5        0.         0.8660254]
 [ 0.         1.         0.       ]
 [-0.8660254  0.         0.5      ]]",QFDoub_3R,Quadrupole,True,QFDoub,0.3,0.3,175.11439427746822
547,-23.07410747935037,0.0,-29.289767847108074,-5.235987755833333,0.0,0.0,[ 0.5        0.        -0.8660254],[0. 1. 0.],[0.8660254 0.        0.5      ],[-23.07410748   0.         -29.28976785],"[[ 0.5        0.         0.8660254]
 [ 0.         1.         0.       ]
 [-0.8660254  0.         0.5      ]]",[-23.07410748   0.         -29.28976785],"[[ 0.5        0.         0.8660254]
 [ 0.         1.         0.       ]
 [-0.8660254  0.         0.5      ]]",DrDoub::4,Drift,True,,0.0683955913414822,0.0683955913414822,175.41439427746823
548,-23.014875159736672,0.0,-29.255570051446195,-5.235987755833333,0.0,0.0,[ 0.5        0.        -0.8660254],[0. 1. 0.],[0.8660254 0.        0.5      ],[-23.01487516   0.         -29.25557005],"[[ 0.5        0.         0.8660254]
 [ 0.         1.         0.       ]
 [-0.8660254  0.         0.5      ]]",[-23.01487516   0.         -29.25557005],"[[ 0.5        0.         0.8660254]
 [ 0.         1.         0.       ]
 [-0.8660254  0.         0.5      ]]",QDDoub_3R,Quadrupole,True,QDDoub,0.3,0.3,175.4827898688097
549,-22.755067538578892,0.0,-29.105570051485078,-5.235987755833333,0.0,0.0,[ 0.5        0.        -0.8660254],[0. 1. 0.],[0.8660254 0.        0.5      ],[-22.75506754   0.         -29.10557005],"[[ 0.5        0.         0.8660254]
 [ 0.         1.         0.       ]
 [-0.8660254  0.         0.5      ]]",[-22.75506754   0.         -29.10557005],"[[ 0.5        0.         0.8660254]
 [ 0.         1.         0.       ]
 [-0.8660254  0.         0.5      ]]",DrTripl::3,Drift,True,,2.5,2.5,175.78278986880972
550,-20.590004028930725,0.0,-27.855570051809092,-5.235987755833333,0.0,0.0,[ 0.5        0.        -0.8660254],[0. 1. 0.],[0.8660254 0.        0.5      ],[-20.59000403   0.         -27.85557005],"[[ 0.5        0.         0.8660254]
 [ 0.         1.         0.       ]
 [-0.8660254  0.         0.5      ]]",[-20.59000403   0.         -27.85557005],"[[ 0.5        0.         0.8660254]
 [ 0.         1.         0.       ]
 [-0.8660254  0.         0.5      ]]",QDTrip_3R1,Quadrupole,True,QDtr,0.3,0.3,178.28278986880972
551,-20.330196407772945,0.0,-27.705570051847975,-5.235987755833333,0.0,0.0,[ 0.5        0.        -0.8660254],[0. 1. 0.],[0.8660254 0.        0.5      ],[-20.33019641   0.         -27.70557005],"[[ 0.5        0.         0.8660254]
 [ 0.         1.         0.       ]
 [-0.8660254  0.         0.5      ]]",[-20.33019641   0.         -27.70557005],"[[ 0.5        0.         0.8660254]
 [ 0.         1.         0.       ]
 [-0.8660254  0.         0.5      ]]",DrTrips::4,Drift,True,,0.5653264918208467,0.5653264918208467,178.58278986880973
552,-19.840609304381456,0.0,-27.422906806010822,-5.235987755833333,0.0,0.0,[ 0.5        0.        -0.8660254],[0. 1. 0.],[0.8660254 0.        0.5      ],[-19.8406093    0.         -27.42290681],"[[ 0.5        0.         0.8660254]
 [ 0.         1.         0.       ]
 [-0.8660254  0.         0.5      ]]",[-19.8406093    0.         -27.42290681],"[[ 0.5        0.         0.8660254]
 [ 0.         1.         0.       ]
 [-0.8660254  0.         0.5      ]]",QFTripC_1L2,Quadrupole,True,QFtr,0.3,0.3,179.14811636063058
553,-19.580801683223676,0.0,-27.272906806049704,-5.235987755833333,0.0,0.0,[ 0.5        0.        -0.8660254],[0. 1. 0.],[0.8660254 0.        0.5      ],[-19.58080168   0.         -27.27290681],"[[ 0.5        0.         0.8660254]
 [ 0.         1.         0.       ]
 [-0.8660254  0.         0.5      ]]",[-19.58080168   0.         -27.27290681],"[[ 0.5        0.         0.8660254]
 [ 0.         1.         0.       ]
 [-0.8660254  0.         0.5      ]]",DrTrips::5,Drift,True,,0.5653264918208467,0.5653264918208467,179.4481163606306
554,-19.091214579832187,0.0,-26.99024356021255,-5.235987755833333,0.0,0.0,[ 0.5        0.        -0.8660254],[0. 1. 0.],[0.8660254 0.        0.5      ],[-19.09121458   0.         -26.99024356],"[[ 0.5        0.         0.8660254]
 [ 0.         1.         0.       ]
 [-0.8660254  0.         0.5      ]]",[-19.09121458   0.         -26.99024356],"[[ 0.5        0.         0.8660254]
 [ 0.         1.         0.       ]
 [-0.8660254  0.         0.5      ]]",QDTrip_1L1,Quadrupole,True,QDtr,0.3,0.3,180.01344285245145
555,-18.831406958674407,0.0,-26.840243560251434,-5.235987755833333,0.0,0.0,[ 0.5        0.        -0.8660254],[0. 1. 0.],[0.8660254 0.        0.5      ],[-18.83140696   0.         -26.84024356],"[[ 0.5        0.         0.8660254]
 [ 0.         1.         0.       ]
 [-0.8660254  0.         0.5      ]]",[-18.83140696   0.         -26.84024356],"[[ 0.5        0.         0.8660254]
 [ 0.         1.         0.       ]
 [-0.8660254  0.         0.5      ]]",DrTripl::4,Drift,True,,2.5,2.5,180.31344285245146
556,-16.66634344902624,0.0,-25.59024356057545,-5.235987755833333,0.0,0.0,[ 0.5        0.        -0.8660254],[0. 1. 0.],[0.8660254 0.        0.5      ],[-16.66634345   0.         -25.59024356],"[[ 0.5        0.         0.8660254]
 [ 0.         1.         0.       ]
 [-0.8660254  0.         0.5      ]]",[-16.66634345   0.         -25.59024356],"[[ 0.5        0.         0.8660254]
 [ 0.         1.         0.       ]
 [-0.8660254  0.         0.5      ]]",QDDoub_1L,Quadrupole,True,QDDoub,0.3,0.3,182.81344285245146
557,-16.40653582786846,0.0,-25.44024356061433,-5.235987755833333,0.0,0.0,[ 0.5        0.        -0.8660254],[0. 1. 0.],[0.8660254 0.        0.5      ],[-16.40653583   0.         -25.44024356],"[[ 0.5        0.         0.8660254]
 [ 0.         1.         0.       ]
 [-0.8660254  0.         0.5      ]]",[-16.40653583   0.         -25.44024356],"[[ 0.5        0.         0.8660254]
 [ 0.         1.         0.       ]
 [-0.8660254  0.         0.5      ]]",DrDoub::5,Drift,True,,0.0683955913414822,0.0683955913414822,183.11344285245147
558,-16.34730350825476,0.0,-25.406045764952452,-5.235987755833333,0.0,0.0,[ 0.5        0.        -0.8660254],[0. 1. 0.],[0.8660254 0.        0.5      ],[-16.34730351   0.         -25.40604576],"[[ 0.5        0.         0.8660254]
 [ 0.         1.         0.       ]
 [-0.8660254  0.         0.5      ]]",[-16.34730351   0.         -25.40604576],"[[ 0.5        0.         0.8660254]
 [ 0.         1.         0.       ]
 [-0.8660254  0.         0.5      ]]",QFDoub_1L,Quadrupole,True,QFDoub,0.3,0.3,183.18183844379294
559,-16.08749588709698,0.0,-25.256045764991335,-5.235987755833333,0.0,0.0,[ 0.5        0.        -0.8660254],[0. 1. 0.],[0.8660254 0.        0.5      ],[-16.08749589   0.         -25.25604576],"[[ 0.5        0.         0.8660254]
 [ 0.         1.         0.       ]
 [-0.8660254  0.         0.5      ]]",[-16.08749589   0.         -25.25604576],"[[ 0.5        0.         0.8660254]
 [ 0.         1.         0.       ]
 [-0.8660254  0.         0.5      ]]",DrTrans::5,Drift,True,,0.7459011889636644,0.7459011889636644,183.48183844379295
560,-15.441526508685616,0.0,-24.883095170606175,-5.235987755833333,0.0,0.0,[ 0.5        0.        -0.8660254],[0. 1. 0.],[0.8660254 0.        0.5      ],[-15.44152651   0.         -24.88309517],"[[ 0.5        0.         0.8660254]
 [ 0.         1.         0.       ]
 [-0.8660254  0.         0.5      ]]",[-15.44152651   0.         -24.88309517],"[[ 0.5        0.         0.8660254]
 [ 0.         1.         0.       ]
 [-0.8660254  0.         0.5      ]]",BendDS_1L,Bend,True,BendDS,0.4,0.4,184.22773963275662
561,-15.101493421559171,0.0,-24.672555596745408,-5.297587611784313,0.0,0.0,[ 0.55236497  0.         -0.83360239],[0. 1. 0.],[0.83360239 0.         0.55236497],[-15.10149342   0.         -24.6725556 ],"[[ 0.55236497  0.          0.83360239]
 [ 0.          1.          0.        ]
 [-0.83360239  0.          0.55236497]]",[-15.10149342   0.         -24.6725556 ],"[[ 0.55236497  0.          0.83360239]
 [ 0.          1.          0.        ]
 [-0.83360239  0.          0.55236497]]",Drarc::85,Drift,True,,0.4999999999999999,0.4999999999999999,184.62773963275663
562,-14.684692228906792,0.0,-24.396373110328266,-5.297587611784313,0.0,0.0,[ 0.55236497  0.         -0.83360239],[0. 1. 0.],[0.83360239 0.         0.55236497],[-14.68469223   0.         -24.39637311],"[[ 0.55236497  0.          0.83360239]
 [ 0.          1.          0.        ]
 [-0.83360239  0.          0.55236497]]",[-14.68469223   0.         -24.39637311],"[[ 0.55236497  0.          0.83360239]
 [ 0.          1.          0.        ]
 [-0.83360239  0.          0.55236497]]",QDDS_1L,Quadrupole,True,QDDS,0.3,0.3,185.12773963275663
563,-14.434611513315366,0.0,-24.23066361847798,-5.297587611784313,0.0,0.0,[ 0.55236497  0.         -0.83360239],[0. 1. 0.],[0.83360239 0.         0.55236497],[-14.43461151   0.         -24.23066362],"[[ 0.55236497  0.          0.83360239]
 [ 0.          1.          0.        ]
 [-0.83360239  0.          0.55236497]]",[-14.43461151   0.         -24.23066362],"[[ 0.55236497  0.          0.83360239]
 [ 0.          1.          0.        ]
 [-0.83360239  0.          0.55236497]]",DrDSL..141,DriftSlice,True,,0.08500000000000796,0.08500000000000796,185.42773963275664
564,-14.363755310564455,0.0,-24.18371259578706,-5.297587611784313,0.0,0.0,[ 0.55236497  0.         -0.83360239],[0. 1. 0.],[0.83360239 0.         0.55236497],[-14.36375531   0.         -24.1837126 ],"[[ 0.55236497  0.          0.83360239]
 [ 0.          1.          0.        ]
 [-0.83360239  0.          0.55236497]]",[-14.36375531   0.         -24.1837126 ],"[[ 0.55236497  0.          0.83360239]
 [ 0.          1.          0.        ]
 [-0.83360239  0.          0.55236497]]",QDDoubDS_1L,Quadrupole,True,,0.3,0.3,185.51273963275665
565,-14.113674594973029,0.0,-24.018003103936774,-5.297587611784313,0.0,0.0,[ 0.55236497  0.         -0.83360239],[0. 1. 0.],[0.83360239 0.         0.55236497],[-14.11367459   0.         -24.0180031 ],"[[ 0.55236497  0.          0.83360239]
 [ 0.          1.          0.        ]
 [-0.83360239  0.          0.55236497]]",[-14.11367459   0.         -24.0180031 ],"[[ 0.55236497  0.          0.83360239]
 [ 0.          1.          0.        ]
 [-0.83360239  0.          0.55236497]]",DrDSL..143,DriftSlice,True,,1.9649999999999803,1.9649999999999803,185.81273963275666
566,-12.475645907849199,0.0,-22.932605932317415,-5.297587611784313,0.0,0.0,[ 0.55236497  0.         -0.83360239],[0. 1. 0.],[0.83360239 0.         0.55236497],[-12.47564591   0.         -22.93260593],"[[ 0.55236497  0.          0.83360239]
 [ 0.          1.          0.        ]
 [-0.83360239  0.          0.55236497]]",[-12.47564591   0.         -22.93260593],"[[ 0.55236497  0.          0.83360239]
 [ 0.          1.          0.        ]
 [-0.83360239  0.          0.55236497]]",QFDS_1L,Quadrupole,True,QFDS,0.3,0.3,187.77773963275664
567,-12.225565192257772,0.0,-22.76689644046713,-5.297587611784313,0.0,0.0,[ 0.55236497  0.         -0.83360239],[0. 1. 0.],[0.83360239 0.         0.55236497],[-12.22556519   0.         -22.76689644],"[[ 0.55236497  0.          0.83360239]
 [ 0.          1.          0.        ]
 [-0.83360239  0.          0.55236497]]",[-12.22556519   0.         -22.76689644],"[[ 0.55236497  0.          0.83360239]
 [ 0.          1.          0.        ]
 [-0.83360239  0.          0.55236497]]",DrarcS..33,DriftSlice,True,,0.19999999999998863,0.19999999999998863,188.07773963275665
568,-12.05884471519683,0.0,-22.656423445900277,-5.297587611784313,0.0,0.0,[ 0.55236497  0.         -0.83360239],[0. 1. 0.],[0.83360239 0.         0.55236497],[-12.05884472   0.         -22.65642345],"[[ 0.55236497  0.          0.83360239]
 [ 0.          1.          0.        ]
 [-0.83360239  0.          0.55236497]]",[-12.05884472   0.         -22.65642345],"[[ 0.55236497  0.          0.83360239]
 [ 0.          1.          0.        ]
 [-0.83360239  0.          0.55236497]]",XF2arc_1L,Sextupole,True,XF2arc,0.1,0.1,188.27773963275664
569,-11.975484476666354,0.0,-22.60118694861685,-5.297587611784313,0.0,0.0,[ 0.55236497  0.         -0.83360239],[0. 1. 0.],[0.83360239 0.         0.55236497],[-11.97548448   0.         -22.60118695],"[[ 0.55236497  0.          0.83360239]
 [ 0.          1.          0.        ]
 [-0.83360239  0.          0.55236497]]",[-11.97548448   0.         -22.60118695],"[[ 0.55236497  0.          0.83360239]
 [ 0.          1.          0.        ]
 [-0.83360239  0.          0.55236497]]",DrarcS..35,DriftSlice,True,,0.20000000000001694,0.20000000000001694,188.37773963275663
570,-11.80876399960539,0.0,-22.490713954049983,-5.297587611784313,0.0,0.0,[ 0.55236497  0.         -0.83360239],[0. 1. 0.],[0.83360239 0.         0.55236497],[-11.808764     0.         -22.49071395],"[[ 0.55236497  0.          0.83360239]
 [ 0.          1.          0.        ]
 [-0.83360239  0.          0.55236497]]",[-11.808764     0.         -22.49071395],"[[ 0.55236497  0.          0.83360239]
 [ 0.          1.          0.        ]
 [-0.83360239  0.          0.55236497]]",Bend2_1L8,Bend,True,Bend,0.4,0.4,188.57773963275665
571,-11.482336850407268,0.0,-22.25964095959022,-5.3591874677352935,0.0,0.0,[ 0.60263464  0.         -0.79801723],[0. 1. 0.],[0.79801723 0.         0.60263464],[-11.48233685   0.         -22.25964096],"[[ 0.60263464  0.          0.79801723]
 [ 0.          1.          0.        ]
 [-0.79801723  0.          0.60263464]]",[-11.48233685   0.         -22.25964096],"[[ 0.60263464  0.          0.79801723]
 [ 0.          1.          0.        ]
 [-0.79801723  0.          0.60263464]]",Drarc::86,Drift,True,,0.4999999999999999,0.4999999999999999,188.97773963275665
572,-11.083328236720995,0.0,-21.958323641461714,-5.3591874677352935,0.0,0.0,[ 0.60263464  0.         -0.79801723],[0. 1. 0.],[0.79801723 0.         0.60263464],[-11.08332824   0.         -21.95832364],"[[ 0.60263464  0.          0.79801723]
 [ 0.          1.          0.        ]
 [-0.79801723  0.          0.60263464]]",[-11.08332824   0.         -21.95832364],"[[ 0.60263464  0.          0.79801723]
 [ 0.          1.          0.        ]
 [-0.79801723  0.          0.60263464]]",QDA_M1L8,Quadrupole,True,QDarcM,0.3,0.3,189.47773963275665
573,-10.84392306850923,0.0,-21.777533250584607,-5.3591874677352935,0.0,0.0,[ 0.60263464  0.         -0.79801723],[0. 1. 0.],[0.79801723 0.         0.60263464],[-10.84392307   0.         -21.77753325],"[[ 0.60263464  0.          0.79801723]
 [ 0.          1.          0.        ]
 [-0.79801723  0.          0.60263464]]",[-10.84392307   0.         -21.77753325],"[[ 0.60263464  0.          0.79801723]
 [ 0.          1.          0.        ]
 [-0.79801723  0.          0.60263464]]",Drarc..1005,DriftSlice,True,,0.20000000000001705,0.20000000000001705,189.77773963275666
574,-10.684319623034707,0.0,-21.657006323333192,-5.3591874677352935,0.0,0.0,[ 0.60263464  0.         -0.79801723],[0. 1. 0.],[0.79801723 0.         0.60263464],[-10.68431962   0.         -21.65700632],"[[ 0.60263464  0.          0.79801723]
 [ 0.          1.          0.        ]
 [-0.79801723  0.          0.60263464]]",[-10.68431962   0.         -21.65700632],"[[ 0.60263464  0.          0.79801723]
 [ 0.          1.          0.        ]
 [-0.79801723  0.          0.60263464]]",XD2arc_1L8,Sextupole,True,XD2arc,0.1,0.1,189.97773963275668
575,-10.604517900297452,0.0,-21.59674285970749,-5.3591874677352935,0.0,0.0,[ 0.60263464  0.         -0.79801723],[0. 1. 0.],[0.79801723 0.         0.60263464],[-10.6045179    0.         -21.59674286],"[[ 0.60263464  0.          0.79801723]
 [ 0.          1.          0.        ]
 [-0.79801723  0.          0.60263464]]",[-10.6045179    0.         -21.59674286],"[[ 0.60263464  0.          0.79801723]
 [ 0.          1.          0.        ]
 [-0.79801723  0.          0.60263464]]",Drarc..1007,DriftSlice,True,,0.19999999999998852,0.19999999999998852,190.07773963275667
576,-10.444914454822952,0.0,-21.476215932456093,-5.3591874677352935,0.0,0.0,[ 0.60263464  0.         -0.79801723],[0. 1. 0.],[0.79801723 0.         0.60263464],[-10.44491445   0.         -21.47621593],"[[ 0.60263464  0.          0.79801723]
 [ 0.          1.          0.        ]
 [-0.79801723  0.          0.60263464]]",[-10.44491445   0.         -21.47621593],"[[ 0.60263464  0.          0.79801723]
 [ 0.          1.          0.        ]
 [-0.79801723  0.          0.60263464]]",Bend1_1L8,Bend,True,Bend,0.4,0.4,190.27773963275666
577,-10.133331493539748,0.0,-21.22548605641376,-5.420787323686274,0.0,0.0,[ 0.6506183   0.         -0.75940492],[0. 1. 0.],[0.75940492 0.         0.6506183 ],[-10.13333149   0.         -21.22548606],"[[ 0.6506183   0.          0.75940492]
 [ 0.          1.          0.        ]
 [-0.75940492  0.          0.6506183 ]]",[-10.13333149   0.         -21.22548606],"[[ 0.6506183   0.          0.75940492]
 [ 0.          1.          0.        ]
 [-0.75940492  0.          0.6506183 ]]",Drarc::87,Drift,True,,0.4999999999999999,0.4999999999999999,190.67773963275667
578,-9.753629035161993,0.0,-20.90017690637047,-5.420787323686274,0.0,0.0,[ 0.6506183   0.         -0.75940492],[0. 1. 0.],[0.75940492 0.         0.6506183 ],[ -9.75362904   0.         -20.90017691],"[[ 0.6506183   0.          0.75940492]
 [ 0.          1.          0.        ]
 [-0.75940492  0.          0.6506183 ]]",[ -9.75362904   0.         -20.90017691],"[[ 0.6506183   0.          0.75940492]
 [ 0.          1.          0.        ]
 [-0.75940492  0.          0.6506183 ]]",QFA_M1L7,Quadrupole,True,QFarcM,0.3,0.3,191.17773963275667
579,-9.52580756013534,0.0,-20.704991416344495,-5.420787323686274,0.0,0.0,[ 0.6506183   0.         -0.75940492],[0. 1. 0.],[0.75940492 0.         0.6506183 ],[ -9.52580756   0.         -20.70499142],"[[ 0.6506183   0.          0.75940492]
 [ 0.          1.          0.        ]
 [-0.75940492  0.          0.6506183 ]]",[ -9.52580756   0.         -20.70499142],"[[ 0.6506183   0.          0.75940492]
 [ 0.          1.          0.        ]
 [-0.75940492  0.          0.6506183 ]]",Drarc..1047,DriftSlice,True,,0.20000000000001705,0.20000000000001705,191.47773963275668
580,-9.373926576784225,0.0,-20.574867756327166,-5.420787323686274,0.0,0.0,[ 0.6506183   0.         -0.75940492],[0. 1. 0.],[0.75940492 0.         0.6506183 ],[ -9.37392658   0.         -20.57486776],"[[ 0.6506183   0.          0.75940492]
 [ 0.          1.          0.        ]
 [-0.75940492  0.          0.6506183 ]]",[ -9.37392658   0.         -20.57486776],"[[ 0.6506183   0.          0.75940492]
 [ 0.          1.          0.        ]
 [-0.75940492  0.          0.6506183 ]]",XF1arc_1L7,Sextupole,True,XF1arc,0.1,0.1,191.6777396327567
581,-9.297986085108674,0.0,-20.509805926318506,-5.420787323686274,0.0,0.0,[ 0.6506183   0.         -0.75940492],[0. 1. 0.],[0.75940492 0.         0.6506183 ],[ -9.29798609   0.         -20.50980593],"[[ 0.6506183   0.          0.75940492]
 [ 0.          1.          0.        ]
 [-0.75940492  0.          0.6506183 ]]",[ -9.29798609   0.         -20.50980593],"[[ 0.6506183   0.          0.75940492]
 [ 0.          1.          0.        ]
 [-0.75940492  0.          0.6506183 ]]",Drarc..1049,DriftSlice,True,,0.19999999999998852,0.19999999999998852,191.7777396327567
582,-9.14610510175758,0.0,-20.3796822663012,-5.420787323686274,0.0,0.0,[ 0.6506183   0.         -0.75940492],[0. 1. 0.],[0.75940492 0.         0.6506183 ],[ -9.1461051    0.         -20.37968227],"[[ 0.6506183   0.          0.75940492]
 [ 0.          1.          0.        ]
 [-0.75940492  0.          0.6506183 ]]",[ -9.1461051    0.         -20.37968227],"[[ 0.6506183   0.          0.75940492]
 [ 0.          1.          0.        ]
 [-0.75940492  0.          0.6506183 ]]",Bend2_1L7,Bend,True,Bend,0.4,0.4,191.97773963275668
583,-8.850548269286612,0.0,-20.11024661297755,-5.4823871796372545,0.0,0.0,[ 0.69613395  0.         -0.71791192],[0. 1. 0.],[0.71791192 0.         0.69613395],[ -8.85054827   0.         -20.11024661],"[[ 0.69613395  0.          0.71791192]
 [ 0.          1.          0.        ]
 [-0.71791192  0.          0.69613395]]",[ -8.85054827   0.         -20.11024661],"[[ 0.69613395  0.          0.71791192]
 [ 0.          1.          0.        ]
 [-0.71791192  0.          0.69613395]]",Drarc::88,Drift,True,,0.4999999999999999,0.4999999999999999,192.3777396327567
584,-8.49159230769985,0.0,-19.762179640052334,-5.4823871796372545,0.0,0.0,[ 0.69613395  0.         -0.71791192],[0. 1. 0.],[0.71791192 0.         0.69613395],[ -8.49159231   0.         -19.76217964],"[[ 0.69613395  0.          0.71791192]
 [ 0.          1.          0.        ]
 [-0.71791192  0.          0.69613395]]",[ -8.49159231   0.         -19.76217964],"[[ 0.69613395  0.          0.71791192]
 [ 0.          1.          0.        ]
 [-0.71791192  0.          0.69613395]]",QDA_1L7,Quadrupole,True,QDarc,0.3,0.3,192.8777396327567
585,-8.276218730747793,0.0,-19.553339456297206,-5.4823871796372545,0.0,0.0,[ 0.69613395  0.         -0.71791192],[0. 1. 0.],[0.71791192 0.         0.69613395],[ -8.27621873   0.         -19.55333946],"[[ 0.69613395  0.          0.71791192]
 [ 0.          1.          0.        ]
 [-0.71791192  0.          0.69613395]]",[ -8.27621873   0.         -19.55333946],"[[ 0.69613395  0.          0.71791192]
 [ 0.          1.          0.        ]
 [-0.71791192  0.          0.69613395]]",Drarc..981,DriftSlice,True,,0.19999999999998863,0.19999999999998863,193.1777396327567
586,-8.132636346113097,0.0,-19.414112667127128,-5.4823871796372545,0.0,0.0,[ 0.69613395  0.         -0.71791192],[0. 1. 0.],[0.71791192 0.         0.69613395],[ -8.13263635   0.         -19.41411267],"[[ 0.69613395  0.          0.71791192]
 [ 0.          1.          0.        ]
 [-0.71791192  0.          0.69613395]]",[ -8.13263635   0.         -19.41411267],"[[ 0.69613395  0.          0.71791192]
 [ 0.          1.          0.        ]
 [-0.71791192  0.          0.69613395]]",XD1arc_1L7,Sextupole,True,XD1arc,0.1,0.1,193.3777396327567
587,-8.060845153795745,0.0,-19.344499272542084,-5.4823871796372545,0.0,0.0,[ 0.69613395  0.         -0.71791192],[0. 1. 0.],[0.71791192 0.         0.69613395],[ -8.06084515   0.         -19.34449927],"[[ 0.69613395  0.          0.71791192]
 [ 0.          1.          0.        ]
 [-0.71791192  0.          0.69613395]]",[ -8.06084515   0.         -19.34449927],"[[ 0.69613395  0.          0.71791192]
 [ 0.          1.          0.        ]
 [-0.71791192  0.          0.69613395]]",Drarc..983,DriftSlice,True,,0.20000000000001694,0.20000000000001694,193.47773963275668
588,-7.917262769161027,0.0,-19.205272483371985,-5.4823871796372545,0.0,0.0,[ 0.69613395  0.         -0.71791192],[0. 1. 0.],[0.71791192 0.         0.69613395],[ -7.91726277   0.         -19.20527248],"[[ 0.69613395  0.          0.71791192]
 [ 0.          1.          0.        ]
 [-0.71791192  0.          0.69613395]]",[ -7.91726277   0.         -19.20527248],"[[ 0.69613395  0.          0.71791192]
 [ 0.          1.          0.        ]
 [-0.71791192  0.          0.69613395]]",Bend1_1L7,Bend,True,Bend,0.4,0.4,193.6777396327567
589,-7.6388532138036656,0.0,-18.91815311448871,-5.543987035588235,0.0,0.0,[ 0.73900892  0.         -0.67369564],[0. 1. 0.],[0.67369564 0.         0.73900892],[ -7.63885321   0.         -18.91815311],"[[ 0.73900892  0.          0.67369564]
 [ 0.          1.          0.        ]
 [-0.67369564  0.          0.73900892]]",[ -7.63885321   0.         -18.91815311],"[[ 0.73900892  0.          0.67369564]
 [ 0.          1.          0.        ]
 [-0.67369564  0.          0.73900892]]",Drarc::89,Drift,True,,0.4999999999999999,0.4999999999999999,194.0777396327567
590,-7.302005391921836,0.0,-18.548648655931757,-5.543987035588235,0.0,0.0,[ 0.73900892  0.         -0.67369564],[0. 1. 0.],[0.67369564 0.         0.73900892],[ -7.30200539   0.         -18.54864866],"[[ 0.73900892  0.          0.67369564]
 [ 0.          1.          0.        ]
 [-0.67369564  0.          0.73900892]]",[ -7.30200539   0.         -18.54864866],"[[ 0.73900892  0.          0.67369564]
 [ 0.          1.          0.        ]
 [-0.67369564  0.          0.73900892]]",QFA_1L6,Quadrupole,True,QFarc,0.3,0.3,194.5777396327567
591,-7.099896698792738,0.0,-18.326945980797586,-5.543987035588235,0.0,0.0,[ 0.73900892  0.         -0.67369564],[0. 1. 0.],[0.67369564 0.         0.73900892],[ -7.0998967    0.         -18.32694598],"[[ 0.73900892  0.          0.67369564]
 [ 0.          1.          0.        ]
 [-0.67369564  0.          0.73900892]]",[ -7.0998967    0.         -18.32694598],"[[ 0.73900892  0.          0.67369564]
 [ 0.          1.          0.        ]
 [-0.67369564  0.          0.73900892]]",Drarc..1041,DriftSlice,True,,0.20000000000001705,0.20000000000001705,194.87773963275671
592,-6.965157570039994,0.0,-18.179144197374793,-5.543987035588235,0.0,0.0,[ 0.73900892  0.         -0.67369564],[0. 1. 0.],[0.67369564 0.         0.73900892],[ -6.96515757   0.         -18.1791442 ],"[[ 0.73900892  0.          0.67369564]
 [ 0.          1.          0.        ]
 [-0.67369564  0.          0.73900892]]",[ -6.96515757   0.         -18.1791442 ],"[[ 0.73900892  0.          0.67369564]
 [ 0.          1.          0.        ]
 [-0.67369564  0.          0.73900892]]",XF2arc_1L6,Sextupole,True,XF2arc,0.1,0.1,195.07773963275673
593,-6.897788005663628,0.0,-18.105243305663404,-5.543987035588235,0.0,0.0,[ 0.73900892  0.         -0.67369564],[0. 1. 0.],[0.67369564 0.         0.73900892],[ -6.89778801   0.         -18.10524331],"[[ 0.73900892  0.          0.67369564]
 [ 0.          1.          0.        ]
 [-0.67369564  0.          0.73900892]]",[ -6.89778801   0.         -18.10524331],"[[ 0.73900892  0.          0.67369564]
 [ 0.          1.          0.        ]
 [-0.67369564  0.          0.73900892]]",Drarc..1043,DriftSlice,True,,0.19999999999998852,0.19999999999998852,195.17773963275673
594,-6.763048876910903,0.0,-17.957441522240632,-5.543987035588235,0.0,0.0,[ 0.73900892  0.         -0.67369564],[0. 1. 0.],[0.67369564 0.         0.73900892],[ -6.76304888   0.         -17.95744152],"[[ 0.73900892  0.          0.67369564]
 [ 0.          1.          0.        ]
 [-0.67369564  0.          0.73900892]]",[ -6.76304888   0.         -17.95744152],"[[ 0.73900892  0.          0.67369564]
 [ 0.          1.          0.        ]
 [-0.67369564  0.          0.73900892]]",Bend2_1L6,Bend,True,Bend,0.4,0.4,195.37773963275671
595,-6.502842701473045,0.0,-17.653727579909667,-5.6055868915392155,0.0,0.0,[ 0.77908057  0.         -0.62692381],[0. 1. 0.],[0.62692381 0.         0.77908057],[ -6.5028427    0.         -17.65372758],"[[ 0.77908057  0.          0.62692381]
 [ 0.          1.          0.        ]
 [-0.62692381  0.          0.77908057]]",[ -6.5028427    0.         -17.65372758],"[[ 0.77908057  0.          0.62692381]
 [ 0.          1.          0.        ]
 [-0.62692381  0.          0.77908057]]",Drarc::90,Drift,True,,0.4999999999999999,0.4999999999999999,195.77773963275672
596,-6.18938079846358,0.0,-17.264187292697056,-5.6055868915392155,0.0,0.0,[ 0.77908057  0.         -0.62692381],[0. 1. 0.],[0.62692381 0.         0.77908057],[ -6.1893808    0.         -17.26418729],"[[ 0.77908057  0.          0.62692381]
 [ 0.          1.          0.        ]
 [-0.62692381  0.          0.77908057]]",[ -6.1893808    0.         -17.26418729],"[[ 0.77908057  0.          0.62692381]
 [ 0.          1.          0.        ]
 [-0.62692381  0.          0.77908057]]",QDA_1L6,Quadrupole,True,QDarc,0.3,0.3,196.27773963275672
597,-6.0013036566579006,0.0,-17.03046312036949,-5.6055868915392155,0.0,0.0,[ 0.77908057  0.         -0.62692381],[0. 1. 0.],[0.62692381 0.         0.77908057],[ -6.00130366   0.         -17.03046312],"[[ 0.77908057  0.          0.62692381]
 [ 0.          1.          0.        ]
 [-0.62692381  0.          0.77908057]]",[ -6.00130366   0.         -17.03046312],"[[ 0.77908057  0.          0.62692381]
 [ 0.          1.          0.        ]
 [-0.62692381  0.          0.77908057]]",Drarc..999,DriftSlice,True,,0.20000000000001705,0.20000000000001705,196.57773963275673
598,-5.875918895454104,0.0,-16.87464700548443,-5.6055868915392155,0.0,0.0,[ 0.77908057  0.         -0.62692381],[0. 1. 0.],[0.62692381 0.         0.77908057],[ -5.8759189    0.         -16.87464701],"[[ 0.77908057  0.          0.62692381]
 [ 0.          1.          0.        ]
 [-0.62692381  0.          0.77908057]]",[ -5.8759189    0.         -16.87464701],"[[ 0.77908057  0.          0.62692381]
 [ 0.          1.          0.        ]
 [-0.62692381  0.          0.77908057]]",XD2arc_1L6,Sextupole,True,XD2arc,0.1,0.1,196.77773963275675
599,-5.813226514852211,0.0,-16.79673894804191,-5.6055868915392155,0.0,0.0,[ 0.77908057  0.         -0.62692381],[0. 1. 0.],[0.62692381 0.         0.77908057],[ -5.81322651   0.         -16.79673895],"[[ 0.77908057  0.          0.62692381]
 [ 0.          1.          0.        ]
 [-0.62692381  0.          0.77908057]]",[ -5.81322651   0.         -16.79673895],"[[ 0.77908057  0.          0.62692381]
 [ 0.          1.          0.        ]
 [-0.62692381  0.          0.77908057]]",Drarc..1001,DriftSlice,True,,0.19999999999998852,0.19999999999998852,196.87773963275674
600,-5.687841753648432,0.0,-16.640922833156875,-5.6055868915392155,0.0,0.0,[ 0.77908057  0.         -0.62692381],[0. 1. 0.],[0.62692381 0.         0.77908057],[ -5.68784175   0.         -16.64092283],"[[ 0.77908057  0.          0.62692381]
 [ 0.          1.          0.        ]
 [-0.62692381  0.          0.77908057]]",[ -5.68784175   0.         -16.64092283],"[[ 0.77908057  0.          0.62692381]
 [ 0.          1.          0.        ]
 [-0.62692381  0.          0.77908057]]",Bend1_1L6,Bend,True,Bend,0.4,0.4,197.07773963275673
601,-5.446826009280815,0.0,-16.321766408391312,-5.667186747490195,0.0,0.0,[ 0.81619691  0.         -0.57777383],[0. 1. 0.],[0.57777383 0.         0.81619691],[ -5.44682601   0.         -16.32176641],"[[ 0.81619691  0.          0.57777383]
 [ 0.          1.          0.        ]
 [-0.57777383  0.          0.81619691]]",[ -5.44682601   0.         -16.32176641],"[[ 0.81619691  0.          0.57777383]
 [ 0.          1.          0.        ]
 [-0.57777383  0.          0.81619691]]",Drarc::91,Drift,True,,0.4999999999999999,0.4999999999999999,197.47773963275674
602,-5.157939093510586,0.0,-15.913667952259996,-5.667186747490195,0.0,0.0,[ 0.81619691  0.         -0.57777383],[0. 1. 0.],[0.57777383 0.         0.81619691],[ -5.15793909   0.         -15.91366795],"[[ 0.81619691  0.          0.57777383]
 [ 0.          1.          0.        ]
 [-0.57777383  0.          0.81619691]]",[ -5.15793909   0.         -15.91366795],"[[ 0.81619691  0.          0.57777383]
 [ 0.          1.          0.        ]
 [-0.57777383  0.          0.81619691]]",QFA_1L5,Quadrupole,True,QFarc,0.3,0.3,197.97773963275674
603,-4.984606944048448,0.0,-15.668808878581205,-5.667186747490195,0.0,0.0,[ 0.81619691  0.         -0.57777383],[0. 1. 0.],[0.57777383 0.         0.81619691],[ -4.98460694   0.         -15.66880888],"[[ 0.81619691  0.          0.57777383]
 [ 0.          1.          0.        ]
 [-0.57777383  0.          0.81619691]]",[ -4.98460694   0.         -15.66880888],"[[ 0.81619691  0.          0.57777383]
 [ 0.          1.          0.        ]
 [-0.57777383  0.          0.81619691]]",Drarc..1023,DriftSlice,True,,0.19999999999998863,0.19999999999998863,198.27773963275675
604,-4.869052177740363,0.0,-15.505569496128688,-5.667186747490195,0.0,0.0,[ 0.81619691  0.         -0.57777383],[0. 1. 0.],[0.57777383 0.         0.81619691],[ -4.86905218   0.         -15.5055695 ],"[[ 0.81619691  0.          0.57777383]
 [ 0.          1.          0.        ]
 [-0.57777383  0.          0.81619691]]",[ -4.86905218   0.         -15.5055695 ],"[[ 0.81619691  0.          0.57777383]
 [ 0.          1.          0.        ]
 [-0.57777383  0.          0.81619691]]",XF1arc_1L5,Sextupole,True,XF1arc,0.1,0.1,198.47773963275674
605,-4.811274794586317,0.0,-15.423949804902424,-5.667186747490195,0.0,0.0,[ 0.81619691  0.         -0.57777383],[0. 1. 0.],[0.57777383 0.         0.81619691],[ -4.81127479   0.         -15.4239498 ],"[[ 0.81619691  0.          0.57777383]
 [ 0.          1.          0.        ]
 [-0.57777383  0.          0.81619691]]",[ -4.81127479   0.         -15.4239498 ],"[[ 0.81619691  0.          0.57777383]
 [ 0.          1.          0.        ]
 [-0.57777383  0.          0.81619691]]",Drarc..1025,DriftSlice,True,,0.20000000000001694,0.20000000000001694,198.57773963275673
606,-4.695720028278215,0.0,-15.260710422449884,-5.667186747490195,0.0,0.0,[ 0.81619691  0.         -0.57777383],[0. 1. 0.],[0.57777383 0.         0.81619691],[ -4.69572003   0.         -15.26071042],"[[ 0.81619691  0.          0.57777383]
 [ 0.          1.          0.        ]
 [-0.57777383  0.          0.81619691]]",[ -4.69572003   0.         -15.26071042],"[[ 0.81619691  0.          0.57777383]
 [ 0.          1.          0.        ]
 [-0.57777383  0.          0.81619691]]",Bend2_1L5,Bend,True,Bend,0.4,0.4,198.77773963275675
607,-4.474808970253311,0.0,-14.927322184888133,-5.728786603441176,0.0,0.0,[ 0.85021714  0.         -0.52643216],[0. 1. 0.],[0.52643216 0.         0.85021714],[ -4.47480897   0.         -14.92732218],"[[ 0.85021714  0.          0.52643216]
 [ 0.          1.          0.        ]
 [-0.52643216  0.          0.85021714]]",[ -4.47480897   0.         -14.92732218],"[[ 0.85021714  0.          0.52643216]
 [ 0.          1.          0.        ]
 [-0.52643216  0.          0.85021714]]",Drarc::92,Drift,True,,0.4999999999999999,0.4999999999999999,199.17773963275675
608,-4.211592888745026,0.0,-14.502213617066426,-5.728786603441176,0.0,0.0,[ 0.85021714  0.         -0.52643216],[0. 1. 0.],[0.52643216 0.         0.85021714],[ -4.21159289   0.         -14.50221362],"[[ 0.85021714  0.          0.52643216]
 [ 0.          1.          0.        ]
 [-0.52643216  0.          0.85021714]]",[ -4.21159289   0.         -14.50221362],"[[ 0.85021714  0.          0.52643216]
 [ 0.          1.          0.        ]
 [-0.52643216  0.          0.85021714]]",QDA_1L5,Quadrupole,True,QDarc,0.3,0.3,199.67773963275675
609,-4.053663239840054,0.0,-14.2471484763734,-5.728786603441176,0.0,0.0,[ 0.85021714  0.         -0.52643216],[0. 1. 0.],[0.52643216 0.         0.85021714],[ -4.05366324   0.         -14.24714848],"[[ 0.85021714  0.          0.52643216]
 [ 0.          1.          0.        ]
 [-0.52643216  0.          0.85021714]]",[ -4.05366324   0.         -14.24714848],"[[ 0.85021714  0.          0.52643216]
 [ 0.          1.          0.        ]
 [-0.52643216  0.          0.85021714]]",Drarc..978,DriftSlice,True,,0.19999999999998863,0.19999999999998863,199.97773963275677
610,-3.9483768072367456,0.0,-14.077105049244727,-5.728786603441176,0.0,0.0,[ 0.85021714  0.         -0.52643216],[0. 1. 0.],[0.52643216 0.         0.85021714],[ -3.94837681   0.         -14.07710505],"[[ 0.85021714  0.          0.52643216]
 [ 0.          1.          0.        ]
 [-0.52643216  0.          0.85021714]]",[ -3.94837681   0.         -14.07710505],"[[ 0.85021714  0.          0.52643216]
 [ 0.          1.          0.        ]
 [-0.52643216  0.          0.85021714]]",XD1arc_1L5,Sextupole,True,XD1arc,0.1,0.1,200.17773963275675
611,-3.8957335909350883,0.0,-13.992083335680386,-5.728786603441176,0.0,0.0,[ 0.85021714  0.         -0.52643216],[0. 1. 0.],[0.52643216 0.         0.85021714],[ -3.89573359   0.         -13.99208334],"[[ 0.85021714  0.          0.52643216]
 [ 0.          1.          0.        ]
 [-0.52643216  0.          0.85021714]]",[ -3.89573359   0.         -13.99208334],"[[ 0.85021714  0.          0.52643216]
 [ 0.          1.          0.        ]
 [-0.52643216  0.          0.85021714]]",Drarc..980,DriftSlice,True,,0.20000000000001694,0.20000000000001694,200.27773963275675
612,-3.790447158331765,0.0,-13.822039908551687,-5.728786603441176,0.0,0.0,[ 0.85021714  0.         -0.52643216],[0. 1. 0.],[0.52643216 0.         0.85021714],[ -3.79044716   0.         -13.82203991],"[[ 0.85021714  0.          0.52643216]
 [ 0.          1.          0.        ]
 [-0.52643216  0.          0.85021714]]",[ -3.79044716   0.         -13.82203991],"[[ 0.85021714  0.          0.52643216]
 [ 0.          1.          0.        ]
 [-0.52643216  0.          0.85021714]]",Bend1_1L5,Bend,True,Bend,0.4,0.4,200.47773963275677
613,-3.5904787779603753,0.0,-13.475684513972858,-5.790386459392156,0.0,0.0,[ 0.88101219  0.         -0.47309356],[0. 1. 0.],[0.47309356 0.         0.88101219],[ -3.59047878   0.         -13.47568451],"[[ 0.88101219  0.          0.47309356]
 [ 0.          1.          0.        ]
 [-0.47309356  0.          0.88101219]]",[ -3.59047878   0.         -13.47568451],"[[ 0.88101219  0.          0.47309356]
 [ 0.          1.          0.        ]
 [-0.47309356  0.          0.88101219]]",Drarc::93,Drift,True,,0.4999999999999999,0.4999999999999999,200.87773963275677
614,-3.3539319994694656,0.0,-13.035178416869115,-5.790386459392156,0.0,0.0,[ 0.88101219  0.         -0.47309356],[0. 1. 0.],[0.47309356 0.         0.88101219],[ -3.353932     0.         -13.03517842],"[[ 0.88101219  0.          0.47309356]
 [ 0.          1.          0.        ]
 [-0.47309356  0.          0.88101219]]",[ -3.353932     0.         -13.03517842],"[[ 0.88101219  0.          0.47309356]
 [ 0.          1.          0.        ]
 [-0.47309356  0.          0.88101219]]",QFA_1L4,Quadrupole,True,QFarc,0.3,0.3,201.37773963275677
615,-3.2120039323749197,0.0,-12.770874758606869,-5.790386459392156,0.0,0.0,[ 0.88101219  0.         -0.47309356],[0. 1. 0.],[0.47309356 0.         0.88101219],[ -3.21200393   0.         -12.77087476],"[[ 0.88101219  0.          0.47309356]
 [ 0.          1.          0.        ]
 [-0.47309356  0.          0.88101219]]",[ -3.21200393   0.         -12.77087476],"[[ 0.88101219  0.          0.47309356]
 [ 0.          1.          0.        ]
 [-0.47309356  0.          0.88101219]]",Drarc..1038,DriftSlice,True,,0.20000000000001705,0.20000000000001705,201.67773963275678
616,-3.117385220978548,0.0,-12.594672319765357,-5.790386459392156,0.0,0.0,[ 0.88101219  0.         -0.47309356],[0. 1. 0.],[0.47309356 0.         0.88101219],[ -3.11738522   0.         -12.59467232],"[[ 0.88101219  0.          0.47309356]
 [ 0.          1.          0.        ]
 [-0.47309356  0.          0.88101219]]",[ -3.11738522   0.         -12.59467232],"[[ 0.88101219  0.          0.47309356]
 [ 0.          1.          0.        ]
 [-0.47309356  0.          0.88101219]]",XF2arc_1L4,Sextupole,True,XF2arc,0.1,0.1,201.8777396327568
617,-3.070075865280366,0.0,-12.506571100344608,-5.790386459392156,0.0,0.0,[ 0.88101219  0.         -0.47309356],[0. 1. 0.],[0.47309356 0.         0.88101219],[ -3.07007587   0.         -12.5065711 ],"[[ 0.88101219  0.          0.47309356]
 [ 0.          1.          0.        ]
 [-0.47309356  0.          0.88101219]]",[ -3.07007587   0.         -12.5065711 ],"[[ 0.88101219  0.          0.47309356]
 [ 0.          1.          0.        ]
 [-0.47309356  0.          0.88101219]]",Drarc..1040,DriftSlice,True,,0.19999999999998852,0.19999999999998852,201.9777396327568
618,-2.9754571538840078,0.0,-12.33036866150312,-5.790386459392156,0.0,0.0,[ 0.88101219  0.         -0.47309356],[0. 1. 0.],[0.47309356 0.         0.88101219],[ -2.97545715   0.         -12.33036866],"[[ 0.88101219  0.          0.47309356]
 [ 0.          1.          0.        ]
 [-0.47309356  0.          0.88101219]]",[ -2.97545715   0.         -12.33036866],"[[ 0.88101219  0.          0.47309356]
 [ 0.          1.          0.        ]
 [-0.47309356  0.          0.88101219]]",Bend2_1L4,Bend,True,Bend,0.4,0.4,202.17773963275678
619,-2.7971899997271903,0.0,-11.972359954554474,-5.851986315343137,0.0,0.0,[ 0.90846527  0.         -0.41796035],[0. 1. 0.],[0.41796035 0.         0.90846527],[ -2.79719      0.         -11.97235995],"[[ 0.90846527  0.          0.41796035]
 [ 0.          1.          0.        ]
 [-0.41796035  0.          0.90846527]]",[ -2.79719      0.         -11.97235995],"[[ 0.90846527  0.          0.41796035]
 [ 0.          1.          0.        ]
 [-0.41796035  0.          0.90846527]]",Drarc::94,Drift,True,,0.4999999999999999,0.4999999999999999,202.5777396327568
620,-2.5882098272078227,0.0,-11.518127318679666,-5.851986315343137,0.0,0.0,[ 0.90846527  0.         -0.41796035],[0. 1. 0.],[0.41796035 0.         0.90846527],[ -2.58820983   0.         -11.51812732],"[[ 0.90846527  0.          0.41796035]
 [ 0.          1.          0.        ]
 [-0.41796035  0.          0.90846527]]",[ -2.58820983   0.         -11.51812732],"[[ 0.90846527  0.          0.41796035]
 [ 0.          1.          0.        ]
 [-0.41796035  0.          0.90846527]]",QDA_1L4,Quadrupole,True,QDarc,0.3,0.3,203.0777396327568
621,-2.462821723696202,0.0,-11.24558773715478,-5.851986315343137,0.0,0.0,[ 0.90846527  0.         -0.41796035],[0. 1. 0.],[0.41796035 0.         0.90846527],[ -2.46282172   0.         -11.24558774],"[[ 0.90846527  0.          0.41796035]
 [ 0.          1.          0.        ]
 [-0.41796035  0.          0.90846527]]",[ -2.46282172   0.         -11.24558774],"[[ 0.90846527  0.          0.41796035]
 [ 0.          1.          0.        ]
 [-0.41796035  0.          0.90846527]]",Drarc..996,DriftSlice,True,,0.20000000000001705,0.20000000000001705,203.3777396327568
622,-2.379229654688448,0.0,-11.063894682804841,-5.851986315343137,0.0,0.0,[ 0.90846527  0.         -0.41796035],[0. 1. 0.],[0.41796035 0.         0.90846527],[ -2.37922965   0.         -11.06389468],"[[ 0.90846527  0.          0.41796035]
 [ 0.          1.          0.        ]
 [-0.41796035  0.          0.90846527]]",[ -2.37922965   0.         -11.06389468],"[[ 0.90846527  0.          0.41796035]
 [ 0.          1.          0.        ]
 [-0.41796035  0.          0.90846527]]",XD2arc_1L4,Sextupole,True,XD2arc,0.1,0.1,203.57773963275682
623,-2.3374336201845742,0.0,-10.97304815562988,-5.851986315343137,0.0,0.0,[ 0.90846527  0.         -0.41796035],[0. 1. 0.],[0.41796035 0.         0.90846527],[ -2.33743362   0.         -10.97304816],"[[ 0.90846527  0.          0.41796035]
 [ 0.          1.          0.        ]
 [-0.41796035  0.          0.90846527]]",[ -2.33743362   0.         -10.97304816],"[[ 0.90846527  0.          0.41796035]
 [ 0.          1.          0.        ]
 [-0.41796035  0.          0.90846527]]",Drarc..998,DriftSlice,True,,0.19999999999998852,0.19999999999998852,203.6777396327568
624,-2.2538415511768317,0.0,-10.791355101279967,-5.851986315343137,0.0,0.0,[ 0.90846527  0.         -0.41796035],[0. 1. 0.],[0.41796035 0.         0.90846527],[ -2.25384155   0.         -10.7913551 ],"[[ 0.90846527  0.          0.41796035]
 [ 0.          1.          0.        ]
 [-0.41796035  0.          0.90846527]]",[ -2.25384155   0.         -10.7913551 ],"[[ 0.90846527  0.          0.41796035]
 [ 0.          1.          0.        ]
 [-0.41796035  0.          0.90846527]]",Bend1_1L4,Bend,True,Bend,0.4,0.4,203.8777396327568
625,-2.0979518516113838,0.0,-10.423051131614137,-5.913586171294117,0.0,0.0,[ 0.93247223  0.         -0.36124167],[0. 1. 0.],[0.36124167 0.         0.93247223],[ -2.09795185   0.         -10.42305113],"[[ 0.93247223  0.          0.36124167]
 [ 0.          1.          0.        ]
 [-0.36124167  0.          0.93247223]]",[ -2.09795185   0.         -10.42305113],"[[ 0.93247223  0.          0.36124167]
 [ 0.          1.          0.        ]
 [-0.36124167  0.          0.93247223]]",Drarc::95,Drift,True,,0.4999999999999999,0.4999999999999999,204.2777396327568
626,-1.9173310184390027,0.0,-9.956815016942489,-5.913586171294117,0.0,0.0,[ 0.93247223  0.         -0.36124167],[0. 1. 0.],[0.36124167 0.         0.93247223],[-1.91733102  0.         -9.95681502],"[[ 0.93247223  0.          0.36124167]
 [ 0.          1.          0.        ]
 [-0.36124167  0.          0.93247223]]",[-1.91733102  0.         -9.95681502],"[[ 0.93247223  0.          0.36124167]
 [ 0.          1.          0.        ]
 [-0.36124167  0.          0.93247223]]",QFA_1L3,Quadrupole,True,QFarc,0.3,0.3,204.7777396327568
627,-1.8089585185355739,0.0,-9.6770733481395,-5.913586171294117,0.0,0.0,[ 0.93247223  0.         -0.36124167],[0. 1. 0.],[0.36124167 0.         0.93247223],[-1.80895852  0.         -9.67707335],"[[ 0.93247223  0.          0.36124167]
 [ 0.          1.          0.        ]
 [-0.36124167  0.          0.93247223]]",[-1.80895852  0.         -9.67707335],"[[ 0.93247223  0.          0.36124167]
 [ 0.          1.          0.        ]
 [-0.36124167  0.          0.93247223]]",Drarc..1020,DriftSlice,True,,0.19999999999998863,0.19999999999998863,205.07773963275682
628,-1.7367101852666256,0.0,-9.490578902270851,-5.913586171294117,0.0,0.0,[ 0.93247223  0.         -0.36124167],[0. 1. 0.],[0.36124167 0.         0.93247223],[-1.73671019  0.         -9.4905789 ],"[[ 0.93247223  0.          0.36124167]
 [ 0.          1.          0.        ]
 [-0.36124167  0.          0.93247223]]",[-1.73671019  0.         -9.4905789 ],"[[ 0.93247223  0.          0.36124167]
 [ 0.          1.          0.        ]
 [-0.36124167  0.          0.93247223]]",XF1arc_1L3,Sextupole,True,XF1arc,0.1,0.1,205.2777396327568
629,-1.7005860186321493,0.0,-9.39733167933652,-5.913586171294117,0.0,0.0,[ 0.93247223  0.         -0.36124167],[0. 1. 0.],[0.36124167 0.         0.93247223],[-1.70058602  0.         -9.39733168],"[[ 0.93247223  0.          0.36124167]
 [ 0.          1.          0.        ]
 [-0.36124167  0.          0.93247223]]",[-1.70058602  0.         -9.39733168],"[[ 0.93247223  0.          0.36124167]
 [ 0.          1.          0.        ]
 [-0.36124167  0.          0.93247223]]",Drarc..1022,DriftSlice,True,,0.20000000000001694,0.20000000000001694,205.3777396327568
630,-1.6283376853631908,0.0,-9.210837233467846,-5.913586171294117,0.0,0.0,[ 0.93247223  0.         -0.36124167],[0. 1. 0.],[0.36124167 0.         0.93247223],[-1.62833769  0.         -9.21083723],"[[ 0.93247223  0.          0.36124167]
 [ 0.          1.          0.        ]
 [-0.36124167  0.          0.93247223]]",[-1.62833769  0.         -9.21083723],"[[ 0.93247223  0.          0.36124167]
 [ 0.          1.          0.        ]
 [-0.36124167  0.          0.93247223]]",Bend2_1L3,Bend,True,Bend,0.4,0.4,205.57773963275682
631,-1.495416783415792,0.0,-8.833635104195352,-5.975186027245098,0.0,0.0,[ 0.952942    0.         -0.30315267],[0. 1. 0.],[0.30315267 0.         0.952942  ],[-1.49541678  0.         -8.8336351 ],"[[ 0.952942    0.          0.30315267]
 [ 0.          1.          0.        ]
 [-0.30315267  0.          0.952942  ]]",[-1.49541678  0.         -8.8336351 ],"[[ 0.952942    0.          0.30315267]
 [ 0.          1.          0.        ]
 [-0.30315267  0.          0.952942  ]]",Drarc::96,Drift,True,,0.4999999999999999,0.4999999999999999,205.97773963275682
632,-1.3438404462778968,0.0,-8.35716410400766,-5.975186027245098,0.0,0.0,[ 0.952942    0.         -0.30315267],[0. 1. 0.],[0.30315267 0.         0.952942  ],[-1.34384045  0.         -8.3571641 ],"[[ 0.952942    0.          0.30315267]
 [ 0.          1.          0.        ]
 [-0.30315267  0.          0.952942  ]]",[-1.34384045  0.         -8.3571641 ],"[[ 0.952942    0.          0.30315267]
 [ 0.          1.          0.        ]
 [-0.30315267  0.          0.952942  ]]",QDA_1L3,Quadrupole,True,QDarc,0.3,0.3,206.47773963275682
633,-1.2528946439951596,0.0,-8.071281503895046,-5.975186027245098,0.0,0.0,[ 0.952942    0.         -0.30315267],[0. 1. 0.],[0.30315267 0.         0.952942  ],[-1.25289464  0.         -8.0712815 ],"[[ 0.952942    0.          0.30315267]
 [ 0.          1.          0.        ]
 [-0.30315267  0.          0.952942  ]]",[-1.25289464  0.         -8.0712815 ],"[[ 0.952942    0.          0.30315267]
 [ 0.          1.          0.        ]
 [-0.30315267  0.          0.952942  ]]",Drarc..975,DriftSlice,True,,0.19999999999998863,0.19999999999998863,206.77773963275683
634,-1.192264109140005,0.0,-7.88069310381998,-5.975186027245098,0.0,0.0,[ 0.952942    0.         -0.30315267],[0. 1. 0.],[0.30315267 0.         0.952942  ],[-1.19226411  0.         -7.8806931 ],"[[ 0.952942    0.          0.30315267]
 [ 0.          1.          0.        ]
 [-0.30315267  0.          0.952942  ]]",[-1.19226411  0.         -7.8806931 ],"[[ 0.952942    0.          0.30315267]
 [ 0.          1.          0.        ]
 [-0.30315267  0.          0.952942  ]]",XD1arc_1L3,Sextupole,True,XD1arc,0.1,0.1,206.97773963275682
635,-1.161948841712426,0.0,-7.785398903782442,-5.975186027245098,0.0,0.0,[ 0.952942    0.         -0.30315267],[0. 1. 0.],[0.30315267 0.         0.952942  ],[-1.16194884  0.         -7.7853989 ],"[[ 0.952942    0.          0.30315267]
 [ 0.          1.          0.        ]
 [-0.30315267  0.          0.952942  ]]",[-1.16194884  0.         -7.7853989 ],"[[ 0.952942    0.          0.30315267]
 [ 0.          1.          0.        ]
 [-0.30315267  0.          0.952942  ]]",Drarc..977,DriftSlice,True,,0.20000000000001694,0.20000000000001694,207.07773963275682
636,-1.1013183068572627,0.0,-7.594810503707349,-5.975186027245098,0.0,0.0,[ 0.952942    0.         -0.30315267],[0. 1. 0.],[0.30315267 0.         0.952942  ],[-1.10131831  0.         -7.5948105 ],"[[ 0.952942    0.          0.30315267]
 [ 0.          1.          0.        ]
 [-0.30315267  0.          0.952942  ]]",[-1.10131831  0.         -7.5948105 ],"[[ 0.952942    0.          0.30315267]
 [ 0.          1.          0.        ]
 [-0.30315267  0.          0.952942  ]]",Bend1_1L3,Bend,True,Bend,0.4,0.4,207.27773963275683
637,-0.9918704170378239,0.0,-7.210141071705941,-6.036785883196078,0.0,0.0,[ 0.96979694  0.         -0.24391372],[0. 1. 0.],[0.24391372 0.         0.96979694],[-0.99187042  0.         -7.21014107],"[[ 0.96979694  0.          0.24391372]
 [ 0.          1.          0.        ]
 [-0.24391372  0.          0.96979694]]",[-0.99187042  0.         -7.21014107],"[[ 0.96979694  0.          0.24391372]
 [ 0.          1.          0.        ]
 [-0.24391372  0.          0.96979694]]",Drarc::97,Drift,True,,0.4999999999999999,0.4999999999999999,207.67773963275684
638,-0.8699135568999687,0.0,-6.7252426037094795,-6.036785883196078,0.0,0.0,[ 0.96979694  0.         -0.24391372],[0. 1. 0.],[0.24391372 0.         0.96979694],[-0.86991356  0.         -6.7252426 ],"[[ 0.96979694  0.          0.24391372]
 [ 0.          1.          0.        ]
 [-0.24391372  0.          0.96979694]]",[-0.86991356  0.         -6.7252426 ],"[[ 0.96979694  0.          0.24391372]
 [ 0.          1.          0.        ]
 [-0.24391372  0.          0.96979694]]",QFA_1L2,Quadrupole,True,QFarc,0.3,0.3,208.17773963275684
639,-0.7967394408172557,0.0,-6.434303522911602,-6.036785883196078,0.0,0.0,[ 0.96979694  0.         -0.24391372],[0. 1. 0.],[0.24391372 0.         0.96979694],[-0.79673944  0.         -6.43430352],"[[ 0.96979694  0.          0.24391372]
 [ 0.          1.          0.        ]
 [-0.24391372  0.          0.96979694]]",[-0.79673944  0.         -6.43430352],"[[ 0.96979694  0.          0.24391372]
 [ 0.          1.          0.        ]
 [-0.24391372  0.          0.96979694]]",Drarc..1035,DriftSlice,True,,0.20000000000001705,0.20000000000001705,208.47773963275685
640,-0.7479566967621095,0.0,-6.240344135713,-6.036785883196078,0.0,0.0,[ 0.96979694  0.         -0.24391372],[0. 1. 0.],[0.24391372 0.         0.96979694],[-0.7479567   0.         -6.24034414],"[[ 0.96979694  0.          0.24391372]
 [ 0.          1.          0.        ]
 [-0.24391372  0.          0.96979694]]",[-0.7479567   0.         -6.24034414],"[[ 0.96979694  0.          0.24391372]
 [ 0.          1.          0.        ]
 [-0.24391372  0.          0.96979694]]",XF2arc_1L2,Sextupole,True,XF2arc,0.1,0.1,208.67773963275687
641,-0.7235653247345385,0.0,-6.1433644421137075,-6.036785883196078,0.0,0.0,[ 0.96979694  0.         -0.24391372],[0. 1. 0.],[0.24391372 0.         0.96979694],[-0.72356532  0.         -6.14336444],"[[ 0.96979694  0.          0.24391372]
 [ 0.          1.          0.        ]
 [-0.24391372  0.          0.96979694]]",[-0.72356532  0.         -6.14336444],"[[ 0.96979694  0.          0.24391372]
 [ 0.          1.          0.        ]
 [-0.24391372  0.          0.96979694]]",Drarc..1037,DriftSlice,True,,0.19999999999998852,0.19999999999998852,208.77773963275686
642,-0.6747825806793992,0.0,-5.949405054915134,-6.036785883196078,0.0,0.0,[ 0.96979694  0.         -0.24391372],[0. 1. 0.],[0.24391372 0.         0.96979694],[-0.67478258  0.         -5.94940505],"[[ 0.96979694  0.          0.24391372]
 [ 0.          1.          0.        ]
 [-0.24391372  0.          0.96979694]]",[-0.67478258  0.         -5.94940505],"[[ 0.96979694  0.          0.24391372]
 [ 0.          1.          0.        ]
 [-0.24391372  0.          0.96979694]]",Bend2_1L2,Bend,True,Bend,0.4,0.4,208.97773963275685
643,-0.58922287632272,0.0,-5.5587275030995595,-6.098385739147058,0.0,0.0,[ 0.9829731   0.         -0.18374952],[0. 1. 0.],[0.18374952 0.         0.9829731 ],[-0.58922288  0.         -5.5587275 ],"[[ 0.9829731   0.          0.18374952]
 [ 0.          1.          0.        ]
 [-0.18374952  0.          0.9829731 ]]",[-0.58922288  0.         -5.5587275 ],"[[ 0.9829731   0.          0.18374952]
 [ 0.          1.          0.        ]
 [-0.18374952  0.          0.9829731 ]]",Drarc::98,Drift,True,,0.4999999999999999,0.4999999999999999,209.37773963275686
644,-0.4973481173287662,0.0,-5.067240953273623,-6.098385739147058,0.0,0.0,[ 0.9829731   0.         -0.18374952],[0. 1. 0.],[0.18374952 0.         0.9829731 ],[-0.49734812  0.         -5.06724095],"[[ 0.9829731   0.          0.18374952]
 [ 0.          1.          0.        ]
 [-0.18374952  0.          0.9829731 ]]",[-0.49734812  0.         -5.06724095],"[[ 0.9829731   0.          0.18374952]
 [ 0.          1.          0.        ]
 [-0.18374952  0.          0.9829731 ]]",QDA_1L2,Quadrupole,True,QDarc,0.3,0.3,209.87773963275686
645,-0.4422232619323939,0.0,-4.7723490233780606,-6.098385739147058,0.0,0.0,[ 0.9829731   0.         -0.18374952],[0. 1. 0.],[0.18374952 0.         0.9829731 ],[-0.44222326  0.         -4.77234902],"[[ 0.9829731   0.          0.18374952]
 [ 0.          1.          0.        ]
 [-0.18374952  0.          0.9829731 ]]",[-0.44222326  0.         -4.77234902],"[[ 0.9829731   0.          0.18374952]
 [ 0.          1.          0.        ]
 [-0.18374952  0.          0.9829731 ]]",Drarc..993,DriftSlice,True,,0.20000000000001705,0.20000000000001705,210.17773963275687
646,-0.40547335833480924,0.0,-4.575754403447669,-6.098385739147058,0.0,0.0,[ 0.9829731   0.         -0.18374952],[0. 1. 0.],[0.18374952 0.         0.9829731 ],[-0.40547336  0.         -4.5757544 ],"[[ 0.9829731   0.          0.18374952]
 [ 0.          1.          0.        ]
 [-0.18374952  0.          0.9829731 ]]",[-0.40547336  0.         -4.5757544 ],"[[ 0.9829731   0.          0.18374952]
 [ 0.          1.          0.        ]
 [-0.18374952  0.          0.9829731 ]]",XD2arc_1L2,Sextupole,True,XD2arc,0.1,0.1,210.37773963275689
647,-0.38709840653601846,0.0,-4.4774570934824816,-6.098385739147058,0.0,0.0,[ 0.9829731   0.         -0.18374952],[0. 1. 0.],[0.18374952 0.         0.9829731 ],[-0.38709841  0.         -4.47745709],"[[ 0.9829731   0.          0.18374952]
 [ 0.          1.          0.        ]
 [-0.18374952  0.          0.9829731 ]]",[-0.38709841  0.         -4.47745709],"[[ 0.9829731   0.          0.18374952]
 [ 0.          1.          0.        ]
 [-0.18374952  0.          0.9829731 ]]",Drarc..995,DriftSlice,True,,0.19999999999998852,0.19999999999998852,210.47773963275688
648,-0.35034850293843905,0.0,-4.280862473552118,-6.098385739147058,0.0,0.0,[ 0.9829731   0.         -0.18374952],[0. 1. 0.],[0.18374952 0.         0.9829731 ],[-0.3503485   0.         -4.28086247],"[[ 0.9829731   0.          0.18374952]
 [ 0.          1.          0.        ]
 [-0.18374952  0.          0.9829731 ]]",[-0.3503485   0.         -4.28086247],"[[ 0.9829731   0.          0.18374952]
 [ 0.          1.          0.        ]
 [-0.18374952  0.          0.9829731 ]]",Bend1_1L2,Bend,True,Bend,0.4,0.4,210.67773963275687
649,-0.2890015413095414,0.0,-3.885658775693513,-6.159985595098038,0.0,0.0,[ 0.99242051  0.         -0.12288829],[0. 1. 0.],[0.12288829 0.         0.99242051],[-0.28900154  0.         -3.88565878],"[[ 0.99242051  0.          0.12288829]
 [ 0.          1.          0.        ]
 [-0.12288829  0.          0.99242051]]",[-0.28900154  0.         -3.88565878],"[[ 0.99242051  0.          0.12288829]
 [ 0.          1.          0.        ]
 [-0.12288829  0.          0.99242051]]",Drarc::99,Drift,True,,0.4999999999999999,0.4999999999999999,211.07773963275687
650,-0.22755739588981871,0.0,-3.3894485208683633,-6.159985595098038,0.0,0.0,[ 0.99242051  0.         -0.12288829],[0. 1. 0.],[0.12288829 0.         0.99242051],[-0.2275574   0.         -3.38944852],"[[ 0.99242051  0.          0.12288829]
 [ 0.          1.          0.        ]
 [-0.12288829  0.          0.99242051]]",[-0.2275574   0.         -3.38944852],"[[ 0.99242051  0.          0.12288829]
 [ 0.          1.          0.        ]
 [-0.12288829  0.          0.99242051]]",QFA_1L1,Quadrupole,True,QFarc,0.3,0.3,211.57773963275687
651,-0.1906909086379851,0.0,-3.0917223679732735,-6.159985595098038,0.0,0.0,[ 0.99242051  0.         -0.12288829],[0. 1. 0.],[0.12288829 0.         0.99242051],[-0.19069091  0.         -3.09172237],"[[ 0.99242051  0.          0.12288829]
 [ 0.          1.          0.        ]
 [-0.12288829  0.          0.99242051]]",[-0.19069091  0.         -3.09172237],"[[ 0.99242051  0.          0.12288829]
 [ 0.          1.          0.        ]
 [-0.12288829  0.          0.99242051]]",Drarc..1017,DriftSlice,True,,0.19999999999998863,0.19999999999998863,211.87773963275689
652,-0.16611325047009742,0.0,-2.893238266043225,-6.159985595098038,0.0,0.0,[ 0.99242051  0.         -0.12288829],[0. 1. 0.],[0.12288829 0.         0.99242051],[-0.16611325  0.         -2.89323827],"[[ 0.99242051  0.          0.12288829]
 [ 0.          1.          0.        ]
 [-0.12288829  0.          0.99242051]]",[-0.16611325  0.         -2.89323827],"[[ 0.99242051  0.          0.12288829]
 [ 0.          1.          0.        ]
 [-0.12288829  0.          0.99242051]]",XF1arc_1L1,Sextupole,True,XF1arc,0.1,0.1,212.07773963275687
653,-0.15382442138615288,0.0,-2.793996215078195,-6.159985595098038,0.0,0.0,[ 0.99242051  0.         -0.12288829],[0. 1. 0.],[0.12288829 0.         0.99242051],[-0.15382442  0.         -2.79399622],"[[ 0.99242051  0.          0.12288829]
 [ 0.          1.          0.        ]
 [-0.12288829  0.          0.99242051]]",[-0.15382442  0.         -2.79399622],"[[ 0.99242051  0.          0.12288829]
 [ 0.          1.          0.        ]
 [-0.12288829  0.          0.99242051]]",Drarc..1019,DriftSlice,True,,0.20000000000001694,0.20000000000001694,212.17773963275687
654,-0.1292467632182617,0.0,-2.5955121131481187,-6.159985595098038,0.0,0.0,[ 0.99242051  0.         -0.12288829],[0. 1. 0.],[0.12288829 0.         0.99242051],[-0.12924676  0.         -2.59551211],"[[ 0.99242051  0.          0.12288829]
 [ 0.          1.          0.        ]
 [-0.12288829  0.          0.99242051]]",[-0.12924676  0.         -2.59551211],"[[ 0.99242051  0.          0.12288829]
 [ 0.          1.          0.        ]
 [-0.12288829  0.          0.99242051]]",Bend2_1L1,Bend,True,Bend,0.4,0.4,212.37773963275689
655,-0.09234525435551483,0.0,-2.1972814122398816,-6.221585451049019,0.0,0.0,[ 0.99810333  0.         -0.06156091],[0. 1. 0.],[0.06156091 0.         0.99810333],[-0.09234525  0.         -2.19728141],"[[ 0.99810333  0.          0.06156091]
 [ 0.          1.          0.        ]
 [-0.06156091  0.          0.99810333]]",[-0.09234525  0.         -2.19728141],"[[ 0.99810333  0.          0.06156091]
 [ 0.          1.          0.        ]
 [-0.06156091  0.          0.99810333]]",Drarc::100,Drift,True,,0.4999999999999999,0.4999999999999999,212.7777396327569
656,-0.06156480119979882,0.0,-1.6982297478768331,-6.221585451049019,0.0,0.0,[ 0.99810333  0.         -0.06156091],[0. 1. 0.],[0.06156091 0.         0.99810333],[-0.0615648   0.         -1.69822975],"[[ 0.99810333  0.          0.06156091]
 [ 0.          1.          0.        ]
 [-0.06156091  0.          0.99810333]]",[-0.0615648   0.         -1.69822975],"[[ 0.99810333  0.          0.06156091]
 [ 0.          1.          0.        ]
 [-0.06156091  0.          0.99810333]]",QDA_1L1,Quadrupole,True,QDarc,0.3,0.3,213.2777396327569
657,-0.04309652930636921,0.0,-1.398798749259004,-6.221585451049019,0.0,0.0,[ 0.99810333  0.         -0.06156091],[0. 1. 0.],[0.06156091 0.         0.99810333],[-0.04309653  0.         -1.39879875],"[[ 0.99810333  0.          0.06156091]
 [ 0.          1.          0.        ]
 [-0.06156091  0.          0.99810333]]",[-0.04309653  0.         -1.39879875],"[[ 0.99810333  0.          0.06156091]
 [ 0.          1.          0.        ]
 [-0.06156091  0.          0.99810333]]",Drarc..972,DriftSlice,True,,0.19999999999998863,0.19999999999998863,213.5777396327569
658,-0.030784348044083504,0.0,-1.199178083513796,-6.221585451049019,0.0,0.0,[ 0.99810333  0.         -0.06156091],[0. 1. 0.],[0.06156091 0.         0.99810333],[-0.03078435  0.         -1.19917808],"[[ 0.99810333  0.          0.06156091]
 [ 0.          1.          0.        ]
 [-0.06156091  0.          0.99810333]]",[-0.03078435  0.         -1.19917808],"[[ 0.99810333  0.          0.06156091]
 [ 0.          1.          0.        ]
 [-0.06156091  0.          0.99810333]]",XD1arc_1L1,Sextupole,True,XD1arc,0.1,0.1,213.7777396327569
659,-0.0246282574129403,0.0,-1.0993677506411863,-6.221585451049019,0.0,0.0,[ 0.99810333  0.         -0.06156091],[0. 1. 0.],[0.06156091 0.         0.99810333],[-0.02462826  0.         -1.09936775],"[[ 0.99810333  0.          0.06156091]
 [ 0.          1.          0.        ]
 [-0.06156091  0.          0.99810333]]",[-0.02462826  0.         -1.09936775],"[[ 0.99810333  0.          0.06156091]
 [ 0.          1.          0.        ]
 [-0.06156091  0.          0.99810333]]",Drarc..974,DriftSlice,True,,0.20000000000001694,0.20000000000001694,213.87773963275689
660,-0.01231607615065285,0.0,-0.89974708489595,-6.221585451049019,0.0,0.0,[ 0.99810333  0.         -0.06156091],[0. 1. 0.],[0.06156091 0.         0.99810333],[-0.01231608  0.         -0.89974708],"[[ 0.99810333  0.          0.06156091]
 [ 0.          1.          0.        ]
 [-0.06156091  0.          0.99810333]]",[-0.01231608  0.         -0.89974708],"[[ 0.99810333  0.          0.06156091]
 [ 0.          1.          0.        ]
 [-0.06156091  0.          0.99810333]]",Bend1_1L1,Bend,True,Bend,0.4,0.4,214.0777396327569
661,-1.1688808948528973e-10,0.0,-0.5000000063908734,-6.283185306999999,0.0,0.0,[ 1.00000000e+00  0.00000000e+00 -1.79586927e-10],[0. 1. 0.],[1.79587164e-10 0.00000000e+00 1.00000000e+00],[-1.16888089e-10  0.00000000e+00 -5.00000006e-01],"[[ 1.00000000e+00  0.00000000e+00  1.79587164e-10]
 [ 0.00000000e+00  1.00000000e+00  0.00000000e+00]
 [-1.79586927e-10  0.00000000e+00  1.00000000e+00]]",[-1.16888089e-10  0.00000000e+00 -5.00000006e-01],"[[ 1.00000000e+00  0.00000000e+00  1.79587164e-10]
 [ 0.00000000e+00  1.00000000e+00  0.00000000e+00]
 [-1.79586927e-10  0.00000000e+00  1.00000000e+00]]",Drarc::101,Drift,True,,0.4999999999999999,0.4999999999999999,214.4777396327569
662,-2.709450727135858e-11,0.0,-6.390873386052931e-09,-6.283185306999999,0.0,0.0,[ 1.00000000e+00  0.00000000e+00 -1.79586927e-10],[0. 1. 0.],[1.79587164e-10 0.00000000e+00 1.00000000e+00],[-2.70945073e-11  0.00000000e+00 -6.39087339e-09],"[[ 1.00000000e+00  0.00000000e+00  1.79587164e-10]
 [ 0.00000000e+00  1.00000000e+00  0.00000000e+00]
 [-1.79586927e-10  0.00000000e+00  1.00000000e+00]]",[-2.70945073e-11  0.00000000e+00 -6.39087339e-09],"[[ 1.00000000e+00  0.00000000e+00  1.79587164e-10]
 [ 0.00000000e+00  1.00000000e+00  0.00000000e+00]
 [-1.79586927e-10  0.00000000e+00  1.00000000e+00]]",_end_point,,False,,0.0,0.0,214.9777396327569
